<?xml version='1.0' encoding='utf-8'?>
<kml xmlns="http://www.opengis.net/kml/2.2">
  <Document>
    <Placemark>
      <name>AC231-2025-02-16</name>
      <TimeStamp>
        <when>2025-02-16</when>
      </TimeStamp>
      <LineString>
        <altitudeMode>absolute</altitudeMode>
        <coordinates>
          -113.583,53.304256,0
          -113.583206,53.304127,0
          -113.583672,53.304234,0
          -113.583931,53.304291,0
          -113.584274,53.304489,0
          -113.584557,53.304665,0
          -113.584839,53.30484,0
          -113.58506,53.304977,0
          -113.585281,53.305107,0
          -113.585701,53.305355,0
          -113.58593,53.305489,0
          -113.586174,53.305607,0
          -113.586456,53.30571,0
          -113.586678,53.305782,0
          -113.586937,53.305828,0
          -113.587143,53.305874,0
          -113.587349,53.305916,0
          -113.587624,53.305954,0
          -113.587898,53.306007,0
          -113.588234,53.30611,0
          -113.588493,53.306259,0
          -113.588638,53.306469,0
          -113.588699,53.306713,0
          -113.588722,53.306934,0
          -113.588768,53.307175,0
          -113.588875,53.307411,0
          -113.589096,53.307484,0
          -113.589325,53.307457,0
          -113.589546,53.3074,0
          -113.589767,53.307312,0
          -113.590027,53.30727,0
          -113.590271,53.307247,0
          -113.590515,53.307236,0
          -113.590805,53.30722,0
          -113.591042,53.307209,0
          -113.591301,53.307201,0
          -113.591553,53.307209,0
          -113.591927,53.307198,0
          -113.592201,53.307198,0
          -113.592415,53.307236,0
          -113.592628,53.307312,0
          -113.592842,53.307369,0
          -113.593056,53.307411,0
          -113.593277,53.307426,0
          -113.593491,53.307404,0
          -113.593727,53.307362,0
          -113.593948,53.307247,0
          -113.594177,53.307037,0
          -113.594513,53.306763,0
          -113.595123,53.306225,0
          -113.595238,53.305996,0
          -113.594475,53.305534,0
          -113.592651,53.304451,0
          -113.589264,53.302452,601.98
          -113.583611,53.299053,601.98
          -113.576096,53.294491,609.6
          -113.570694,53.291245,670.56
          -113.563164,53.286713,807.72
          -113.557518,53.283318,876.3
          -113.550163,53.278896,967.74
          -113.54229,53.27417,1059.18
          -113.535851,53.270325,1112.52
          -113.529968,53.266747,1158.24
          -113.521408,53.261719,1234.44
          -113.512436,53.256317,1303.02
          -113.502907,53.250546,1371.6
          -113.493538,53.244961,1432.56
          -113.483192,53.238815,1516.38
          -113.475197,53.23402,1577.34
          -113.459282,53.224056,1699.26
          -113.454163,53.220291,1737.36
          -113.45153,53.217819,1760.22
          -113.450081,53.216217,1775.46
          -113.44796,53.21347,1798.32
          -113.446709,53.211319,1821.18
          -113.445534,53.208618,1836.42
          -113.444664,53.206055,1859.28
          -113.444275,53.203674,1882.14
          -113.444099,53.200874,1905
          -113.444275,53.197952,1927.86
          -113.44474,53.195709,1943.1
          -113.44561,53.192871,1965.96
          -113.446396,53.19104,1981.2
          -113.447884,53.188385,1996.44
          -113.449532,53.186005,2011.68
          -113.45153,53.183651,2026.92
          -113.454193,53.181137,2042.16
          -113.456047,53.179596,2057.4
          -113.45961,53.176994,2072.64
          -113.463081,53.1749,2095.5
          -113.465935,53.173416,2118.36
          -113.469933,53.171539,2148.84
          -113.473175,53.170338,2171.7
          -113.47641,53.16922,2194.56
          -113.48085,53.167915,2225.04
          -113.486023,53.166733,2255.52
          -113.489708,53.166,2278.38
          -113.494972,53.165085,2316.48
          -113.498497,53.164581,2331.72
          -113.502663,53.16394,2362.2
          -113.507446,53.163254,2392.68
          -113.511467,53.162609,2423.16
          -113.516159,53.16188,2453.64
          -113.521004,53.161072,2491.74
          -113.525932,53.160187,2522.22
          -113.530693,53.159351,2545.08
          -113.534004,53.158745,2567.94
          -113.56144,53.153229,2712.72
          -113.588531,53.147526,2887.98
          -113.620132,53.140869,3025.14
          -113.648232,53.135143,3086.1
          -113.678207,53.129288,3147.06
          -113.70874,53.123367,3215.64
          -113.740906,53.117111,3284.22
          -113.773392,53.110657,3360.42
          -113.806969,53.104,3474.72
          -113.842026,53.09697,3596.64
          -113.876419,53.090057,3733.8
          -113.928299,53.076004,3924.3
          -113.934555,53.073853,3947.16
          -113.939369,53.072159,3970.02
          -113.944397,53.070282,3992.88
          -113.950424,53.067993,4023.36
          -113.954353,53.066479,4046.22
          -113.960869,53.064011,4076.7
          -113.9655,53.062241,4099.56
          -114.04287,53.033333,4488.18
          -114.118881,53.004959,4869.18
          -114.195938,52.976028,5181.6
          -114.275467,52.946003,5494.02
          -114.354492,52.915974,5836.92
          -114.437561,52.884338,6179.82
          -114.517136,52.853989,6477
          -114.596741,52.823521,6736.08
          -114.685898,52.789352,7056.12
          -114.767738,52.757839,7269.48
          -114.854584,52.724258,7673.34
          -114.934647,52.693363,8046.72
          -115.017929,52.661133,8336.28
          -115.099716,52.629272,8465.82
          -115.183258,52.596451,8534.4
          -115.269852,52.562302,8694.42
          -115.362801,52.525681,8839.2
          -115.457756,52.488022,9044.94
          -115.54863,52.451851,9425.94
          -115.638634,52.416096,9867.9
          -115.722679,52.382813,10119.36
          -115.801865,52.351158,10287
          -115.886536,52.317169,10363.2
          -115.968933,52.283794,10363.2
          -116.052979,52.249626,10363.2
          -116.13945,52.214539,10363.2
          -116.224205,52.179939,10363.2
          -116.308411,52.145535,10363.2
          -116.391602,52.111404,10363.2
          -116.472343,52.078083,10363.2
          -116.557693,52.042923,10363.2
          -116.642082,52.008022,10363.2
          -116.725769,51.973251,10363.2
          -116.808701,51.938736,10363.2
          -116.892166,51.903717,10363.2
          -116.98175,51.86618,10363.2
          -117.063065,51.831959,10363.2
          -117.15078,51.794769,10363.2
          -117.236069,51.75856,10363.2
          -117.319656,51.723038,10363.2
          -117.402725,51.686672,10363.2
          -117.484749,51.648376,10363.2
          -117.56752,51.610016,10363.2
          -117.652588,51.570801,10363.2
          -117.734299,51.533047,10363.2
          -117.817307,51.494568,10363.2
          -117.903366,51.454514,10363.2
          -117.985962,51.415878,10363.2
          -118.069695,51.37674,10363.2
          -118.158417,51.335014,10363.2
          -118.240509,51.296238,10363.2
          -118.32238,51.257584,10363.2
          -118.407822,51.217098,10363.2
          -118.491409,51.177292,10363.2
          -118.572388,51.138657,10363.2
          -118.655685,51.09874,10363.2
          -118.740456,51.058044,10363.2
          -118.819351,51.019951,10363.2
          -118.899834,50.980865,10363.2
          -118.984222,50.939926,10363.2
          -119.063187,50.901615,10363.2
          -119.143761,50.862305,10363.2
          -119.222641,50.823593,10363.2
          -119.30275,50.784161,10363.2
          -119.384918,50.74366,10363.2
          -119.46312,50.70507,10363.2
          -119.543541,50.6651,10363.2
          -119.626938,50.623604,10363.2
          -119.706886,50.583847,10363.2
          -119.789055,50.542694,10363.2
          -119.873756,50.499962,10363.2
          -119.952415,50.460342,10363.2
          -120.033653,50.419331,10363.2
          -120.11731,50.376968,10363.2
          -120.202499,50.333588,10363.2
          -120.282944,50.29248,10363.2
          -120.361946,50.252014,10363.2
          -120.444153,50.209942,10363.2
          -120.527,50.167297,10363.2
          -120.606949,50.126007,10363.2
          -120.688454,50.083832,10363.2
          -120.771118,50.040848,10363.2
          -120.848648,50.000362,10363.2
          -120.929039,49.95837,10363.2
          -121.011726,49.922745,10363.2
          -121.104828,49.887131,10363.2
          -121.195175,49.852432,10363.2
          -121.285233,49.818008,10226.04
          -121.37117,49.785187,10058.4
          -121.458267,49.751541,9685.02
          -121.545509,49.717575,9227.82
          -121.631493,49.683666,8724.9
          -121.70929,49.653687,8359.14
          -121.789612,49.622684,7978.14
          -121.870743,49.591213,7612.38
          -121.947662,49.56102,7246.62
          -122.023361,49.531071,6888.48
          -122.09819,49.501369,6522.72
          -122.170502,49.472168,6164.58
          -122.241165,49.443878,5798.82
          -122.310577,49.416412,5440.68
          -122.384079,49.387131,5044.44
          -122.45607,49.35836,4655.82
          -122.525383,49.33057,4427.22
          -122.591156,49.304352,4335.78
          -122.650864,49.28183,4251.96
          -122.658974,49.279724,4236.72
          -122.66394,49.278522,4221.48
          -122.667778,49.277683,4206.24
          -122.672005,49.27684,4191
          -122.67717,49.275871,4175.76
          -122.68045,49.27533,4168.14
          -122.685486,49.274521,4152.9
          -122.689468,49.273865,4137.66
          -122.694588,49.273075,4122.42
          -122.69841,49.272446,4114.8
          -122.702179,49.27182,4099.56
          -122.70665,49.271118,4091.94
          -122.77063,49.260738,3893.82
          -122.83358,49.2505,3726.18
          -122.895599,49.241684,3596.64
          -122.899193,49.241592,3589.02
          -122.902679,49.241512,3573.78
          -122.906448,49.241547,3566.16
          -122.911163,49.241638,3550.92
          -122.915039,49.241821,3543.3
          -122.918724,49.242027,3528.06
          -122.922485,49.242352,3512.82
          -122.926804,49.242828,3497.58
          -122.93074,49.243286,3489.96
          -122.935707,49.243935,3474.72
          -122.939323,49.2444,3459.48
          -122.94352,49.244911,3451.86
          -122.947296,49.245392,3436.62
          -122.951241,49.24585,3429
          -122.954758,49.246262,3413.76
          -122.959267,49.246811,3390.9
          -122.986099,49.250198,3230.88
          -123.012474,49.253479,3093.72
          -123.035957,49.256332,2948.94
          -123.063065,49.25967,2796.54
          -123.084976,49.262375,2674.62
          -123.1073,49.265167,2560.32
          -123.130356,49.268047,2438.4
          -123.153145,49.270935,2324.1
          -123.176315,49.273865,2202.18
          -123.198227,49.276615,2087.88
          -123.220047,49.279312,1973.58
          -123.245476,49.282425,1889.76
          -123.267166,49.28508,1813.56
          -123.287056,49.287506,1737.36
          -123.307938,49.29007,1668.78
          -123.326523,49.292351,1577.34
          -123.348999,49.295151,1447.8
          -123.361183,49.296707,1371.6
          -123.373932,49.298355,1303.02
          -123.384003,49.299591,1257.3
          -123.396271,49.301056,1203.96
          -123.409065,49.302498,1150.62
          -123.415199,49.302979,1135.38
          -123.418167,49.303055,1127.76
          -123.421043,49.302979,1120.14
          -123.424385,49.302685,1104.9
          -123.427101,49.302292,1097.28
          -123.429665,49.301754,1089.66
          -123.432266,49.301006,1089.66
          -123.435272,49.299957,1074.42
          -123.437386,49.298996,1066.8
          -123.440071,49.297562,1059.18
          -123.442314,49.296074,1043.94
          -123.444046,49.294678,1036.32
          -123.445488,49.293327,1028.7
          -123.447006,49.291836,1013.46
          -123.448929,49.289749,998.22
          -123.450333,49.288158,982.98
          -123.451561,49.286762,975.36
          -123.452866,49.28532,960.12
          -123.454674,49.283318,952.5
          -123.456047,49.28178,937.26
          -123.457245,49.280502,929.64
          -123.459,49.278625,914.4
          -123.460411,49.277115,906.78
          -123.46196,49.275421,891.54
          -123.463791,49.273499,883.92
          -123.46949,49.267399,838.2
          -123.475128,49.261391,815.34
          -123.479248,49.257156,784.86
          -123.485023,49.251198,754.38
          -123.488228,49.247223,739.14
          -123.489143,49.245472,731.52
          -123.489639,49.244064,723.9
          -123.489868,49.242352,716.28
          -123.489853,49.240814,716.28
          -123.489578,49.239372,708.66
          -123.489143,49.238159,708.66
          -123.488228,49.236557,701.04
          -123.487175,49.235321,693.42
          -123.486038,49.234158,693.42
          -123.484741,49.233135,685.8
          -123.482948,49.231979,685.8
          -123.481705,49.231228,678.18
          -123.479782,49.23024,670.56
          -123.477875,49.229225,670.56
          -123.476189,49.228409,662.94
          -123.474358,49.227493,662.94
          -123.47274,49.226665,655.32
          -123.471466,49.226028,655.32
          -123.469345,49.224987,647.7
          -123.467972,49.224289,647.7
          -123.465942,49.223267,640.08
          -123.463852,49.222382,640.08
          -123.462173,49.221771,632.46
          -123.460197,49.221222,632.46
          -123.458359,49.220753,624.84
          -123.455833,49.220215,624.84
          -123.454216,49.219894,617.22
          -123.45182,49.219391,617.22
          -123.449898,49.218983,609.6
          -123.447807,49.218567,609.6
          -123.445778,49.218098,601.98
          -123.443863,49.217651,601.98
          -123.441681,49.217148,601.98
          -123.439491,49.216656,609.6
          -123.437614,49.216282,609.6
          -123.435661,49.215862,609.6
          -123.43335,49.215397,609.6
          -123.431259,49.215042,609.6
          -123.429352,49.214722,609.6
          -123.427063,49.214375,609.6
          -123.422874,49.21376,609.6
          -123.420479,49.213444,609.6
          -123.41851,49.213211,609.6
          -123.416534,49.212982,609.6
          -123.414192,49.212746,609.6
          -123.412102,49.212479,609.6
          -123.410126,49.212296,609.6
          -123.407837,49.212048,617.22
          -123.40583,49.211884,617.22
          -123.403862,49.211674,617.22
          -123.401749,49.211517,617.22
          -123.399635,49.211334,617.22
          -123.397568,49.211163,617.22
          -123.395622,49.210976,617.22
          -123.389,49.210373,609.6
          -123.380798,49.209534,609.6
          -123.37516,49.208973,609.6
          -123.367523,49.208176,609.6
          -123.36097,49.207443,609.6
          -123.352905,49.206509,586.74
          -123.346817,49.205795,563.88
          -123.338448,49.204784,533.4
          -123.332939,49.204193,510.54
          -123.325127,49.203278,480.06
          -123.319283,49.202682,464.82
          -123.31134,49.201805,426.72
          -123.30484,49.201061,403.86
          -123.297028,49.200176,373.38
          -123.288994,49.199249,342.9
          -123.282791,49.198547,320.04
          -123.274277,49.197556,289.56
          -123.26667,49.196732,259.08
          -123.258797,49.195847,228.6
          -123.250473,49.194946,198.12
          -123.244911,49.194351,175.26
          -123.236526,49.19339,144.78
          -123.230316,49.19268,121.92
          -123.223923,49.191925,91.44
          -123.21608,49.191006,60.96
          -123.20755,49.190029,30.48
          -123.201385,49.189362,0
          -123.193382,49.188446,0
          -123.188217,49.187862,0
          -123.184296,49.187428,0
          -123.182182,49.187187,0
          -123.180016,49.186935,0
          -123.178642,49.186798,0
          -123.178352,49.186779,0
          -123.178146,49.186764,0
          -123.177849,49.186752,0
          -123.177628,49.186745,0
          -123.177155,49.186756,0
          -123.176834,49.186779,0
          -123.176468,49.186802,0
          -123.176178,49.186844,0
          -123.175766,49.186897,0
          -123.175461,49.186943,0
          -123.175079,49.187023,0
          -123.174698,49.187119,0
          -123.174408,49.187187,0
          -123.174065,49.187267,0
          -123.173744,49.187351,0
          -123.173485,49.187405,0
          -123.173271,49.187454,0
          -123.173019,49.18755,0
          -123.172775,49.187771,0
          -123.172806,49.188015,0
          -123.173027,49.188194,0
          -123.173271,49.188271,0
          -123.1735,49.188309,0
          -123.173729,49.188332,0
          -123.173973,49.188366,0
          -123.174225,49.1884,0
          -123.174484,49.188423,0
          -123.174698,49.188446,0
          -123.174934,49.18848,0
          -123.175171,49.188503,0
          -123.175926,49.188595,0
          -123.176826,49.188698,0
          -123.177643,49.188782,0
          -123.178642,49.188904,0
          -123.179543,49.189003,0
          -123.180611,49.189121,0
          -123.181801,49.189259,0
          -123.182724,49.189362,0
          -123.183449,49.189442,0
          -123.184059,49.189514,0
          -123.184311,49.189579,0
          -123.18454,49.189682,0
          -123.184753,49.189831,0
          -123.185066,49.190094,0
          -123.185349,49.190323,0
          -123.185593,49.190517,0
          -123.185814,49.190716,0
          -123.186127,49.190964,0
          -123.186401,49.191204,0
          -123.186806,49.19154,0
          -123.187149,49.191841,0
          -123.187248,49.192051,0
          -123.187271,49.19228,0
          -123.187187,49.192589,0
          -123.187134,49.192799,0
          -123.187057,49.193058,0
          -123.186989,49.193367,0
          -123.186913,49.193588,0
          -123.186897,49.193802,0
          -123.187042,49.194031,0
          -123.187248,49.194237,0
          -123.187347,49.194462,0
          -123.187286,49.194889,0
          -123.187225,49.195137,0
          -123.187149,49.195393,0
          -123.187096,49.195614,0
          -123.187019,49.195835,0
          -123.186913,49.196239,0
          -123.18679,49.196732,0
          -123.186668,49.19696,0
          -123.186462,49.197113,0
          -123.186172,49.197174,0
          -123.185883,49.197163,0
          -123.185631,49.19714,0
          -123.185181,49.19709,0
          -123.184929,49.197063,0
          -123.184525,49.197018,0
          -123.184013,49.19696,0
          -123.183571,49.196903,0
          -123.182938,49.196835,0
          -123.182327,49.196743,0
          -123.181755,49.196606,0
          -123.181419,49.196526,0
          -123.181015,49.196514,0
          -123.180771,49.196548,0
          -123.180298,49.196487,0
          -123.179726,49.196335,0
          -123.179466,49.196148,0
        </coordinates>
      </LineString>
</Placemark>
<Placemark>
 <name>AC104-2025-02-16</name>
      <TimeStamp>
        <when>2025-02-16</when>
      </TimeStamp>
      <LineString>
        <altitudeMode>absolute</altitudeMode>
        <coordinates>
          -123.181313,49.195427,0
          -123.181351,49.195644,0
          -123.181366,49.195869,0
          -123.181442,49.196182,0
          -123.181595,49.1964,0
          -123.181618,49.196606,0
          -123.181847,49.196594,0
          -123.182053,49.196648,0
          -123.182327,49.196732,0
          -123.182533,49.196777,0
          -123.182739,49.1968,0
          -123.182953,49.196823,0
          -123.183189,49.196857,0
          -123.183479,49.196903,0
          -123.184593,49.197029,0
          -123.185143,49.19709,0
          -123.185432,49.197163,0
          -123.185791,49.197304,0
          -123.186371,49.197441,0
          -123.186592,49.197464,0
          -123.186806,49.197498,0
          -123.187019,49.197521,0
          -123.187233,49.197544,0
          -123.187477,49.197567,0
          -123.187782,49.197605,0
          -123.18808,49.197636,0
          -123.18885,49.197727,0
          -123.189789,49.19783,0
          -123.190315,49.197899,0
          -123.190659,49.197918,0
          -123.190933,49.197865,0
          -123.191162,49.197731,0
          -123.191338,49.197475,0
          -123.191406,49.197235,0
          -123.191467,49.19701,0
          -123.191521,49.1968,0
          -123.191582,49.196594,0
          -123.19165,49.19632,0
          -123.191742,49.195976,0
          -123.191811,49.195724,0
          -123.191971,49.195091,0
          -123.192146,49.194443,0
          -123.192284,49.193928,0
          -123.192406,49.193562,0
          -123.192635,49.193378,0
          -123.192894,49.193287,0
          -123.193184,49.193241,0
          -123.193405,49.193203,0
          -123.193626,49.193184,0
          -123.193909,49.193138,0
          -123.194252,49.1931,0
          -123.194595,49.193054,0
          -123.194809,49.193031,0
          -123.195137,49.192989,0
          -123.195419,49.192955,0
          -123.195717,49.192921,0
          -123.196548,49.19281,0
          -123.197411,49.192715,0
          -123.198486,49.192577,0
          -123.199577,49.19244,0
          -123.200821,49.19228,0
          -123.201843,49.192158,0
          -123.202675,49.192051,0
          -123.203392,49.191948,0
          -123.204208,49.191868,0
          -123.204819,49.191799,0
          -123.205124,49.191811,0
          -123.20536,49.19183,0
          -123.205627,49.191856,0
          -123.205849,49.191879,0
          -123.206108,49.191914,0
          -123.20639,49.191936,0
          -123.206619,49.191971,0
          -123.206879,49.192005,0
          -123.207222,49.192039,0
          -123.207428,49.192051,0
          -123.207657,49.192017,0
          -123.207886,49.191936,0
          -123.208099,49.191788,0
          -123.208275,49.191517,0
          -123.208344,49.191238,0
          -123.20842,49.190983,0
          -123.208481,49.190758,0
          -123.208481,49.190552,0
          -123.208344,49.190331,0
          -123.208061,49.190151,0
          -123.207794,49.190094,0
          -123.207512,49.190083,0
          -123.207115,49.190041,0
          -123.205849,49.189888,0
          -123.202705,49.189545,0
          -123.200035,49.189236,0
          -123.199348,49.189133,0
          -123.198639,49.189087,0
          -123.197517,49.18895,0
          -123.19635,49.188816,7.62
          -123.194107,49.188538,7.62
          -123.192375,49.188351,7.62
          -123.190201,49.188118,7.62
          -123.188255,49.187885,7.62
          -123.185898,49.187622,7.62
          -123.183357,49.187302,7.62
          -123.181023,49.187046,7.62
          -123.178215,49.186707,15.24
          -123.175896,49.186478,22.86
          -123.173721,49.186211,45.72
          -123.163284,49.185013,129.54
          -123.15609,49.184162,198.12
          -123.145538,49.182907,320.04
          -123.138092,49.181927,403.86
          -123.127968,49.180672,480.06
          -123.11908,49.179554,525.78
          -123.107803,49.178249,563.88
          -123.099274,49.177319,586.74
          -123.088219,49.176109,632.46
          -123.077522,49.174992,670.56
          -123.063568,49.173615,754.38
          -123.050819,49.17247,853.44
          -123.03907,49.171547,944.88
          -123.027359,49.170662,1043.94
          -123.011673,49.16959,1173.48
          -122.998421,49.168808,1280.16
          -122.982475,49.167728,1394.46
          -122.97039,49.166794,1485.9
          -122.954193,49.165421,1577.34
          -122.929688,49.163223,1729.74
          -122.904549,49.16098,1874.52
          -122.878899,49.158836,2026.92
          -122.852882,49.156696,2186.94
          -122.825104,49.154526,2369.82
          -122.797005,49.152145,2567.94
          -122.769684,49.149765,2758.44
          -122.740776,49.147106,2941.32
          -122.713097,49.144592,3108.96
          -122.686058,49.142124,3192.78
          -122.651871,49.139008,3268.98
          -122.61631,49.136166,3345.18
          -122.58429,49.133839,3413.76
          -122.552704,49.131638,3520.44
          -122.519814,49.129349,3657.6
          -122.4384,49.123352,4046.22
          -122.356468,49.117313,4427.22
          -122.272972,49.110535,4785.36
          -122.186836,49.103859,5120.64
          -122.101349,49.097214,5433.06
          -122.012207,49.090126,5722.62
          -121.925285,49.083252,5989.32
          -121.830772,49.075653,6225.54
          -121.739151,49.068192,6477
          -121.64534,49.060593,6736.08
          -121.552376,49.052883,6987.54
          -121.455376,49.044693,7223.76
          -121.357147,49.036404,7467.6
          -121.258415,49.028027,7680.96
          -121.156097,49.019257,7894.32
          -121.05307,49.010334,8122.92
          -120.946899,49.000931,8321.04
          -120.842003,48.991608,8526.78
          -120.734535,48.981949,8732.52
          -120.624252,48.971832,8938.26
          -120.517632,48.962013,9128.76
          -120.402412,48.951279,9334.5
          -120.289658,48.940704,9540.24
          -120.174232,48.92981,9829.8
          -120.059029,48.919373,10066.02
          -119.940277,48.911133,10363.2
          -119.826294,48.904011,10675.62
          -119.716187,48.897171,10904.22
          -119.604683,48.890045,11079.48
          -119.493149,48.882751,11254.74
          -119.383949,48.875473,11269.98
          -119.272278,48.868118,11277.6
          -119.160324,48.860596,11277.6
          -119.051651,48.85318,11269.98
          -118.939537,48.845398,11269.98
          -118.82914,48.837532,11277.6
          -118.71418,48.829285,11277.6
          -118.59713,48.820862,11277.6
          -118.484444,48.812534,11300.46
          -118.370712,48.80397,11414.76
          -118.25972,48.795593,11506.2
          -118.142677,48.786667,11673.84
          -118.023087,48.777481,11818.62
          -117.906715,48.768265,11871.96
          -117.782692,48.758347,11887.2
          -117.661476,48.748619,11879.58
          -117.543373,48.738983,11887.2
          -117.427505,48.729309,11887.2
          -117.311165,48.719513,11887.2
          -117.193207,48.709442,11887.2
          -117.080879,48.699783,11879.58
          -116.96489,48.689621,11887.2
          -116.846504,48.67923,11887.2
          -116.729668,48.668827,11887.2
          -116.608887,48.657944,11887.2
          -116.490784,48.647095,11887.2
          -116.374489,48.636288,11879.58
          -116.256165,48.625256,11879.58
          -116.141754,48.614456,11887.2
          -116.021896,48.603012,11887.2
          -115.907242,48.591888,11887.2
          -115.788223,48.580215,11879.58
          -115.671455,48.568634,11879.58
          -115.553215,48.556915,11887.2
          -115.440575,48.545559,11879.58
          -115.318489,48.533157,11887.2
          -115.202202,48.52121,11879.58
          -115.083687,48.508804,11887.2
          -114.965271,48.497005,11879.58
          -114.849121,48.487553,11879.58
          -114.737816,48.479034,11887.2
          -114.620003,48.469864,11879.58
          -114.503738,48.460648,11879.58
          -114.384087,48.450916,11887.2
          -114.266266,48.441048,11879.58
          -114.151047,48.431259,11879.58
          -114.034424,48.42128,11879.58
          -113.924248,48.411629,11879.58
          -113.805473,48.401184,11887.2
          -113.692085,48.391068,11879.58
          -113.5755,48.380623,11879.58
          -113.459686,48.370148,11887.2
          -113.347,48.359711,11879.58
          -113.237213,48.349594,11887.2
          -113.122978,48.338928,11887.2
          -113.007614,48.328018,11887.2
          -112.889946,48.316681,11879.58
          -112.773956,48.305374,11887.2
          -112.657257,48.293976,11879.58
          -112.546692,48.283051,11879.58
          -112.426346,48.270992,11879.58
          -112.312248,48.259552,11879.58
          -112.196434,48.247669,11879.58
          -112.0821,48.23584,11887.2
          -111.968361,48.22403,11879.58
          -111.854485,48.212009,11879.58
          -111.739334,48.199814,11879.58
          -111.623344,48.187317,11887.2
          -111.50769,48.174816,11879.58
          -111.393776,48.162338,11879.58
          -111.277634,48.14949,11887.2
          -111.164032,48.136829,11887.2
          -111.0429,48.123096,11887.2
          -110.930054,48.110275,11887.2
          -110.811333,48.096634,11887.2
          -110.698448,48.083542,11887.2
          -110.580139,48.069656,11887.2
          -110.465347,48.056156,11879.58
          -110.350182,48.042435,11887.2
          -110.233315,48.028427,11879.58
          -110.116859,48.014328,11887.2
          -109.998962,47.999908,11879.58
          -109.886734,47.986,11887.2
          -109.770859,47.971527,11887.2
          -109.652275,47.956604,11887.2
          -109.531364,47.941265,11879.58
          -109.417648,47.926666,11887.2
          -109.300438,47.911514,11887.2
          -109.180206,47.895767,11879.58
          -109.070412,47.881302,11887.2
          -108.952446,47.865738,11879.58
          -108.83754,47.850346,11887.2
          -108.723656,47.835068,11879.58
          -108.6026,47.8186,11887.2
          -108.489212,47.803051,11887.2
          -108.373672,47.78714,11879.58
          -108.257515,47.771023,11887.2
          -108.145088,47.75528,11887.2
          -108.031593,47.739273,11887.2
          -107.917397,47.723053,11887.2
          -107.799156,47.70607,11887.2
          -107.682289,47.689224,11887.2
          -107.568237,47.67247,11887.2
          -107.449654,47.655075,11887.2
          -107.332306,47.637772,11887.2
          -107.216949,47.62056,11879.58
          -107.101524,47.603302,11887.2
          -106.986099,47.585815,11887.2
          -106.871498,47.568375,11887.2
          -106.755066,47.550503,11887.2
          -106.63797,47.53244,11887.2
          -106.527168,47.515125,11879.58
          -106.409866,47.496689,11887.2
          -106.296455,47.478859,11879.58
          -106.181076,47.460571,11879.58
          -106.068001,47.442551,11887.2
          -105.952499,47.423882,11879.58
          -105.840843,47.405777,11887.2
          -105.722946,47.386459,11887.2
          -105.607628,47.367462,11887.2
          -105.496765,47.349152,11887.2
          -105.381134,47.329926,11887.2
          -105.269447,47.311131,11887.2
          -105.1577,47.292297,11879.58
          -105.04113,47.272541,11887.2
          -104.922112,47.252014,11879.58
          -104.810982,47.23288,11887.2
          -104.695343,47.21286,11887.2
          -104.577278,47.192184,11887.2
          -104.462746,47.172089,11879.58
          -104.351593,47.15239,11887.2
          -104.236084,47.131943,11887.2
          -104.119125,47.110867,11879.58
          -104.002762,47.089966,11879.58
          -103.885689,47.068726,11887.2
          -103.769852,47.047577,11887.2
          -103.65065,47.02565,11879.58
          -103.53537,47.004353,11887.2
          -103.423851,46.983536,11879.58
          -103.308525,46.96199,11887.2
          -103.19268,46.940109,11887.2
          -103.078468,46.918533,11879.58
          -102.9645,46.896816,11887.2
          -102.842598,46.873447,11887.2
          -102.722839,46.853394,11887.2
          -102.605438,46.836998,11887.2
          -102.489647,46.820984,11887.2
          -102.371567,46.804413,11879.58
          -102.252365,46.787651,11879.58
          -102.139893,46.771729,11879.58
          -102.028793,46.755856,11887.2
          -101.906502,46.738262,11879.58
          -101.792244,46.721642,11887.2
          -101.677399,46.704849,11879.58
          -101.558151,46.687317,11887.2
          -101.444458,46.670341,11879.58
          -101.324425,46.652435,11887.2
          -101.211273,46.63538,11879.58
          -101.095093,46.617691,11887.2
          -100.979027,46.599976,11887.2
          -100.864792,46.582405,11887.2
          -100.752251,46.564945,11879.58
          -100.640602,46.547489,11879.58
          -100.527245,46.529617,11887.2
          -100.413116,46.511551,11887.2
          -100.299545,46.493362,11879.58
          -100.182747,46.47459,11879.58
          -100.067116,46.456013,11879.58
          -99.954147,46.437561,11887.2
          -99.840729,46.419006,11879.58
          -99.726585,46.400253,11887.2
          -99.61235,46.381207,11879.58
          -99.497543,46.361893,11887.2
          -99.384804,46.342941,11879.58
          -99.268242,46.32312,11887.2
          -99.148529,46.302612,11887.2
          -99.027214,46.28183,11879.58
          -98.912178,46.262077,11887.2
          -98.797096,46.242062,11887.2
          -98.683456,46.222088,11887.2
          -98.571014,46.202271,11887.2
          -98.455833,46.18187,11879.58
          -98.344986,46.162033,11879.58
          -98.232468,46.141788,11887.2
          -98.111595,46.119827,11879.58
          -97.993446,46.098259,11887.2
          -97.876717,46.076939,11887.2
          -97.761017,46.055573,11887.2
          -97.645348,46.034088,11887.2
          -97.531464,46.012894,11879.58
          -97.415222,45.991051,11887.2
          -97.301956,45.969635,11879.58
          -97.188286,45.94799,11879.58
          -97.074127,45.926193,11887.2
          -96.959702,45.904175,11887.2
          -96.846268,45.88221,11879.58
          -96.732208,45.859955,11879.58
          -96.617119,45.837341,11879.58
          -96.505142,45.815315,11887.2
          -96.394241,45.793304,11887.2
          -96.274773,45.769508,11879.58
          -96.159576,45.746384,11879.58
          -96.048645,45.723999,11887.2
          -95.940308,45.702053,11887.2
          -95.819672,45.677444,11887.2
          -95.709663,45.65485,11879.58
          -95.595955,45.63139,11879.58
          -95.482384,45.607834,11887.2
          -95.368401,45.584045,11887.2
          -95.254074,45.559982,11879.58
          -95.143501,45.536636,11879.58
          -95.031151,45.512741,11887.2
          -94.922211,45.489544,11887.2
          -94.807587,45.465012,11887.2
          -94.695312,45.440804,11887.2
          -94.590782,45.418121,11887.2
          -94.476326,45.393227,11879.58
          -94.36499,45.368786,11887.2
          -94.257874,45.345184,11879.58
          -94.147865,45.320801,11887.2
          -94.040489,45.296955,11887.2
          -93.928284,45.271866,11879.58
          -93.820961,45.247704,11879.58
          -93.713242,45.223358,11879.58
          -93.608208,45.199478,11887.2
          -93.493988,45.173359,11879.58
          -93.383659,45.149139,11887.2
          -93.274452,45.128357,11887.2
          -93.164932,45.109165,11887.2
          -93.055771,45.089767,11887.2
          -92.946426,45.070267,11887.2
          -92.839439,45.051086,11887.2
          -92.727615,45.030899,11879.58
          -92.62011,45.011444,11879.58
          -92.510513,44.991386,11887.2
          -92.400383,44.971115,11887.2
          -92.289276,44.950562,11887.2
          -92.182465,44.930729,11879.58
          -92.073601,44.910416,11887.2
          -91.965378,44.890045,11879.58
          -91.850937,44.868484,11887.2
          -91.744537,44.848297,11879.58
          -91.636963,44.827652,11887.2
          -91.528671,44.806641,11887.2
          -91.418175,44.785255,11879.58
          -91.310188,44.764252,11887.2
          -91.202347,44.74324,11887.2
          -91.092484,44.721634,11879.58
          -90.979225,44.699203,11887.2
          -90.864059,44.676315,11879.58
          -90.759262,44.655327,11887.2
          -90.651138,44.633514,11879.58
          -90.544281,44.611954,11879.58
          -90.43148,44.589035,11887.2
          -90.325859,44.567368,11879.58
          -90.213707,44.54425,11887.2
          -90.110191,44.522873,11887.2
          -89.996468,44.500992,11887.2
          -89.887123,44.483734,11887.2
          -89.777199,44.46785,11887.2
          -89.66391,44.451241,11887.2
          -89.55378,44.434948,11879.58
          -89.4412,44.418137,11887.2
          -89.331795,44.401657,11887.2
          -89.223961,44.385361,11879.58
          -89.112007,44.368378,11879.58
          -89.003998,44.351948,11879.58
          -88.897705,44.335602,11887.2
          -88.79052,44.318985,11879.58
          -88.680573,44.301857,11887.2
          -88.568314,44.284241,11879.58
          -88.461388,44.267395,11887.2
          -88.353882,44.250275,11879.58
          -88.248283,44.233379,11879.58
          -88.142067,44.216263,11887.2
          -88.032043,44.198463,11887.2
          -87.92186,44.18042,11879.58
          -87.816727,44.163132,11887.2
          -87.712425,44.145905,11887.2
          -87.606941,44.128403,11887.2
          -87.499138,44.110291,11887.2
          -87.395523,44.092838,11879.58
          -87.290016,44.075043,11879.58
          -87.182838,44.056824,11887.2
          -87.073128,44.038044,11887.2
          -86.962349,44.018864,11879.58
          -86.853569,44.000015,11887.2
          -86.748703,43.981716,11887.2
          -86.645439,43.963562,11879.58
          -86.544159,43.945587,11887.2
          -86.443108,43.927578,11879.58
          -86.332855,43.907837,11887.2
          -86.231033,43.889542,11879.58
          -86.129364,43.871246,11887.2
          -86.020142,43.851471,11879.58
          -85.91494,43.832245,11887.2
          -85.81218,43.813335,11879.58
          -85.711998,43.794857,11879.58
          -85.606644,43.775257,11887.2
          -85.50666,43.756588,11879.58
          -85.39756,43.736023,11879.58
          -85.294975,43.716614,11887.2
          -85.186028,43.695885,11879.58
          -85.07682,43.67503,11879.58
          -84.975159,43.655548,11887.2
          -84.86644,43.634483,11887.2
          -84.760353,43.613937,11887.2
          -84.657112,43.59375,11887.2
          -84.556664,43.571312,11887.2
          -84.460602,43.544964,11887.2
          -84.356926,43.517944,11887.2
          -84.321831,43.512005,11887.2
          -84.314194,43.510941,11887.2
          -84.305573,43.509842,11887.2
          -84.298927,43.509064,11887.2
          -84.291885,43.508282,11887.2
          -84.28521,43.507629,11879.58
          -84.278809,43.50705,11879.58
          -84.270058,43.506317,11887.2
          -84.253899,43.50531,11887.2
          -84.246758,43.504974,11887.2
          -84.238312,43.504623,11887.2
          -84.230835,43.50444,11879.58
          -84.224396,43.504322,11879.58
          -84.216942,43.50423,11887.2
          -84.108643,43.503204,11887.2
          -83.999168,43.501877,11887.2
          -83.888786,43.500553,11887.2
          -83.781937,43.499203,11879.58
          -83.672462,43.497711,11887.2
          -83.567825,43.496109,11887.2
          -83.457321,43.494415,11887.2
          -83.350204,43.492722,11887.2
          -83.245514,43.490891,11887.2
          -83.138275,43.488968,11811
          -83.028976,43.486912,11468.1
          -82.920204,43.484711,11094.72
          -82.809776,43.482349,10782.3
          -82.707497,43.480209,10523.22
          -82.604607,43.477798,10264.14
          -82.502419,43.475182,10005.06
          -82.401321,43.472855,9738.36
          -82.30574,43.470612,9494.52
          -82.210434,43.46978,9174.48
          -82.115547,43.46978,8854.44
          -82.024384,43.469967,8519.16
          -81.940186,43.4702,8229.6
          -81.859718,43.4702,7962.9
          -81.778633,43.469875,7680.96
          -81.698616,43.469467,7406.64
          -81.616219,43.469101,7117.08
          -81.535286,43.468597,6842.76
          -81.454552,43.468369,6568.44
          -81.378738,43.46806,6309.36
          -81.304771,43.467865,6050.28
          -81.229904,43.467316,5791.2
          -81.15947,43.466618,5547.36
          -81.088234,43.46402,5417.82
          -81.083679,43.463169,5410.2
          -81.079674,43.462234,5402.58
          -81.074692,43.460907,5387.34
          -81.069687,43.459309,5379.72
          -81.065758,43.457863,5379.72
          -81.062363,43.456467,5372.1
          -81.057381,43.454132,5364.48
          -81.053337,43.452,5349.24
          -81.049461,43.449692,5334
          -81.046272,43.447586,5326.38
          -81.043068,43.445248,5311.14
          -81.040192,43.442921,5295.9
          -81.036919,43.440083,5280.66
          -81.033684,43.437012,5265.42
          -81.031036,43.434448,5250.18
          -81.028549,43.431934,5234.94
          -81.026215,43.42955,5219.7
          -81.022896,43.42598,5204.46
          -81.020271,43.423187,5181.6
          -81.017715,43.420349,5166.36
          -81.014816,43.41713,5143.5
          -81.012611,43.414719,5135.88
          -81.010178,43.41201,5120.64
          -81.007362,43.408939,5097.78
          -80.9702,43.368073,4846.32
          -80.933205,43.327377,4617.72
          -80.897697,43.287342,4419.6
          -80.862762,43.247589,4206.24
          -80.846092,43.230515,4145.28
          -80.842644,43.227951,4137.66
          -80.839256,43.225754,4137.66
          -80.835678,43.223694,4137.66
          -80.832169,43.221844,4130.04
          -80.828636,43.220261,4130.04
          -80.823868,43.218353,4130.04
          -80.819351,43.216816,4130.04
          -80.814537,43.215454,4130.04
          -80.810577,43.214493,4130.04
          -80.806107,43.213623,4130.04
          -80.802017,43.213028,4130.04
          -80.796654,43.212433,4130.04
          -80.793129,43.212208,4130.04
          -80.788162,43.212116,4130.04
          -80.782982,43.212204,4130.04
          -80.777435,43.212627,4130.04
          -80.772316,43.213303,4130.04
          -80.767693,43.214069,4130.04
          -80.762589,43.215233,4130.04
          -80.757812,43.216599,4130.04
          -80.753563,43.218025,4130.04
          -80.749062,43.219757,4130.04
          -80.744736,43.221752,4130.04
          -80.740486,43.223984,4130.04
          -80.737183,43.225891,4122.42
          -80.734116,43.227768,4122.42
          -80.730537,43.230057,4107.18
          -80.727539,43.231979,4099.56
          -80.72364,43.234497,4076.7
          -80.719887,43.236881,4061.46
          -80.716805,43.238892,4046.22
          -80.7117,43.242188,4015.74
          -80.7089,43.244003,4000.5
          -80.705566,43.246143,3985.26
          -80.658745,43.276749,3756.66
          -80.612373,43.30687,3550.92
          -80.592384,43.319733,3520.44
          -80.572556,43.332546,3520.44
          -80.551437,43.346146,3520.44
          -80.529274,43.360382,3520.44
          -80.508469,43.373791,3520.44
          -80.487801,43.387058,3520.44
          -80.467201,43.40028,3520.44
          -80.447006,43.413208,3520.44
          -80.428093,43.425369,3520.44
          -80.409004,43.437569,3520.44
          -80.388466,43.449436,3520.44
          -80.374016,43.456188,3520.44
          -80.370552,43.45763,3520.44
          -80.367081,43.459076,3520.44
          -80.362694,43.46077,3520.44
          -80.35891,43.462147,3520.44
          -80.355156,43.463516,3520.44
          -80.351128,43.464844,3520.44
          -80.346725,43.466263,3520.44
          -80.342697,43.467499,3520.44
          -80.338928,43.468597,3520.44
          -80.335037,43.469643,3520.44
          -80.330917,43.47076,3520.44
          -80.327301,43.471756,3520.44
          -80.323723,43.472713,3520.44
          -80.318886,43.474018,3520.44
          -80.291878,43.48156,3520.44
          -80.26683,43.48859,3520.44
          -80.241653,43.495617,3520.44
          -80.217827,43.502243,3520.44
          -80.19326,43.509117,3520.44
          -80.169197,43.515636,3512.82
          -80.144348,43.522293,3520.44
          -80.120094,43.528748,3512.82
          -80.093079,43.53598,3406.14
          -80.065361,43.54335,3276.6
          -80.040237,43.550083,3192.78
          -80.016174,43.556461,3078.48
          -79.988258,43.563766,2987.04
          -79.964973,43.569962,2910.84
          -79.942146,43.576015,2834.64
          -79.920502,43.581833,2773.68
          -79.895851,43.58849,2720.34
          -79.87368,43.593796,2689.86
          -79.852913,43.597778,2659.38
          -79.831902,43.60112,2628.9
          -79.811554,43.604458,2598.42
          -79.788597,43.608227,2606.04
          -79.76918,43.611393,2606.04
          -79.749626,43.614532,2552.7
          -79.739601,43.615402,2514.6
          -79.736282,43.615349,2506.98
          -79.733147,43.615116,2499.36
          -79.730209,43.614716,2491.74
          -79.727142,43.61412,2491.74
          -79.723564,43.613251,2484.12
          -79.720695,43.612381,2476.5
          -79.71756,43.611282,2468.88
          -79.714966,43.610229,2461.26
          -79.712196,43.608948,2453.64
          -79.709641,43.60762,2446.02
          -79.707214,43.606201,2430.78
          -79.704369,43.604271,2415.54
          -79.702217,43.602642,2407.92
          -79.700569,43.601395,2400.3
          -79.698082,43.599335,2385.06
          -79.695869,43.597569,2369.82
          -79.693802,43.595947,2354.58
          -79.691628,43.594299,2339.34
          -79.689461,43.592606,2324.1
          -79.686913,43.590725,2308.86
          -79.68454,43.588989,2293.62
          -79.682205,43.587234,2278.38
          -79.680374,43.585884,2263.14
          -79.678024,43.584137,2247.9
          -79.675789,43.582443,2232.66
          -79.661293,43.571503,2148.84
          -79.64711,43.560562,2080.26
          -79.63044,43.547699,2011.68
          -79.616516,43.53685,1965.96
          -79.602814,43.526203,1927.86
          -79.586685,43.513779,1874.52
          -79.571167,43.501923,1813.56
          -79.557045,43.491119,1760.22
          -79.543701,43.480911,1722.12
          -79.529648,43.470154,1668.78
          -79.516167,43.459717,1607.82
          -79.502945,43.449463,1554.48
          -79.494064,43.443432,1524
          -79.491119,43.441898,1508.76
          -79.48864,43.440811,1501.14
          -79.486023,43.439804,1501.14
          -79.482552,43.438732,1493.52
          -79.479568,43.438065,1485.9
          -79.47654,43.437519,1485.9
          -79.473824,43.437195,1485.9
          -79.470306,43.436966,1478.28
          -79.46743,43.43692,1470.66
          -79.463982,43.437103,1463.04
          -79.460915,43.437469,1455.42
          -79.458427,43.437881,1447.8
          -79.455742,43.438522,1440.18
          -79.452797,43.43943,1432.56
          -79.45005,43.440453,1424.94
          -79.448158,43.441292,1417.32
          -79.445274,43.44278,1409.7
          -79.443253,43.444084,1402.08
          -79.44175,43.445202,1402.08
          -79.439453,43.447174,1386.84
          -79.437988,43.448776,1379.22
          -79.436646,43.450508,1379.22
          -79.435661,43.452045,1371.6
          -79.434685,43.45414,1363.98
          -79.43396,43.456329,1356.36
          -79.433647,43.457932,1348.74
          -79.433388,43.4599,1341.12
          -79.433311,43.46159,1333.5
          -79.433372,43.463497,1325.88
          -79.43351,43.465405,1318.26
          -79.433647,43.467224,1303.02
          -79.433899,43.468964,1295.4
          -79.434158,43.47113,1287.78
          -79.434471,43.473083,1272.54
          -79.434662,43.474457,1264.92
          -79.435013,43.476578,1257.3
          -79.435341,43.478302,1242.06
          -79.435623,43.480087,1234.44
          -79.435944,43.481781,1219.2
          -79.436264,43.483475,1211.58
          -79.436577,43.485096,1203.96
          -79.437035,43.487286,1188.72
          -79.437408,43.488876,1181.1
          -79.437729,43.490433,1173.48
          -79.438347,43.49287,1158.24
          -79.440048,43.49976,1120.14
          -79.44194,43.506882,1082.04
          -79.443352,43.511719,1082.04
          -79.445541,43.519081,1074.42
          -79.447182,43.524124,1074.42
          -79.447701,43.525459,1074.42
          -79.448677,43.527321,1074.42
          -79.449722,43.528809,1074.42
          -79.451271,43.530579,1074.42
          -79.452614,43.531952,1074.42
          -79.453972,43.533234,1082.04
          -79.45562,43.534698,1082.04
          -79.457275,43.536118,1082.04
          -79.458748,43.537327,1082.04
          -79.460648,43.538818,1074.42
          -79.462212,43.540073,1074.42
          -79.464172,43.541611,1074.42
          -79.465683,43.542774,1074.42
          -79.467445,43.544125,1074.42
          -79.469032,43.545319,1074.42
          -79.471138,43.546875,1074.42
          -79.473137,43.548409,1074.42
          -79.47477,43.549618,1074.42
          -79.476311,43.550812,1074.42
          -79.482811,43.555672,1074.42
          -79.489548,43.560791,1074.42
          -79.494652,43.564701,1074.42
          -79.501411,43.569901,1074.42
          -79.507599,43.574665,1074.42
          -79.514076,43.579643,1074.42
          -79.520218,43.584393,1074.42
          -79.525063,43.58807,1066.8
          -79.531433,43.592972,1021.08
          -79.537811,43.597939,967.74
          -79.543762,43.602493,922.02
          -79.549644,43.607063,883.92
          -79.555511,43.611557,845.82
          -79.561005,43.615723,807.72
          -79.566322,43.61982,769.62
          -79.570511,43.623032,739.14
          -79.575508,43.626892,708.66
          -79.580124,43.630386,670.56
          -79.585022,43.634171,640.08
          -79.589561,43.637695,609.6
          -79.594223,43.641266,579.12
          -79.598946,43.644882,548.64
          -79.603798,43.64859,518.16
          -79.608849,43.652435,487.68
          -79.61367,43.656178,449.58
          -79.618248,43.659668,419.1
          -79.622963,43.663284,388.62
          -79.629417,43.668228,350.52
          -79.635292,43.67276,312.42
          -79.639366,43.675846,0
          -79.639923,43.676266,0
          -79.640236,43.67651,0
          -79.640953,43.677055,0
          -79.641235,43.677265,0
          -79.641922,43.677788,0
          -79.642326,43.678116,0
          -79.642654,43.678368,0
          -79.643135,43.678745,0
          -79.643356,43.678928,0
          -79.644356,43.679684,0
          -79.645287,43.680416,0
          -79.645844,43.680897,0
          -79.646057,43.681118,0
          -79.646294,43.681412,0
          -79.646446,43.681652,0
          -79.646545,43.681908,0
          -79.646629,43.682144,0
          -79.646713,43.68235,0
          -79.646774,43.682583,0
          -79.646858,43.682785,0
          -79.646873,43.683025,0
          -79.646759,43.683235,0
          -79.646545,43.683411,0
          -79.646324,43.683563,0
          -79.646118,43.683701,0
          -79.645851,43.683895,0
          -79.64563,43.684036,0
          -79.645355,43.684227,0
          -79.644798,43.684628,0
          -79.644287,43.684971,0
          -79.643684,43.685375,0
          -79.643227,43.685692,0
          -79.64283,43.685978,0
          -79.64238,43.686272,0
          -79.641769,43.686691,0
          -79.641335,43.687004,0
          -79.640892,43.687309,0
          -79.640648,43.687485,0
          -79.640358,43.687672,0
          -79.640137,43.68782,0
          -79.639908,43.687984,0
          -79.639694,43.688122,0
          -79.639412,43.688324,0
          -79.638977,43.688625,0
          -79.638435,43.688995,0
          -79.637932,43.689354,0
          -79.637321,43.689766,0
          -79.636505,43.690323,0
          -79.636185,43.690544,0
          -79.635818,43.690773,0
          -79.635582,43.690807,0
          -79.635056,43.690578,0
          -79.634743,43.690334,0
          -79.634514,43.690159,0
          -79.634285,43.689995,0
          -79.634048,43.689812,0
        </coordinates>
      </LineString>
</Placemark>
<Placemark>
<name>VS104-2025-10-23</name>
      <TimeStamp>
        <when>2025-10-23</when>
      </TimeStamp>
      <LineString>
        <altitudeMode>absolute</altitudeMode>
        <coordinates>
          -84.420151,33.63731,0
          -84.420364,33.63731,0
          -84.420578,33.637321,0
          -84.42083,33.637341,0
          -84.421051,33.637287,0
          -84.421257,33.637253,0
          -84.421471,33.637344,0
          -84.421471,33.63755,0
          -84.421463,33.637333,0
          -84.421463,33.637089,0
          -84.421463,33.636868,0
          -84.421303,33.6366,0
          -84.421036,33.636509,0
          -84.42054,33.636509,0
          -84.420326,33.636551,0
          -84.420059,33.636559,0
          -84.419846,33.636555,0
          -84.419632,33.636551,0
          -84.419388,33.636551,0
          -84.419113,33.636555,0
          -84.418808,33.636555,0
          -84.418358,33.636551,0
          -84.417976,33.636543,0
          -84.417389,33.636543,0
          -84.416771,33.636551,0
          -84.416153,33.636543,0
          -84.415627,33.636543,0
          -84.414993,33.636551,0
          -84.414436,33.636555,0
          -84.413704,33.636543,0
          -84.413086,33.636543,0
          -84.412628,33.636543,0
          -84.412094,33.636543,0
          -84.411613,33.636543,0
          -84.41111,33.636559,0
          -84.410866,33.636551,0
          -84.410522,33.636555,0
          -84.410278,33.636551,0
          -84.409782,33.636555,0
          -84.409363,33.636555,0
          -84.409103,33.636551,0
          -84.40889,33.636551,0
          -84.408676,33.636555,0
          -84.408463,33.636555,0
          -84.408257,33.636551,0
          -84.408005,33.636555,0
          -84.407776,33.636551,0
          -84.407547,33.636459,0
          -84.407387,33.636223,0
          -84.407356,33.636017,0
          -84.407356,33.635788,0
          -84.407402,33.635574,0
          -84.407433,33.635342,0
          -84.407455,33.635113,0
          -84.407471,33.634907,0
          -84.407646,33.634689,0
          -84.407875,33.634678,0
          -84.408104,33.634712,0
          -84.408409,33.634735,0
          -84.409264,33.634724,0
          -84.411667,33.634712,0
          -84.414574,33.634735,251.46
          -84.420029,33.634689,251.46
          -84.426849,33.634735,243.84
          -84.43335,33.634689,289.56
          -84.441032,33.634689,396.24
          -84.448532,33.634735,510.54
          -84.456108,33.634827,632.46
          -84.461655,33.634918,670.56
          -84.469727,33.63501,693.42
          -84.471519,33.634918,701.04
          -84.473656,33.634689,708.66
          -84.476227,33.63427,723.9
          -84.478195,33.633911,731.52
          -84.480377,33.633362,746.76
          -84.482735,33.632767,754.38
          -84.484978,33.632126,762
          -84.487091,33.631432,777.24
          -84.489182,33.630753,784.86
          -84.491615,33.629894,800.1
          -84.494171,33.628967,807.72
          -84.496651,33.628033,822.96
          -84.499512,33.626869,838.2
          -84.501793,33.625946,853.44
          -84.504379,33.624866,868.68
          -84.506607,33.62389,876.3
          -84.50901,33.622772,891.54
          -84.511711,33.621552,906.78
          -84.514099,33.620445,922.02
          -84.517265,33.618896,944.88
          -84.519768,33.617699,975.36
          -84.522644,33.616333,1005.84
          -84.525146,33.615093,1036.32
          -84.528008,33.613693,1074.42
          -84.530487,33.612442,1104.9
          -84.53318,33.61116,1143
          -84.535278,33.610111,1165.86
          -84.54071,33.607502,1234.44
          -84.551453,33.602463,1371.6
          -84.559479,33.598705,1470.66
          -84.562836,33.596924,1508.76
          -84.56514,33.595585,1539.24
          -84.567719,33.59391,1577.34
          -84.570229,33.592026,1623.06
          -84.572411,33.590233,1653.54
          -84.574699,33.588043,1684.02
          -84.576416,33.586136,1714.5
          -84.578079,33.584106,1744.98
          -84.579483,33.582092,1767.84
          -84.581444,33.578888,1805.94
          -84.582565,33.576462,1836.42
          -84.583626,33.57394,1859.28
          -84.584595,33.570866,1897.38
          -84.585144,33.568451,1920.24
          -84.585632,33.565189,1950.72
          -84.585815,33.562454,1981.2
          -84.58593,33.559296,2011.68
          -84.585861,33.556343,2042.16
          -84.5858,33.554108,2065.02
          -84.585701,33.550827,2103.12
          -84.585571,33.548195,2133.6
          -84.58548,33.545242,2164.08
          -84.585403,33.542332,2202.18
          -84.585281,33.539795,2225.04
          -84.58522,33.536911,2255.52
          -84.585114,33.533661,2286
          -84.585007,33.53096,2308.86
          -84.584946,33.528122,2324.1
          -84.584694,33.509697,2453.64
          -84.583122,33.49736,2598.42
          -84.582199,33.494202,2636.52
          -84.581108,33.491356,2682.24
          -84.579872,33.488796,2712.72
          -84.578194,33.485909,2758.44
          -84.57605,33.482666,2811.78
          -84.574127,33.480194,2849.88
          -84.572533,33.478367,2880.36
          -84.569725,33.475388,2926.08
          -84.567314,33.473145,2964.18
          -84.564842,33.470993,2987.04
          -84.561768,33.468639,3017.52
          -84.559578,33.467102,3032.76
          -84.555992,33.464867,3055.62
          -84.553032,33.463257,3070.86
          -84.549713,33.461655,3086.1
          -84.546333,33.460236,3101.34
          -84.542877,33.459003,3116.58
          -84.53952,33.457993,3124.2
          -84.535538,33.457001,3139.44
          -84.531105,33.456161,3147.06
          -84.52774,33.455742,3162.3
          -84.524384,33.455463,3169.92
          -84.519913,33.455338,3185.16
          -84.516121,33.455338,3192.78
          -84.51149,33.455418,3208.02
          -84.507553,33.455612,3223.26
          -84.503754,33.455791,3230.88
          -84.499474,33.455978,3246.12
          -84.495735,33.456161,3261.36
          -84.491455,33.456345,3268.98
          -84.487831,33.456482,3284.22
          -84.482941,33.456619,3291.84
          -84.478653,33.456757,3307.08
          -84.474663,33.45686,3314.7
          -84.469727,33.456955,3329.94
          -84.466461,33.456985,3345.18
          -84.438507,33.457092,3413.76
          -84.410759,33.456848,3550.92
          -84.382622,33.456535,3741.42
          -84.354485,33.458584,3901.44
          -84.349838,33.459503,3924.3
          -84.345833,33.46051,3947.16
          -84.341438,33.4617,3962.4
          -84.33683,33.463192,3992.88
          -84.3321,33.464951,4015.74
          -84.328423,33.46645,4030.98
          -84.324387,33.468311,4046.22
          -84.319847,33.470688,4069.08
          -84.316223,33.472778,4084.32
          -84.312782,33.474876,4107.18
          -84.308914,33.477531,4137.66
          -84.305618,33.480011,4160.52
          -84.302162,33.482758,4191
          -84.299774,33.484837,4213.86
          -84.296135,33.488003,4244.34
          -84.293259,33.490585,4274.82
          -84.289467,33.494011,4312.92
          -84.287109,33.496197,4335.78
          -84.283211,33.499695,4366.26
          -84.280243,33.50235,4381.5
          -84.277222,33.504959,4396.74
          -84.273598,33.508118,4419.6
          -84.270409,33.510818,4434.84
          -84.267265,33.513515,4457.7
          -84.264015,33.516262,4480.56
          -84.211639,33.558716,4892.04
          -84.161888,33.598755,5219.7
          -84.109085,33.64183,5623.56
          -84.055824,33.685524,5974.08
          -84.002472,33.728989,6362.7
          -83.947334,33.773975,6614.16
          -83.889191,33.821411,6865.62
          -83.831062,33.868477,7162.8
          -83.77137,33.916763,7467.6
          -83.710716,33.963318,7658.1
          -83.639755,34.00621,7940.04
          -83.570648,34.048588,8214.36
          -83.499847,34.092133,8450.58
          -83.428574,34.135731,8679.18
          -83.355446,34.180328,8884.92
          -83.285637,34.222832,9083.04
          -83.211594,34.267799,9273.54
          -83.135948,34.313656,9479.28
          -83.058815,34.360718,9631.68
          -82.980354,34.408859,9761.22
          -82.90638,34.453964,9906
          -82.826546,34.502518,10096.5
          -82.74736,34.55056,10340.34
          -82.669487,34.597672,10538.46
          -82.592926,34.644081,10599.42
          -82.518082,34.689098,10668
          -82.438721,34.735416,10668
          -82.359062,34.781799,10668
          -82.279755,34.828152,10668
          -82.200043,34.874817,10668
          -82.121567,34.92041,10668
          -82.04155,34.966827,10675.62
          -81.961441,35.013287,10668
          -81.882362,35.059376,10668
          -81.805153,35.10791,10668
          -81.729012,35.155926,10668
          -81.651993,35.20364,10668
          -81.576065,35.250412,10668
          -81.496117,35.299583,10675.62
          -81.416168,35.348557,10911.84
          -81.337906,35.396439,11109.96
          -81.263123,35.442173,11247.12
          -81.18692,35.488678,11353.8
          -81.109955,35.535511,11452.86
          -81.031593,35.583042,11582.4
          -80.952072,35.63118,11658.6
          -80.873856,35.678421,11704.32
          -80.794434,35.726257,11833.86
          -80.716965,35.772881,11887.2
          -80.63913,35.819595,11887.2
          -80.559532,35.86729,11887.2
          -80.480057,35.914631,11887.2
          -80.399437,35.962692,11887.2
          -80.320755,36.009567,11887.2
          -80.239937,36.05764,11887.2
          -80.158707,36.105789,11887.2
          -80.08152,36.151566,11887.2
          -80.0009,36.199265,11887.2
          -79.919632,36.247063,11887.2
          -79.839478,36.294296,11887.2
          -79.758568,36.341812,11887.2
          -79.675255,36.390656,11887.2
          -79.593369,36.4384,11887.2
          -79.514778,36.484245,11887.2
          -79.433502,36.531509,11887.2
          -79.350525,36.57962,11887.2
          -79.266594,36.628139,11887.2
          -79.181915,36.677067,11887.2
          -79.098228,36.725201,11887.2
          -79.015717,36.772545,11887.2
          -78.931503,36.820816,11887.2
          -78.84771,36.868515,11887.2
          -78.764259,36.91571,11887.2
          -78.67923,36.963593,11887.2
          -78.59243,37.012428,11887.2
          -78.50782,37.059956,11894.82
          -78.423218,37.107346,11887.2
          -78.338654,37.154755,11887.2
          -78.253456,37.20108,11887.2
          -78.161392,37.24258,11887.2
          -78.070755,37.28257,11887.2
          -77.979584,37.323212,11887.2
          -77.890915,37.362453,11887.2
          -77.801262,37.401855,11887.2
          -77.710388,37.441589,11887.2
          -77.620918,37.480957,11887.2
          -77.531044,37.520142,11894.82
          -77.440117,37.559555,11887.2
          -77.352348,37.599171,11887.2
          -77.268997,37.645397,11887.2
          -77.192268,37.697258,11887.2
          -77.121811,37.754284,11887.2
          -77.060791,37.813313,11887.2
          -77.00528,37.878296,11887.2
          -76.958878,37.944031,11887.2
          -76.912834,38.010136,11887.2
          -76.867279,38.074982,11887.2
          -76.820648,38.141739,11887.2
          -76.77282,38.208775,11887.2
          -76.720757,38.269199,11887.2
          -76.656578,38.329926,11887.2
          -76.592682,38.388836,11894.82
          -76.528625,38.44838,11887.2
          -76.463684,38.509129,11879.58
          -76.401016,38.567505,11894.82
          -76.337128,38.62674,11887.2
          -76.27121,38.687805,11887.2
          -76.205711,38.748276,11887.2
          -76.139854,38.808838,11887.2
          -76.07489,38.868393,11887.2
          -76.008675,38.929276,11887.2
          -75.942276,38.989746,11887.2
          -75.871826,39.048203,11887.2
          -75.801819,39.105556,11894.82
          -75.732224,39.163651,11887.2
          -75.661644,39.222656,11887.2
          -75.59137,39.281158,11887.2
          -75.519165,39.34111,11887.2
          -75.449448,39.398849,11887.2
          -75.380371,39.455906,11887.2
          -75.308655,39.51503,11894.82
          -75.236694,39.57415,11887.2
          -75.166725,39.631622,11887.2
          -75.093262,39.691742,11887.2
          -75.028076,39.749001,11887.2
          -74.961609,39.809612,11887.2
          -74.893982,39.869526,11887.2
          -74.843872,39.905743,11894.82
          -74.764099,39.956543,11887.2
          -74.684311,40.008717,11887.2
          -74.605598,40.060249,11887.2
          -74.524757,40.1129,11887.2
          -74.444031,40.165329,11887.2
          -74.363899,40.217129,11887.2
          -74.281876,40.270107,11887.2
          -74.199219,40.323349,11887.2
          -74.115479,40.377136,11887.2
          -74.035339,40.428406,11887.2
          -73.952759,40.48114,11887.2
          -73.871704,40.532822,11887.2
          -73.791237,40.583961,11887.2
          -73.708435,40.636414,11887.2
          -73.628937,40.686657,11887.2
          -73.547119,40.738266,11887.2
          -73.465271,40.789673,11887.2
          -73.383492,40.840885,11894.82
          -73.299973,40.893162,11887.2
          -73.217758,40.944416,11887.2
          -73.134949,40.995941,11887.2
          -73.051155,41.047901,11887.2
          -72.967102,41.099899,11887.2
          -72.882446,41.152084,11887.2
          -72.798782,41.20348,11887.2
          -72.718758,41.25264,11887.2
          -72.636963,41.302643,11887.2
          -72.551712,41.354168,11887.2
          -72.467545,41.404724,11887.2
          -72.387321,41.453045,11887.2
          -72.303902,41.50309,11887.2
          -72.218498,41.554295,11887.2
          -72.132607,41.605545,11887.2
          -72.048653,41.655533,11887.2
          -71.962509,41.706757,11887.2
          -71.878487,41.756424,11887.2
          -71.792076,41.807449,11887.2
          -71.707764,41.857071,11887.2
          -71.62281,41.906929,11887.2
          -71.539841,41.955532,11887.2
          -71.454315,42.005386,11887.2
          -71.368813,42.055206,11887.2
          -71.282425,42.105381,11887.2
          -71.195114,42.155891,11887.2
          -71.108322,42.206039,11887.2
          -71.02182,42.255791,11887.2
          -70.936295,42.304813,11887.2
          -70.848709,42.35495,11887.2
          -70.76194,42.404434,11887.2
          -70.673737,42.454605,11887.2
          -70.586967,42.503769,11887.2
          -70.499138,42.553493,11887.2
          -70.410629,42.603424,11887.2
          -70.321953,42.653255,11887.2
          -70.2341,42.702484,11887.2
          -70.145332,42.75206,11887.2
          -70.056503,42.80159,11887.2
          -69.96656,42.851521,11887.2
          -69.876968,42.9011,11887.2
          -69.785988,42.95137,11887.2
          -69.695435,43.001232,11887.2
          -69.602966,43.051884,11887.2
          -69.51226,43.101505,11887.2
          -69.421494,43.151039,11887.2
          -69.329422,43.20108,11887.2
          -69.242294,43.248276,11887.2
          -69.150627,43.297863,11887.2
          -69.057564,43.347977,11887.2
          -68.966545,43.39682,11887.2
          -68.872208,43.447311,11887.2
          -68.784637,43.494049,11887.2
          -68.690231,43.544266,11887.2
          -68.597458,43.593426,11887.2
          -68.504799,43.642456,11887.2
          -68.414742,43.68988,11887.2
          -68.320717,43.739273,11887.2
          -68.230721,43.786423,11887.2
          -68.138481,43.834534,11887.2
          -68.047684,43.881767,11887.2
          -67.952614,43.931168,11887.2
          -67.857056,43.980553,11887.2
          -67.7631,44.028946,11887.2
          -67.67099,44.076233,11887.2
          -67.580544,44.122559,11887.2
          -67.482018,44.172859,11887.2
          -67.385559,44.221893,11887.2
          -67.289917,44.270432,11887.2
          -67.193451,44.319126,11887.2
          -67.100441,44.365997,11887.2
          -67.003067,44.414749,11887.2
          -66.908211,44.456921,11887.2
          -66.806793,44.501427,11887.2
          -66.706169,44.545792,11887.2
          -66.605659,44.589752,11887.2
          -66.50386,44.634098,11887.2
          -66.405251,44.676975,11887.2
          -66.301903,44.721725,11887.2
          -66.200539,44.76535,11894.82
          -66.105522,44.806137,11887.2
          -66.00914,44.847401,11887.2
          -65.907051,44.891022,11887.2
          -65.805687,44.934128,11887.2
          -65.700333,44.978714,11887.2
          -65.600769,45.020763,11887.2
          -65.503036,45.06189,11887.2
          -65.395332,45.107025,11887.2
          -65.292274,45.150009,11887.2
          -65.187843,45.193424,11887.2
          -65.088303,45.234741,11887.2
          -64.985268,45.277313,11887.2
          -64.885323,45.318375,11887.2
          -64.785202,45.359482,11887.2
          -64.682747,45.401279,11887.2
          -64.581757,45.442429,11894.82
          -64.475426,45.485458,11887.2
          -64.370369,45.52795,11887.2
          -64.271324,45.567844,11887.2
          -64.164551,45.610626,11887.2
          -64.05764,45.653313,11887.2
          -63.957245,45.693192,11887.2
          -63.853611,45.73439,11887.2
          -63.746864,45.776539,11887.2
          -63.650047,45.814617,11894.82
          -63.542244,45.856842,11887.2
          -63.436775,45.898087,11887.2
          -63.331032,45.93919,11894.82
          -63.232079,45.977509,11887.2
          -63.123692,46.019394,11887.2
          -63.023552,46.057899,11887.2
          -62.91716,46.098633,11887.2
          -62.8148,46.137772,11887.2
          -62.71291,46.176453,11894.82
          -62.608471,46.216003,11887.2
          -62.501633,46.256351,11887.2
          -62.398457,46.295151,11887.2
          -62.287926,46.336533,11887.2
          -62.178398,46.377365,11894.82
          -62.071724,46.416958,11887.2
          -61.962421,46.457382,11887.2
          -61.857517,46.496063,11887.2
          -61.749207,46.535805,11887.2
          -61.639412,46.575932,11887.2
          -61.527256,46.61673,11887.2
          -61.418262,46.656235,11887.2
          -61.33955,46.684662,11887.2
          -61.205109,46.733002,11887.2
          -61.091057,46.773872,11887.2
          -60.984077,46.811954,11887.2
          -60.881004,46.848587,11887.2
          -60.770523,46.887741,11887.2
          -60.66362,46.925308,11887.2
          -60.558907,46.962021,11887.2
          -60.449181,47.000427,11887.2
          -60.335609,47.039886,11887.2
          -60.226433,47.077744,11887.2
          -60.124653,47.11282,11887.2
          -60.014603,47.150665,11887.2
          -59.902542,47.18898,11894.82
          -59.792034,47.226639,12054.84
          -59.687595,47.262207,12192
          -59.57745,47.299263,12199.62
          -59.475471,47.333618,12192
          -59.362442,47.37151,12192
          -59.260803,47.405457,12192
          -59.152039,47.44162,12192
          -59.042244,47.477921,12192
          -58.931831,47.514313,12192
          -58.82869,47.548176,12192
          -58.719109,47.583984,12192
          -58.609177,47.619781,12192
          -58.500999,47.654827,12192
          -58.397072,47.688309,12192
          -58.291977,47.722095,12192
          -58.181198,47.757477,12192
          -58.075378,47.791214,12192
          -57.967319,47.825535,12192
          -57.863228,47.858402,12192
          -57.753136,47.893021,12192
          -57.648293,47.926132,12192
          -57.538559,47.960815,12192
          -57.426243,47.996147,12192
          -57.320892,48.029205,12192
          -57.217007,48.0616,12192
          -57.10651,48.095909,12192
          -57.002914,48.127983,12192
          -56.888969,48.163101,12192
          -56.781464,48.196045,12192
          -56.670807,48.229794,12192
          -56.563744,48.262344,12192
          -56.454113,48.295574,12192
          -56.346493,48.328018,12192
          -56.23373,48.361816,12192
          -56.129368,48.393005,12192
          -56.019505,48.425594,12192
          -55.915424,48.456409,12192
          -55.809422,48.487701,12192
          -55.704151,48.518559,12192
          -55.601875,48.548401,12192
          -55.490643,48.580799,12192
          -55.379898,48.612854,12192
          -55.271091,48.644211,12192
          -55.162498,48.675438,12192
          -55.053864,48.706444,12192
          -54.948189,48.736542,12192
          -54.834103,48.768768,12192
          -54.726368,48.799129,12192
          -54.616276,48.830017,12192
          -54.508087,48.860203,12192
          -54.396709,48.891163,12192
          -54.292267,48.920025,12192
          -54.176331,48.952007,12192
          -54.062782,48.983055,12192
          -53.950245,49.013828,12192
          -53.839417,49.043839,12192
          -53.729939,49.07346,12192
          -53.61821,49.103439,12192
          -53.506447,49.133331,12192
          -53.393555,49.163361,12192
          -53.283623,49.192566,12192
          -53.168686,49.222824,12192
          -53.056641,49.252258,12192
          -52.94138,49.282341,12192
          -52.826843,49.312134,12192
          -52.72057,49.339554,12192
          -52.609089,49.36821,12192
          -52.498169,49.396637,12192
          -52.388374,49.424561,12192
          -52.274212,49.45356,12192
          -52.160267,49.482281,12192
          -52.047878,49.510445,12192
          -51.940685,49.53717,12192
          -51.826149,49.565704,12192
          -51.713982,49.593403,12199.62
          -51.596497,49.622269,12192
          -51.483959,49.64978,12192
          -51.369904,49.677521,12192
          -51.255196,49.705307,12192
          -51.144032,49.732086,12192
          -51.025036,49.760616,12192
          -50.91621,49.786549,12192
          -50.797455,49.814713,12192
          -50.680969,49.842178,12192
          -50.57341,49.867409,12192
          -50.459122,49.894043,12192
          -50.346409,49.920246,12192
          -50.235779,49.945816,12192
          -50.12035,49.972321,12192
          -50.007526,49.993835,12192
          -50.000008,49.994476,12192
          -49.992619,49.994961,12192
          -49.985264,49.995346,12192
          -49.975651,49.995667,12199.62
          -49.967701,49.99585,12199.62
          -49.959747,49.995941,12199.62
          -49.950497,49.995987,12199.62
          -49.941608,49.996078,12199.62
          -49.932354,49.99617,12192
          -49.925201,49.996307,12192
          -49.917645,49.996544,12192
          -49.908737,49.996964,12192
          -49.901016,49.997383,12192
          -49.893688,49.99791,12184.38
          -49.886021,49.998592,12192
          -49.872585,50.000034,12192
          -49.865532,50.000969,12192
          -49.85762,50.002121,12199.62
          -49.849945,50.003387,12192
          -49.840057,50.005188,12192
          -49.832722,50.006645,12192
          -49.825745,50.008163,12192
          -49.81884,50.009766,12192
          -49.811218,50.011642,12199.62
          -49.801247,50.014236,12192
          -49.794495,50.016048,12199.62
          -49.785732,50.018379,12192
          -49.778618,50.02034,12192
          -49.770161,50.022629,12192
          -49.762794,50.02457,12192
          -49.650333,50.05278,12192
          -49.543282,50.078796,12192
          -49.428902,50.106918,12192
          -49.320374,50.133682,12192
          -49.20892,50.161102,12192
          -49.092705,50.189316,12192
          -48.962597,50.220886,12192
          -48.85004,50.247974,12192
          -48.755322,50.270691,12192
          -48.54562,50.320679,12192
          -48.515553,50.32782,12192
          -48.299801,50.378632,12192
          -48.267998,50.386047,12192
          -48.009098,50.446243,12192
          -47.665485,50.525024,12192
          -40.044994,51.958637,12194.4384
          -32.364521,52.809391,12192
          -29.10347,53.000793,12194.4384
          -19.992542,52.966976,12193.2192
          -15.653992,52.978455,12192
          -15.52597,52.976395,12192
          -15.400321,52.97435,12192
          -15.270996,52.980545,12192
          -15.144889,52.989716,12192
          -15.017761,52.992088,12192
          -14.891418,52.986782,12192
          -14.74381,52.972118,12192
          -14.618454,52.958633,12192
          -14.491425,52.945038,12192
          -14.363917,52.930965,12192
          -14.237889,52.916904,12192
          -14.119034,52.903473,12192
          -13.989049,52.888695,12192
          -13.855643,52.873379,12192
          -13.733749,52.859207,12192
          -13.603439,52.843918,12192
          -13.470572,52.828133,12192
          -13.339208,52.812443,12192
          -13.213043,52.79718,12192
          -13.080793,52.781021,12192
          -12.95186,52.765144,12192
          -12.827988,52.749756,12192
          -12.704198,52.734188,12192
          -12.579803,52.718445,12192
          -12.446097,52.701324,12192
          -12.322187,52.685356,12192
          -12.192764,52.668503,12192
          -12.059479,52.65097,12192
          -11.937485,52.634811,12192
          -11.815491,52.618469,12192
          -11.685451,52.600956,12192
          -11.561149,52.584011,12192
          -11.436768,52.566925,12192
          -11.30806,52.549164,12192
          -11.175607,52.530617,12192
          -11.043091,52.511948,12192
          -10.910601,52.493141,12192
          -10.781825,52.474705,12192
          -10.649643,52.455551,12192
          -10.517502,52.436279,12192
          -10.396576,52.418518,12192
          -10.272522,52.400162,12192
          -10.141637,52.380577,12199.62
          -10.012547,52.361118,12192
          -9.882584,52.341385,12192
          -9.757309,52.322296,12192
          -9.630851,52.302742,12192
          -9.499015,52.282261,12192
          -9.370422,52.262009,12192
          -9.240758,52.241665,12192
          -9.110336,52.220856,12192
          -8.987885,52.201263,12192
          -8.858337,52.180252,12199.62
          -8.727493,52.15892,12192
          -8.601608,52.138321,12192
          -8.469831,52.11644,12199.62
          -8.341527,52.095119,12184.38
          -8.217621,52.074326,12199.62
          -8.089076,52.05257,12192
          -7.961871,52.030876,12184.38
          -7.836227,52.009369,12192
          -7.704391,51.986526,12199.62
          -7.583156,51.965424,12192
          -7.457809,51.943542,12192
          -7.331805,51.9212,12192
          -7.210955,51.899693,12192
          -7.084103,51.877945,12192
          -6.954117,51.864826,12192
          -6.824217,51.851578,12192
          -6.700668,51.838757,12192
          -6.573387,51.825531,12199.62
          -6.449717,51.812714,12199.62
          -6.32019,51.798954,12184.38
          -6.191101,51.785175,12192
          -6.063461,51.771397,12192
          -5.931801,51.756866,12192
          -5.8078,51.743279,12192
          -5.678298,51.728714,12192
          -5.550766,51.714417,12192
          -5.422198,51.699783,12192
          -5.294952,51.68504,12192
          -5.165578,51.670074,12192
          -5.037899,51.655014,12192
          -4.910431,51.639931,12192
          -4.782096,51.624619,12192
          -4.65323,51.608963,12192
          -4.525375,51.593334,12192
          -4.400692,51.577972,12199.62
          -4.275055,51.562283,12153.9
          -4.150848,51.546642,11742.42
          -4.024782,51.530777,11201.4
          -3.897771,51.514435,10812.78
          -3.770065,51.497902,10447.02
          -3.644269,51.482117,10043.16
          -3.522263,51.472763,9692.64
          -3.400497,51.466152,9471.66
          -3.280978,51.458862,9128.76
          -3.163528,51.451675,8778.24
          -3.050308,51.444691,8511.54
          -2.939585,51.437714,8290.56
          -2.831726,51.430939,7856.22
          -2.717632,51.423569,7475.22
          -2.610366,51.416473,7101.84
          -2.503769,51.409515,6713.22
          -2.391605,51.401962,6256.02
          -2.286377,51.394787,5989.32
          -2.179489,51.387341,5775.96
          -2.078197,51.38031,5463.54
          -1.978875,51.373306,5128.26
          -1.880815,51.366257,4899.66
          -1.785202,51.359268,4876.8
          -1.694336,51.352566,4876.8
          -1.609274,51.346298,4876.8
          -1.529236,51.340366,4716.78
          -1.44455,51.334038,4579.62
          -1.369247,51.328171,4572
          -1.299876,51.322906,4572
          -1.231434,51.317642,4526.28
          -1.16314,51.312744,4351.02
          -1.100082,51.312531,4267.2
          -1.035758,51.311829,4267.2
          -0.971451,51.311134,4183.38
          -0.90756,51.310501,4030.98
          -0.844314,51.30986,3962.4
          -0.782182,51.309128,3962.4
          -0.719233,51.308441,3962.4
          -0.657349,51.30769,3848.1
          -0.596008,51.306885,3726.18
          -0.534693,51.306107,3657.6
          -0.473099,51.305313,3657.6
          -0.416144,51.303589,3657.6
          -0.412433,51.302994,3657.6
          -0.408401,51.302151,3657.6
          -0.404587,51.301216,3657.6
          -0.401149,51.300201,3657.6
          -0.397586,51.299011,3657.6
          -0.394516,51.297867,3657.6
          -0.39032,51.296188,3657.6
          -0.387192,51.294842,3657.6
          -0.383853,51.293335,3649.98
          -0.380736,51.29187,3642.36
          -0.377655,51.290371,3634.74
          -0.374527,51.288834,3619.5
          -0.371679,51.287384,3611.88
          -0.368729,51.285904,3596.64
          -0.365601,51.284321,3581.4
          -0.362549,51.282761,3573.78
          -0.35958,51.28125,3558.54
          -0.355835,51.279339,3543.3
          -0.353418,51.278183,3535.68
          -0.333524,51.268616,3474.72
          -0.321944,51.262436,3429
          -0.3189,51.260239,3413.76
          -0.316696,51.258438,3398.52
          -0.314713,51.256573,3390.9
          -0.313185,51.254837,3383.28
          -0.311203,51.252151,3368.04
          -0.310059,51.250198,3360.42
          -0.308838,51.247776,3345.18
          -0.308151,51.245586,3337.56
          -0.307617,51.243301,3322.32
          -0.307395,51.24147,3314.7
          -0.307469,51.238861,3307.08
          -0.307766,51.23671,3291.84
          -0.308285,51.23465,3284.22
          -0.30925,51.232086,3276.6
          -0.310067,51.230438,3268.98
          -0.311584,51.228085,3253.74
          -0.313036,51.226227,3246.12
          -0.314743,51.224442,3230.88
          -0.317045,51.222427,3223.26
          -0.318756,51.221149,3215.64
          -0.321045,51.219704,3200.4
          -0.324022,51.218079,3192.78
          -0.326175,51.217072,3185.16
          -0.329664,51.215698,3169.92
          -0.33293,51.214691,3154.68
          -0.336075,51.213932,3147.06
          -0.339092,51.213364,3139.44
          -0.342331,51.212955,3124.2
          -0.345772,51.212677,3116.58
          -0.349121,51.212582,3108.96
          -0.352305,51.212677,3093.72
          -0.355497,51.212906,3086.1
          -0.35854,51.213272,3070.86
          -0.361633,51.213791,3063.24
          -0.365073,51.2146,3048
          -0.367745,51.215378,3040.38
          -0.371234,51.216614,3025.14
          -0.373611,51.217609,3017.52
          -0.376053,51.218819,3009.9
          -0.379181,51.220634,2994.66
          -0.381552,51.222244,2987.04
          -0.382919,51.223381,2971.8
          -0.38559,51.225712,2964.18
          -0.387268,51.227417,2948.94
          -0.389124,51.229523,2941.32
          -0.390701,51.231388,2926.08
          -0.39239,51.233551,2918.46
          -0.393753,51.235439,2903.22
          -0.395126,51.237301,2895.6
          -0.39677,51.239822,2880.36
          -0.397809,51.24147,2872.74
          -0.399071,51.243347,2865.12
          -0.400704,51.245819,2849.88
          -0.401764,51.247452,2842.26
          -0.403061,51.249451,2827.02
          -0.404892,51.252151,2811.78
          -0.405807,51.25341,2804.16
          -0.407682,51.256073,2796.54
          -0.416489,51.268257,2750.82
          -0.427056,51.281937,2743.2
          -0.437927,51.295773,2743.2
          -0.44754,51.30769,2743.2
          -0.456009,51.319511,2697.48
          -0.456924,51.321609,2682.24
          -0.457611,51.323795,2674.62
          -0.458069,51.326077,2659.38
          -0.458374,51.328636,2644.14
          -0.458382,51.331146,2628.9
          -0.458382,51.332886,2621.28
          -0.45816,51.335037,2606.04
          -0.457916,51.337341,2598.42
          -0.457491,51.340256,2583.18
          -0.457153,51.342369,2575.56
          -0.456696,51.345024,2560.32
          -0.45623,51.347305,2552.7
          -0.455858,51.349365,2537.46
          -0.455413,51.351654,2529.84
          -0.454893,51.354309,2514.6
          -0.454483,51.356522,2506.98
          -0.453796,51.359409,2499.36
          -0.45326,51.361588,2491.74
          -0.452592,51.363464,2476.5
          -0.451553,51.366074,2468.88
          -0.450287,51.368347,2461.26
          -0.448509,51.370926,2453.64
          -0.446625,51.373188,2446.02
          -0.444649,51.375137,2446.02
          -0.442422,51.377014,2446.02
          -0.439824,51.378937,2446.02
          -0.437003,51.380768,2446.02
          -0.434113,51.382359,2446.02
          -0.430145,51.384312,2446.02
          -0.426759,51.385712,2446.02
          -0.423271,51.386902,2446.02
          -0.419617,51.388039,2446.02
          -0.415878,51.388969,2446.02
          -0.412136,51.389786,2446.02
          -0.407311,51.390564,2446.02
          -0.403442,51.391018,2446.02
          -0.399399,51.391296,2446.02
          -0.395279,51.391438,2446.02
          -0.39032,51.391388,2438.4
          -0.385932,51.391159,2438.4
          -0.381851,51.390785,2438.4
          -0.377731,51.390274,2438.4
          -0.374985,51.389805,2446.02
          -0.369949,51.388924,2446.02
          -0.366287,51.388176,2446.02
          -0.362549,51.387341,2446.02
          -0.358658,51.386456,2438.4
          -0.354829,51.385483,2438.4
          -0.351117,51.384613,2438.4
          -0.346886,51.383514,2438.4
          -0.342712,51.38245,2438.4
          -0.339127,51.381519,2438.4
          -0.335464,51.380589,2438.4
          -0.331594,51.379578,2438.4
          -0.327214,51.378479,2438.4
          -0.323948,51.377609,2438.4
          -0.296705,51.37056,2407.92
          -0.270615,51.363972,2331.72
          -0.258331,51.361874,2308.86
          -0.254364,51.361504,2301.24
          -0.24971,51.361271,2293.62
          -0.246005,51.361221,2278.38
          -0.241241,51.361271,2270.76
          -0.23732,51.361404,2263.14
          -0.233231,51.361641,2247.9
          -0.228634,51.361954,2232.66
          -0.225071,51.362228,2225.04
          -0.220914,51.362595,2209.8
          -0.21698,51.362915,2194.56
          -0.21225,51.363365,2179.32
          -0.208282,51.363739,2171.7
          -0.204315,51.364109,2164.08
          -0.201094,51.364426,2156.46
          -0.196609,51.364807,2141.22
          -0.192261,51.365227,2133.6
          -0.187361,51.365707,2118.36
          -0.159149,51.368252,2042.16
          -0.131242,51.370743,1981.2
          -0.102663,51.373215,1935.48
          -0.074387,51.375561,1905
          -0.051072,51.377472,1882.14
          -0.025536,51.379486,1844.04
          -0.003489,51.38118,1828.8
          0.020933,51.383011,1798.32
          0.034561,51.384964,1760.22
          0.037487,51.385757,1752.6
          0.040817,51.386826,1744.98
          0.043182,51.387806,1737.36
          0.045929,51.389156,1737.36
          0.048294,51.390553,1737.36
          0.050181,51.391846,1729.74
          0.052334,51.393631,1729.74
          0.053558,51.394833,1729.74
          0.055237,51.39679,1722.12
          0.056381,51.398464,1722.12
          0.057449,51.400467,1722.12
          0.057983,51.402142,1714.5
          0.058346,51.403793,1714.5
          0.058421,51.405624,1714.5
          0.058289,51.407219,1706.88
          0.057755,51.409172,1706.88
          0.057144,51.410477,1699.26
          0.056076,51.412151,1699.26
          0.055008,51.413502,1691.64
          0.053373,51.415054,1691.64
          0.051962,51.416199,1691.64
          0.050478,51.417206,1684.02
          0.048523,51.418343,1684.02
          0.046692,51.419357,1676.4
          0.044556,51.420437,1676.4
          0.042535,51.421417,1668.78
          0.040605,51.422287,1668.78
          0.038681,51.423138,1661.16
          0.03685,51.423931,1653.54
          0.034741,51.42485,1653.54
          0.03273,51.425697,1645.92
          0.030289,51.426769,1645.92
          0.028152,51.427654,1638.3
          0.02613,51.428513,1638.3
          0.023754,51.42952,1630.68
          0.021973,51.430305,1630.68
          0.007629,51.436359,1600.2
          -0.00631,51.442337,1577.34
          -0.018234,51.447437,1554.48
          -0.032291,51.453415,1531.62
          -0.046234,51.459354,1501.14
          -0.054189,51.462753,1478.28
          -0.06218,51.466152,1455.42
          -0.070267,51.469597,1440.18
          -0.078125,51.472904,1424.94
          -0.082472,51.474426,1417.32
          -0.084457,51.474998,1409.7
          -0.086851,51.475662,1409.7
          -0.089035,51.476116,1402.08
          -0.091171,51.476532,1394.46
          -0.093231,51.476814,1394.46
          -0.095673,51.477139,1386.84
          -0.097885,51.477325,1386.84
          -0.099619,51.477448,1379.22
          -0.101624,51.477585,1379.22
          -0.10376,51.477695,1371.6
          -0.105855,51.477722,1363.98
          -0.108032,51.477791,1363.98
          -0.110168,51.477791,1356.36
          -0.112313,51.477814,1348.74
          -0.114594,51.477837,1348.74
          -0.116119,51.477837,1341.12
          -0.118561,51.477882,1341.12
          -0.120468,51.477882,1333.5
          -0.122334,51.477905,1333.5
          -0.124207,51.477932,1325.88
          -0.126419,51.477978,1318.26
          -0.128199,51.477997,1310.64
          -0.130081,51.478024,1303.02
          -0.138517,51.47818,1272.54
          -0.146534,51.478226,1242.06
          -0.154419,51.478256,1211.58
          -0.160489,51.478226,1188.72
          -0.168581,51.478226,1150.62
          -0.176468,51.47821,1120.14
          -0.184615,51.478226,1089.66
          -0.190553,51.478226,1066.8
          -0.198645,51.478226,1036.32
          -0.206736,51.478226,1005.84
          -0.214691,51.47821,975.36
          -0.222626,51.478165,944.88
          -0.230103,51.478165,914.4
          -0.238342,51.478165,883.92
          -0.246048,51.478165,853.44
          -0.254096,51.478134,822.96
          -0.262113,51.478134,792.48
          -0.269699,51.478115,762
          -0.27565,51.478115,739.14
          -0.283585,51.478069,708.66
          -0.291672,51.478069,678.18
          -0.299377,51.478069,655.32
          -0.307543,51.478043,624.84
          -0.315475,51.478024,601.98
          -0.321647,51.477997,571.5
          -0.329437,51.477978,541.02
          -0.337384,51.477997,502.92
          -0.344467,51.477932,472.44
          -0.350266,51.477932,457.2
          -0.35713,51.477905,434.34
          -0.364532,51.477882,403.86
          -0.372009,51.477882,381
          -0.379251,51.477859,350.52
          -0.386353,51.477837,327.66
          -0.394023,51.477814,297.18
          -0.401611,51.477791,274.32
          -0.409393,51.477791,236.22
          -0.417099,51.477745,213.36
          -0.41893,51.477745,205.74
          -0.420895,51.477768,198.12
          -0.422677,51.477768,190.5
          -0.424728,51.477745,182.88
          -0.426091,51.477722,175.26
          -0.428467,51.477745,167.64
          -0.430323,51.477722,160.02
          -0.432995,51.477722,152.4
          -0.434405,51.477722,144.78
          -0.460554,51.475903,0
          -0.462227,51.47517,0
          -0.462966,51.474998,0
          -0.463028,51.474556,0
          -0.463152,51.474323,0
          -0.463263,51.474117,0
        </coordinates>
      </LineString>
</Placemark>
<Placemark>
<name>UX9045-2025-07-29</name>
      <TimeStamp>
        <when>2025-07-29</when>
      </TimeStamp>
      <LineString>
        <altitudeMode>absolute</altitudeMode>
        <coordinates>
          -16.344646,28.486324,0
          -16.344513,28.486118,0
          -16.344486,28.485912,0
          -16.344587,28.485699,0
          -16.344671,28.485489,0
          -16.344774,28.485279,0
          -16.344963,28.485077,0
          -16.345192,28.485023,0
          -16.344923,28.48493,0
          -16.344646,28.484848,0
          -16.344276,28.484722,0
          -16.343748,28.48455,0
          -16.34322,28.484367,0
          -16.342661,28.484186,0
          -16.341841,28.483917,0
          -16.341167,28.483685,0
          -16.340366,28.483418,0
          -16.339376,28.483091,0
          -16.338531,28.482811,0
          -16.337673,28.482536,0
          -16.336763,28.482231,0
          -16.335821,28.481916,0
          -16.334852,28.48159,0
          -16.333708,28.481218,0
          -16.332968,28.480961,0
          -16.33177,28.480577,0
          -16.330767,28.480236,0
          -16.329672,28.47987,0
          -16.328588,28.479515,0
          -16.327824,28.479252,0
          -16.326977,28.478971,0
          -16.326195,28.478716,0
          -16.325764,28.478552,0
          -16.325548,28.478413,0
          -16.325333,28.478134,0
          -16.32526,28.477924,0
          -16.325274,28.477718,0
          -16.325415,28.477493,0
          -16.325657,28.477409,0
          -16.325922,28.477455,0
          -16.326128,28.477528,0
          -16.326344,28.477604,0
          -16.326555,28.477673,0
          -16.327492,28.477993,0
          -16.329346,28.4786,0
          -16.332199,28.479542,563.88
          -16.336723,28.481049,563.88
          -16.342432,28.482941,563.88
          -16.350191,28.485535,609.6
          -16.355473,28.487228,662.94
          -16.362736,28.48941,746.76
          -16.368626,28.491165,822.96
          -16.375931,28.49332,922.02
          -16.381777,28.495056,990.6
          -16.3897,28.497299,1074.42
          -16.398172,28.499514,1135.38
          -16.403961,28.501053,1165.86
          -16.413521,28.503656,1226.82
          -16.422184,28.506134,1272.54
          -16.429569,28.508265,1295.4
          -16.439508,28.511215,1348.74
          -16.447287,28.513432,1386.84
          -16.458839,28.516754,1463.04
          -16.468237,28.519577,1577.34
          -16.48477,28.524324,1783.08
          -16.497641,28.529074,1912.62
          -16.499828,28.530304,1935.48
          -16.502047,28.531769,1958.34
          -16.504105,28.533356,1988.82
          -16.505955,28.535019,2011.68
          -16.508036,28.537174,2042.16
          -16.509863,28.539505,2072.64
          -16.511183,28.541428,2095.5
          -16.512344,28.543459,2118.36
          -16.51342,28.545553,2141.22
          -16.514282,28.547928,2171.7
          -16.515198,28.551041,2194.56
          -16.515673,28.553925,2225.04
          -16.515844,28.556168,2240.28
          -16.515844,28.558495,2270.76
          -16.515575,28.561474,2301.24
          -16.514881,28.564819,2331.72
          -16.514141,28.5672,2362.2
          -16.513138,28.56958,2385.06
          -16.512081,28.571686,2407.92
          -16.510889,28.573811,2430.78
          -16.509335,28.576447,2468.88
          -16.50754,28.579376,2499.36
          -16.506113,28.581665,2522.22
          -16.504528,28.584137,2545.08
          -16.503349,28.586054,2560.32
          -16.501993,28.588211,2575.56
          -16.50062,28.590317,2583.18
          -16.49893,28.593018,2598.42
          -16.497587,28.595131,2606.04
          -16.496342,28.597092,2621.28
          -16.485685,28.613892,2705.1
          -16.476099,28.628742,2827.02
          -16.464174,28.646667,2994.66
          -16.452608,28.663788,3185.16
          -16.442387,28.678553,3345.18
          -16.431322,28.694412,3505.2
          -16.41993,28.71072,3657.6
          -16.392076,28.750305,4008.12
          -16.362551,28.792648,4198.62
          -16.329668,28.8379,4511.04
          -16.324627,28.843231,4564.38
          -16.321915,28.845816,4587.24
          -16.318817,28.848633,4617.72
          -16.316097,28.850983,4640.58
          -16.312597,28.853823,4671.06
          -16.309258,28.856382,4709.16
          -16.306351,28.858524,4732.02
          -16.302473,28.861223,4770.12
          -16.299379,28.863327,4800.6
          -16.296118,28.865414,4831.08
          -16.292078,28.867834,4876.8
          -16.288794,28.869789,4907.28
          -16.2847,28.87221,4945.38
          -16.281475,28.874084,4968.24
          -16.277861,28.876261,4998.72
          -16.274845,28.878075,5021.58
          -16.226376,28.908148,5387.34
          -16.176945,28.939133,5692.14
          -16.126205,28.970854,6004.56
          -16.072048,29.004501,6316.98
          -16.019735,29.037004,6576.06
          -15.965617,29.070648,6842.76
          -15.909735,29.105347,7109.46
          -15.850577,29.141968,7360.92
          -15.792092,29.177965,7597.14
          -15.732314,29.214602,7840.98
          -15.671839,29.25174,8061.96
          -15.60861,29.290762,8275.32
          -15.544968,29.32988,8473.44
          -15.483506,29.367479,8648.7
          -15.417463,29.407837,8839.2
          -15.352909,29.447224,9029.7
          -15.286937,29.487398,9212.58
          -15.222878,29.526352,9364.98
          -15.154319,29.568008,9517.38
          -15.085654,29.609756,9662.16
          -15.017448,29.651169,9799.32
          -14.949162,29.692413,9936.48
          -14.877588,29.735567,10081.26
          -14.807147,29.777931,10218.42
          -14.73911,29.818817,10401.3
          -14.66886,29.860931,10584.18
          -14.603577,29.900129,10736.58
          -14.535451,29.940903,10873.74
          -14.468884,29.980387,10980.42
          -14.399506,30.021166,10972.8
          -14.333532,30.060316,10972.8
          -14.265912,30.10063,10972.8
          -14.197351,30.141632,10972.8
          -14.128363,30.182749,10972.8
          -14.0604,30.223022,10972.8
          -13.992188,30.264587,10972.8
          -13.967232,30.284042,10972.8
          -13.963404,30.287306,10972.8
          -13.959338,30.290936,10972.8
          -13.955823,30.294195,10972.8
          -13.951937,30.297867,10972.8
          -13.948544,30.301208,10972.8
          -13.944828,30.304916,10972.8
          -13.940991,30.308859,10972.8
          -13.936804,30.313339,10972.8
          -13.933626,30.316864,10972.8
          -13.930554,30.320356,10972.8
          -13.926571,30.325012,10972.8
          -13.923555,30.328629,10972.8
          -13.920611,30.332273,10972.8
          -13.916931,30.336836,10972.8
          -13.914131,30.340393,10972.8
          -13.911169,30.344055,10972.8
          -13.863131,30.403107,10972.8
          -13.818054,30.458199,10972.8
          -13.769165,30.517784,10972.8
          -13.719824,30.577927,10972.8
          -13.670923,30.637573,10972.8
          -13.622616,30.69635,10972.8
          -13.573285,30.756271,10972.8
          -13.52487,30.815002,10972.8
          -13.476819,30.873259,10972.8
          -13.426776,30.933868,10972.8
          -13.37747,30.99353,10972.8
          -13.32735,31.053741,10972.8
          -13.277893,31.11319,10972.8
          -13.229478,31.171326,10972.8
          -13.180093,31.230652,10972.8
          -13.129486,31.291344,10972.8
          -13.079773,31.350651,10972.8
          -13.029785,31.410332,10972.8
          -12.981047,31.468506,10972.8
          -12.931073,31.527969,10972.8
          -12.884051,31.583971,10972.8
          -12.833789,31.643604,10972.8
          -12.786686,31.699448,10972.8
          -12.737055,31.758217,10972.8
          -12.688001,31.816177,10972.8
          -12.639658,31.873247,10972.8
          -12.589603,31.932182,10972.8
          -12.538422,31.992462,10972.8
          -12.489661,32.049633,10972.8
          -12.4414,32.106102,10972.8
          -12.389173,32.167007,10972.8
          -12.339569,32.224869,10972.8
          -12.289441,32.283371,10972.8
          -12.238713,32.342632,10972.8
          -12.188154,32.401337,10972.8
          -12.136978,32.460644,10972.8
          -12.085746,32.520229,10972.8
          -12.034401,32.579632,10972.8
          -11.983722,32.638092,10972.8
          -11.931372,32.69838,10972.8
          -11.882891,32.7542,10972.8
          -11.831154,32.813507,10972.8
          -11.781408,32.870453,10972.8
          -11.730932,32.928215,10972.8
          -11.678411,32.988358,10972.8
          -11.626058,33.04813,10972.8
          -11.5732,33.108372,10972.8
          -11.51933,33.16713,10972.8
          -11.463,33.223122,10972.8
          -11.409189,33.276657,10972.8
          -11.352777,33.332748,10972.8
          -11.295978,33.389053,10972.8
          -11.239574,33.444756,10972.8
          -11.185565,33.498138,10972.8
          -11.128085,33.554947,10972.8
          -11.070239,33.61203,10972.8
          -11.011848,33.669605,10972.8
          -10.95791,33.72258,10972.8
          -10.900512,33.778839,10972.8
          -10.842133,33.835888,10972.8
          -10.785255,33.891426,10972.8
          -10.730896,33.944309,10972.8
          -10.671959,34.001568,10972.8
          -10.61425,34.057571,10972.8
          -10.55975,34.110409,10972.8
          -10.501957,34.166271,10972.8
          -10.446652,34.21962,10972.8
          -10.391329,34.273087,10972.8
          -10.331296,34.330994,10972.8
          -10.27345,34.38652,10972.8
          -10.214825,34.442791,10972.8
          -10.156412,34.49881,10972.8
          -10.098621,34.553925,10972.8
          -10.040439,34.60936,10972.8
          -9.981136,34.665775,10972.8
          -9.924914,34.719131,10972.8
          -9.867517,34.773651,10972.8
          -9.808212,34.82991,10972.8
          -9.751854,34.883221,10972.8
          -9.694593,34.93721,10972.8
          -9.637699,34.990665,10972.8
          -9.581451,35.043594,10972.8
          -9.522176,35.099304,10972.8
          -9.46433,35.15332,10972.8
          -9.406147,35.207611,10972.8
          -9.347763,35.262039,10972.8
          -9.289627,35.316193,10972.8
          -9.231262,35.370392,10972.8
          -9.172955,35.424591,10972.8
          -9.11538,35.47802,10972.8
          -9.057884,35.531204,10972.8
          -8.999519,35.585083,10972.8
          -8.941702,35.638344,10972.8
          -8.884907,35.690643,10972.8
          -8.826485,35.744202,10972.8
          -8.768692,35.797119,10972.8
          -8.711529,35.84935,10972.8
          -8.653851,35.901993,10972.8
          -8.594815,35.955738,10972.8
          -8.536844,36.00848,10972.8
          -8.478173,36.061737,10972.8
          -8.419533,36.114807,10972.8
          -8.360882,36.167679,10972.8
          -8.3028,36.219967,10972.8
          -8.244839,36.272049,10972.8
          -8.186976,36.324154,10972.8
          -8.129006,36.376385,10972.8
          -8.070202,36.429108,10972.8
          -8.012638,36.480377,10972.8
          -7.954216,36.532333,10972.8
          -7.89841,36.582005,10972.8
          -7.840004,36.633911,10972.8
          -7.782211,36.685364,10972.8
          -7.724361,36.736862,10972.8
          -7.665768,36.788681,10972.8
          -7.607346,36.840225,10972.8
          -7.549127,36.891357,10972.8
          -7.491507,36.941895,10972.8
          -7.431491,36.994492,10972.8
          -7.373319,37.045479,10972.8
          -7.316178,37.097294,10972.8
          -7.260828,37.148266,10972.8
          -7.204635,37.199661,10972.8
          -7.148636,37.25045,10972.8
          -7.091499,37.301926,10972.8
          -7.037101,37.351002,10972.8
          -6.978707,37.403511,10972.8
          -6.919416,37.456814,10972.8
          -6.862574,37.50779,10972.8
          -6.805015,37.559322,10972.8
          -6.749345,37.609085,10972.8
          -6.692427,37.659805,10972.8
          -6.637963,37.708282,10972.8
          -6.578999,37.760742,10972.8
          -6.519743,37.813431,10972.8
          -6.464344,37.862457,10972.8
          -6.402925,37.916702,10972.8
          -6.344546,37.968201,10972.8
          -6.28716,38.018692,10972.8
          -6.230359,38.068588,10972.8
          -6.172645,38.119205,10972.8
          -6.116101,38.168644,10972.8
          -6.05931,38.218323,10972.8
          -6.003093,38.267487,10972.8
          -5.946116,38.317108,10972.8
          -5.888789,38.366776,10972.8
          -5.808722,38.436081,10972.8
          -5.74991,38.486938,10972.8
          -5.694458,38.534779,10972.8
          -5.635509,38.585541,10972.8
          -5.577771,38.635162,10972.8
          -5.529706,38.67627,10972.8
          -5.460623,38.735367,10927.08
          -5.402222,38.785229,10828.02
          -5.342878,38.836121,10721.34
          -5.283569,38.886665,10614.66
          -5.226626,38.935089,10454.64
          -5.165222,38.984566,10241.28
          -5.124451,39.010448,10050.78
          -5.11908,39.013474,10027.92
          -5.114319,39.016037,10005.06
          -5.108398,39.019199,9974.58
          -5.103943,39.021481,9959.34
          -5.088257,39.029118,9913.62
          -5.012751,39.065598,9448.8
          -4.936145,39.102997,9083.04
          -4.866699,39.136326,8808.72
          -4.795473,39.170151,8542.02
          -4.73291,39.204945,8221.98
          -4.728599,39.207916,8199.12
          -4.724792,39.210625,8176.26
          -4.720093,39.214024,8145.78
          -4.717255,39.216156,8122.92
          -4.712896,39.219452,8092.44
          -4.709433,39.222153,8069.58
          -4.706055,39.224728,8054.34
          -4.649475,39.268394,7665.72
          -4.594136,39.310959,7277.1
          -4.537891,39.354263,6926.58
          -4.48272,39.39679,6583.68
          -4.428467,39.438496,6248.4
          -4.375427,39.479279,5928.36
          -4.323669,39.51894,5654.04
          -4.272129,39.558701,5257.8
          -4.22406,39.595146,4945.38
          -4.174561,39.632854,4709.16
          -4.126038,39.669537,4488.18
          -4.078018,39.706741,4244.34
          -4.03246,39.74176,4008.12
          -3.984932,39.777328,3802.38
          -3.936389,39.8134,3589.02
          -3.91687,39.827953,3489.96
          -3.894409,39.844757,3383.28
          -3.875726,39.858856,3284.22
          -3.853634,39.875519,3215.64
          -3.835632,39.889122,3177.54
          -3.814764,39.904861,3124.2
          -3.798224,39.917313,3086.1
          -3.781419,39.929855,3040.38
          -3.764954,39.942169,2971.8
          -3.748535,39.954483,2910.84
          -3.730347,39.968124,2811.78
          -3.711731,39.982132,2705.1
          -3.692993,39.996185,2613.66
          -3.674683,40.009872,2491.74
          -3.658135,40.022217,2392.68
          -3.644465,40.034691,2308.86
          -3.642405,40.03688,2293.62
          -3.639771,40.039719,2278.38
          -3.637817,40.041824,2263.14
          -3.63562,40.044159,2247.9
          -3.633166,40.046749,2232.66
          -3.631356,40.048656,2225.04
          -3.629028,40.051117,2209.8
          -3.616394,40.064484,2133.6
          -3.604065,40.077347,2042.16
          -3.591531,40.090416,1973.58
          -3.579468,40.103256,1912.62
          -3.565937,40.117928,1836.42
          -3.557635,40.129147,1783.08
          -3.556519,40.131454,1775.46
          -3.555542,40.133698,1767.84
          -3.554514,40.136177,1752.6
          -3.553528,40.138596,1744.98
          -3.552641,40.141018,1729.74
          -3.551636,40.143539,1722.12
          -3.550644,40.146091,1706.88
          -3.549645,40.148746,1691.64
          -3.548767,40.151184,1684.02
          -3.547648,40.154007,1668.78
          -3.546631,40.156631,1661.16
          -3.545712,40.159031,1645.92
          -3.544839,40.161407,1638.3
          -3.538097,40.178726,1569.72
          -3.532654,40.192886,1516.38
          -3.529795,40.20023,1485.9
          -3.525987,40.210148,1447.8
          -3.523178,40.217644,1424.94
          -3.519745,40.227184,1402.08
          -3.516541,40.236191,1379.22
          -3.514065,40.243244,1356.36
          -3.510742,40.252625,1333.5
          -3.50776,40.261448,1310.64
          -3.504822,40.270157,1280.16
          -3.501892,40.2789,1257.3
          -3.499645,40.285469,1234.44
          -3.497523,40.291985,1219.2
          -3.494812,40.300598,1203.96
          -3.492676,40.306961,1188.72
          -3.490234,40.314148,1165.86
          -3.488342,40.32019,1143
          -3.486099,40.327042,1135.38
          -3.484476,40.332253,1135.38
          -3.482354,40.339096,1135.38
          -3.480347,40.345505,1143
          -3.478149,40.352325,1143
          -3.476112,40.358883,1143
          -3.474304,40.365555,1150.62
          -3.47374,40.368889,1150.62
          -3.473615,40.370518,1143
          -3.473552,40.37215,1143
          -3.473615,40.373592,1143
          -3.473677,40.3755,1143
          -3.47374,40.377083,1143
          -3.473802,40.378712,1135.38
          -3.47406,40.380707,1127.76
          -3.474551,40.382439,1120.14
          -3.475238,40.383972,1104.9
          -3.476237,40.385788,1097.28
          -3.477295,40.387253,1082.04
          -3.478394,40.388626,1074.42
          -3.479431,40.389771,1066.8
          -3.480835,40.391144,1051.56
          -3.482104,40.392399,1043.94
          -3.483602,40.393841,1036.32
          -3.485229,40.395401,1021.08
          -3.486536,40.396637,1005.84
          -3.487915,40.397919,990.6
          -3.489258,40.399246,975.36
          -3.490356,40.400345,967.74
          -3.491655,40.401569,952.5
          -3.493042,40.402954,937.26
          -3.494202,40.404099,929.64
          -3.49565,40.405575,922.02
          -3.496948,40.406845,914.4
          -3.501767,40.411625,891.54
          -3.505249,40.415131,876.3
          -3.510376,40.420166,838.2
          -3.515375,40.425079,800.1
          -3.519121,40.428848,769.62
          -3.524048,40.433716,731.52
          -3.52771,40.437241,708.66
          -3.532666,40.442165,678.18
          -3.537598,40.447052,640.08
          -3.541468,40.450871,617.22
          -3.546462,40.455757,579.12
          -3.551453,40.460678,541.02
          -3.555054,40.464203,518.16
          -3.559753,40.468918,495.3
          -3.563477,40.472534,502.92
          -3.56575,40.474773,0
          -3.568075,40.477077,0
          -3.56948,40.478439,0
          -3.570892,40.479858,0
          -3.57143,40.480335,0
          -3.571633,40.480499,0
          -3.572006,40.480762,0
          -3.572445,40.48101,0
          -3.572784,40.481174,0
          -3.572998,40.481277,0
          -3.573303,40.481396,0
          -3.573584,40.481499,0
          -3.573868,40.481609,0
          -3.574193,40.481731,0
          -3.574458,40.48177,0
          -3.574722,40.481724,0
          -3.574926,40.48156,0
          -3.575004,40.481316,0
          -3.574844,40.481071,0
          -3.574583,40.480789,0
          -3.57438,40.480602,0
          -3.574146,40.48037,0
          -3.573927,40.480164,0
          -3.573522,40.479755,0
          -3.573007,40.479256,0
          -3.572617,40.478874,0
          -3.572037,40.478291,0
          -3.571524,40.477787,0
          -3.570822,40.477089,0
          -3.570291,40.476578,0
          -3.569733,40.476036,0
          -3.569183,40.475483,0
          -3.568726,40.47504,0
          -3.568263,40.474586,0
          -3.567826,40.474155,0
          -3.567245,40.473587,0
          -3.566796,40.473133,0
          -3.566162,40.472511,0
          -3.565719,40.472073,0
          -3.565338,40.471676,0
          -3.565155,40.471447,0
          -3.56497,40.471165,0
          -3.564819,40.470898,0
          -3.564705,40.470596,0
          -3.564642,40.470387,0
          -3.56459,40.470097,0
          -3.564575,40.469879,0
          -3.564575,40.46965,0
          -3.56459,40.469421,0
          -3.564611,40.469162,0
          -3.564743,40.468952,0
          -3.56497,40.468861,0
          -3.565216,40.468838,0
          -3.565445,40.468838,0
          -3.565656,40.468838,0
          -3.565872,40.468849,0
          -3.566086,40.468861,0
          -3.566315,40.468895,0
          -3.566544,40.469009,0
          -3.566666,40.469215,0
          -3.566796,40.469456,0
          -3.56694,40.469673,0
          -3.567154,40.469948,0
          -3.567337,40.470154,0
          -3.567551,40.470371,0
          -3.56781,40.4706,0
          -3.568013,40.470783,0
          -3.568237,40.470943,0
          -3.568497,40.471138,0
          -3.568793,40.471397,0
          -3.569027,40.471584,0
          -3.569244,40.471573,0
          -3.569458,40.471447,0
          -3.569611,40.47123,0
          -3.569745,40.471016,0
        </coordinates>
      </LineString>
</Placemark>
<Placemark>
<name>SK806-2025-10-24</name>
      <TimeStamp>
        <when>2025-10-24</when>
      </TimeStamp>
      <LineString>
        <altitudeMode>absolute</altitudeMode>
        <coordinates>
          -0.45042,51.468166,0
          -0.450421,51.467926,0
          -0.450153,51.467827,0
          -0.450344,51.467606,0
          -0.450554,51.467514,0
          -0.450134,51.467514,0
          -0.449641,51.467525,0
          -0.449085,51.467525,0
          -0.448639,51.467525,0
          -0.447617,51.467537,0
          -0.446892,51.467525,0
          -0.44632,51.467537,0
          -0.445957,51.467571,0
          -0.445709,51.467678,0
          -0.445576,51.467899,0
          -0.445557,51.468143,0
          -0.445557,51.468433,0
          -0.445559,51.468658,0
          -0.445559,51.468956,0
          -0.445557,51.469574,0
          -0.445576,51.470425,0
          -0.445577,51.471519,0
          -0.445595,51.472412,0
          -0.445595,51.473042,0
          -0.445595,51.47374,0
          -0.445076,51.475033,0
          -0.444679,51.475044,0
          -0.44309,51.475044,0
          -0.441895,51.475033,0
          -0.440331,51.475044,0
          -0.439045,51.475056,0
          -0.43782,51.474861,0
          -0.437467,51.474667,0
          -0.436818,51.474518,0
          -0.435944,51.474522,0
          -0.435238,51.474545,0
          -0.434628,51.474609,0
          -0.43422,51.475159,0
          -0.43422,51.475468,0
          -0.434227,51.4758,0
          -0.434227,51.476078,0
          -0.43422,51.476315,0
          -0.434227,51.476543,0
          -0.434208,51.476753,0
          -0.434189,51.477104,0
          -0.434164,51.477379,0
          -0.434608,51.477673,0
          -0.436781,51.477654,0
          -0.438366,51.47765,0
          -0.461871,51.477676,190.5
          -0.469742,51.477695,289.56
          -0.478439,51.477745,419.1
          -0.486984,51.477745,533.4
          -0.493123,51.477676,594.36
          -0.501808,51.477631,662.94
          -0.508652,51.477558,716.28
          -0.518799,51.477558,784.86
          -0.529274,51.477448,861.06
          -0.541225,51.477539,929.64
          -0.544269,51.477722,944.88
          -0.547461,51.478043,967.74
          -0.549762,51.478455,982.98
          -0.553251,51.479095,1013.46
          -0.556294,51.479874,1036.32
          -0.559158,51.480679,1066.8
          -0.562233,51.481613,1097.28
          -0.565414,51.482586,1120.14
          -0.568394,51.483536,1150.62
          -0.571289,51.484497,1173.48
          -0.574184,51.485458,1188.72
          -0.577164,51.48645,1211.58
          -0.580345,51.487518,1242.06
          -0.583389,51.488571,1264.92
          -0.586319,51.489567,1280.16
          -0.590134,51.490871,1303.02
          -0.593338,51.491943,1325.88
          -0.595856,51.492779,1333.5
          -0.599747,51.494083,1348.74
          -0.602798,51.49511,1363.98
          -0.614789,51.499146,1417.32
          -0.627334,51.503494,1470.66
          -0.633926,51.506329,1493.52
          -0.636902,51.507771,1508.76
          -0.639038,51.50898,1516.38
          -0.642471,51.511074,1531.62
          -0.644927,51.51265,1539.24
          -0.647202,51.514381,1546.86
          -0.649338,51.516197,1562.1
          -0.651703,51.518429,1577.34
          -0.653612,51.520523,1592.58
          -0.655245,51.522491,1600.2
          -0.657196,51.525135,1615.44
          -0.658586,51.527435,1630.68
          -0.659699,51.529724,1638.3
          -0.660516,51.531967,1653.54
          -0.661184,51.534393,1661.16
          -0.661704,51.536957,1676.4
          -0.661852,51.539429,1684.02
          -0.661774,51.542358,1699.26
          -0.661481,51.544327,1706.88
          -0.660813,51.547348,1714.5
          -0.659714,51.549992,1729.74
          -0.658734,51.552475,1737.36
          -0.657398,51.55481,1752.6
          -0.655365,51.557629,1760.22
          -0.65339,51.560074,1775.46
          -0.651169,51.562424,1783.08
          -0.648787,51.564743,1790.7
          -0.646115,51.566895,1805.94
          -0.643294,51.568954,1813.56
          -0.640564,51.570755,1821.18
          -0.637054,51.572849,1836.42
          -0.633316,51.57476,1844.04
          -0.630035,51.57634,1851.66
          -0.626369,51.578018,1866.9
          -0.622253,51.579788,1874.52
          -0.618439,51.581367,1882.14
          -0.614929,51.582813,1889.76
          -0.611038,51.584347,1889.76
          -0.6073,51.585838,1897.38
          -0.603209,51.587448,1905
          -0.599747,51.588818,1912.62
          -0.595016,51.590679,1920.24
          -0.591202,51.592121,1920.24
          -0.587463,51.593613,1927.86
          -0.583649,51.5951,1927.86
          -0.579529,51.596684,1935.48
          -0.55674,51.605713,1943.1
          -0.5292,51.616562,1950.72
          -0.501288,51.627594,1950.72
          -0.474713,51.637894,1950.72
          -0.447322,51.648468,1950.72
          -0.42045,51.658768,1950.72
          -0.396547,51.668015,1950.72
          -0.369492,51.678524,1950.72
          -0.343094,51.688812,1950.72
          -0.315399,51.699657,1950.72
          -0.289536,51.709808,2072.64
          -0.265825,51.718964,2278.38
          -0.242664,51.728027,2468.88
          -0.215149,51.738949,2712.72
          -0.186691,51.749981,2979.42
          -0.158234,51.760689,3177.54
          -0.133321,51.770279,3261.36
          -0.106735,51.780567,3375.66
          -0.074692,51.792904,3573.78
          -0.043351,51.804977,3779.52
          0.026798,51.832169,4236.72
          0.09858,51.859909,4709.16
          0.170898,51.887775,5120.64
          0.244132,51.916637,5501.64
          0.262887,51.926182,5600.7
          0.267029,51.928528,5623.56
          0.272293,51.931503,5654.04
          0.27662,51.933956,5676.9
          0.280533,51.936172,5699.76
          0.284958,51.938736,5722.62
          0.289459,51.941254,5753.1
          0.293806,51.943779,5775.96
          0.359881,51.982834,6088.38
          0.379257,51.997513,6217.92
          0.38256,52.000248,6233.16
          0.386276,52.003235,6256.02
          0.390093,52.00639,6278.88
          0.393624,52.009369,6294.12
          0.397339,52.01239,6316.98
          0.401707,52.016026,6339.84
          0.458287,52.062626,6690.36
          0.514603,52.108932,7056.12
          0.572702,52.156616,7391.4
          0.631485,52.204834,7696.2
          0.691299,52.253769,8039.1
          0.75119,52.302612,8290.56
          0.816441,52.355671,8503.92
          0.877609,52.406021,8694.42
          0.941058,52.457809,8961.12
          1.004072,52.508781,9174.48
          1.066772,52.560501,9372.6
          1.129316,52.613293,9532.62
          1.191711,52.665207,9692.64
          1.256993,52.71822,9791.7
          1.324559,52.77227,9944.1
          1.391654,52.825478,10203.18
          1.457901,52.878891,10302.24
          1.526794,52.935196,10416.54
          1.595917,52.9888,10637.52
          1.664036,53.041527,10789.92
          1.731796,53.093994,10927.08
          1.801679,53.147873,11026.14
          1.872038,53.202038,11193.78
          1.940864,53.254829,11277.6
          2.009164,53.307037,11277.6
          2.079477,53.36055,11277.6
          2.148926,53.413239,11277.6
          2.219944,53.467026,11285.22
          2.290963,53.520584,11285.22
          2.362217,53.574097,11292.84
          2.431291,53.625851,11292.84
          2.503025,53.679432,11277.6
          2.573312,53.731934,11269.98
          2.645743,53.785675,11269.98
          2.716612,53.837894,11269.98
          2.789115,53.891327,11269.98
          2.861212,53.944363,11277.6
          2.933036,53.996887,11285.22
          3.004519,54.049103,11277.6
          3.081037,54.104599,11277.6
          3.154332,54.157745,11277.6
          3.229117,54.211807,11269.98
          3.296134,54.260101,11269.98
          3.369814,54.312927,11269.98
          3.443083,54.36525,11277.6
          3.516291,54.417286,11277.6
          3.589949,54.469608,11285.22
          3.662692,54.521236,11285.22
          3.736806,54.573395,11277.6
          3.80901,54.624302,11269.98
          3.882051,54.675522,11269.98
          3.955644,54.726837,11269.98
          4.029402,54.77853,11277.6
          4.103643,54.830856,11285.22
          4.178601,54.883621,11285.22
          4.252458,54.935131,11292.84
          4.32724,54.98735,11292.84
          4.398193,55.0368,11285.22
          4.471935,55.08815,11277.6
          4.546159,55.14006,11269.98
          4.619509,55.191559,11269.98
          4.688748,55.24028,11262.36
          4.7654,55.294327,11269.98
          4.839977,55.346653,11269.98
          4.914362,55.398422,11277.6
          4.982799,55.453125,11277.6
          5.047445,55.513359,11277.6
          5.109844,55.570988,11285.22
          5.172813,55.629272,11277.6
          5.235152,55.68663,11277.6
          5.297907,55.744125,11277.6
          5.361495,55.802582,11277.6
          5.425959,55.861336,11285.22
          5.487242,55.917011,11285.22
          5.550842,55.974701,11285.22
          5.615215,56.032833,11285.22
          5.679846,56.090839,11285.22
          5.74379,56.14819,11285.22
          5.807476,56.205124,11285.22
          5.871693,56.262085,11285.22
          5.932034,56.315689,11277.6
          5.996561,56.372711,11269.98
          6.05871,56.427567,11262.36
          6.124105,56.484901,11262.36
          6.187716,56.540543,11269.98
          6.254145,56.598396,11277.6
          6.319974,56.655472,11277.6
          6.385202,56.711975,11285.22
          6.450835,56.768547,11285.22
          6.51824,56.826324,11269.98
          6.5839,56.882492,11269.98
          6.649561,56.938385,11277.6
          6.71433,56.993439,11269.98
          6.779982,57.049114,11277.6
          6.845191,57.104233,11277.6
          6.91359,57.161724,11277.6
          6.979242,57.216797,11285.22
          7.046932,57.27317,11285.22
          7.114179,57.328941,11277.6
          7.18257,57.385529,11277.6
          7.248053,57.439548,11269.98
          7.315693,57.495163,11277.6
          7.384186,57.551239,11277.6
          7.452164,57.606674,11285.22
          7.520914,57.662613,11277.6
          7.592261,57.720211,11277.6
          7.661591,57.77626,11285.22
          7.729248,57.830868,11292.84
          7.798645,57.886311,11285.22
          7.867767,57.941521,11277.6
          7.937622,57.996918,11269.98
          8.005755,58.050797,11269.98
          8.074127,58.104782,11277.6
          8.141844,58.157959,11285.22
          8.210815,58.211899,11277.6
          8.279084,58.265076,11277.6
          8.347394,58.318268,11269.98
          8.416857,58.372284,11262.36
          8.489774,58.428589,11262.36
          8.559236,58.481781,11269.98
          8.630585,58.53632,11277.6
          8.703475,58.588623,11269.98
          8.776304,58.640305,10965.18
          8.852145,58.693542,10591.8
          8.925934,58.74548,10241.28
          8.998352,58.79599,9936.48
          9.068573,58.844963,9707.88
          9.137689,58.892864,9364.98
          9.206543,58.940208,9006.84
          9.276628,58.988434,8671.56
          9.34433,59.034805,8275.32
          9.41217,59.081268,7924.8
          9.480349,59.127674,7604.76
          9.54657,59.172729,7269.48
          9.607828,59.214073,6926.58
          9.672546,59.25769,6659.88
          9.736539,59.300709,6347.46
          9.800995,59.343018,5966.46
          9.863068,59.382935,5661.66
          9.925579,59.423187,5402.58
          9.988562,59.463547,5105.4
          10.050975,59.503304,4899.66
          10.112821,59.542686,4709.16
          10.173056,59.580997,4442.46
          10.232941,59.618912,4122.42
          10.292768,59.656551,3840.48
          10.351776,59.693848,3550.92
          10.378481,59.710648,3413.76
          10.402405,59.725662,3299.46
          10.428393,59.741882,3177.54
          10.455385,59.758736,3063.24
          10.479584,59.772125,2979.42
          10.483795,59.774002,2964.18
          10.488464,59.776016,2948.94
          10.492767,59.777847,2941.32
          10.497345,59.77977,2926.08
          10.501414,59.781452,2910.84
          10.506813,59.783688,2895.6
          10.51098,59.785408,2887.98
          10.515053,59.787086,2872.74
          10.519788,59.78904,2865.12
          10.52405,59.790855,2849.88
          10.551137,59.802029,2735.58
          10.583405,59.815338,2583.18
          10.610229,59.826324,2476.5
          10.638175,59.837875,2377.44
          10.663605,59.848343,2286
          10.695853,59.861523,2141.22
          10.721425,59.872044,2019.3
          10.753626,59.885078,1882.14
          10.77986,59.895786,1798.32
          10.805878,59.906342,1744.98
          10.834888,59.918179,1699.26
          10.859511,59.928185,1653.54
          10.887735,59.939636,1600.2
          10.914917,59.950607,1546.86
          10.937364,59.959579,1501.14
          10.952138,59.96553,1478.28
          10.966249,59.971252,1455.42
          10.979225,59.976517,1440.18
          10.98576,59.979813,1440.18
          10.98829,59.9813,1440.18
          10.990743,59.983212,1440.18
          10.993096,59.985119,1440.18
          10.99542,59.987366,1440.18
          10.997118,59.98917,1440.18
          10.998491,59.990845,1440.18
          11.00044,59.993317,1440.18
          11.001861,59.995056,1440.18
          11.003298,59.996944,1440.18
          11.004607,59.99881,1440.18
          11.006217,60.001099,1447.8
          11.007354,60.002701,1447.8
          11.008693,60.004623,1447.8
          11.009871,60.006393,1447.8
          11.010949,60.008068,1440.18
          11.012519,60.01049,1447.8
          11.013604,60.012314,1440.18
          11.014647,60.013962,1447.8
          11.015657,60.015656,1447.8
          11.016737,60.017471,1440.18
          11.017914,60.019287,1432.56
          11.018895,60.021057,1417.32
          11.023211,60.028458,1371.6
          11.027527,60.036026,1318.26
          11.03145,60.043121,1272.54
          11.03459,60.048801,1234.44
          11.038797,60.05603,1188.72
          11.042437,60.062347,1150.62
          11.046556,60.069424,1112.52
          11.050352,60.075897,1066.8
          11.054011,60.082321,1028.7
          11.057834,60.088852,982.98
          11.060486,60.093613,944.88
          11.064017,60.099918,914.4
          11.066666,60.104431,883.92
          11.070241,60.11055,845.82
          11.07363,60.116535,807.72
          11.077064,60.122589,777.24
          11.079618,60.126984,746.76
          11.08208,60.131195,716.28
          11.082743,60.132477,708.66
          11.084224,60.134922,693.42
          11.084826,60.136093,685.8
          11.085679,60.13765,670.56
          11.086436,60.138885,670.56
          11.087005,60.139801,662.94
          11.087857,60.141312,655.32
          11.088442,60.142418,647.7
          11.089088,60.143509,640.08
          11.089846,60.144791,632.46
          11.090508,60.145889,624.84
          11.091188,60.147026,617.22
          11.091777,60.148052,609.6
          11.092403,60.149139,601.98
          11.093053,60.150238,594.36
          11.093729,60.151382,586.74
          11.095799,60.154896,571.5
          11.098546,60.159782,541.02
          11.101116,60.164063,510.54
          11.103745,60.168583,480.06
          11.106515,60.173538,449.58
          11.109336,60.178356,411.48
          11.109924,60.179428,411.48
          11.110587,60.180588,411.48
          11.111298,60.181896,411.48
          11.111886,60.182873,411.48
          11.112376,60.183712,411.48
          11.112955,60.184662,419.1
          11.113529,60.185711,0
          11.113666,60.185932,0
          11.113996,60.186516,0
          11.114447,60.187294,0
          11.115654,60.189411,0
          11.11657,60.191113,0
          11.116889,60.191914,0
          11.116938,60.192184,0
          11.116962,60.192406,0
          11.116938,60.192696,0
          11.116861,60.193005,0
          11.116742,60.19323,0
          11.11653,60.193451,0
          11.116324,60.193558,0
          11.116079,60.193638,0
          11.115786,60.193695,0
          11.115441,60.193748,0
          11.115172,60.19379,0
          11.114825,60.19384,0
          11.114584,60.193871,0
          11.114289,60.193905,0
          11.114019,60.193951,0
          11.113712,60.193989,0
          11.113382,60.194012,0
          11.113145,60.194,0
          11.112931,60.193966,0
          11.112695,60.193886,0
          11.112474,60.193661,0
          11.112363,60.193439,0
          11.112245,60.193222,0
          11.112126,60.193005,0
          11.111959,60.192741,0
          11.1117,60.192272,0
          11.111392,60.191769,0
          11.111203,60.191563,0
          11.110979,60.191448,0
          11.110758,60.191391,0
          11.11054,60.19138,0
          11.110232,60.19138,0
          11.109949,60.191425,0
          11.10964,60.191471,0
          11.109336,60.191509,0
          11.109091,60.191544,0
          11.108821,60.191578,0
          11.1086,60.191612,0
          11.108306,60.191658,0
          11.108006,60.1917,0
          11.107766,60.191742,0
          11.107083,60.191837,0
          11.106421,60.191917,0
          11.105878,60.191998,0
          11.105308,60.192078,0
          11.104726,60.192162,0
          11.104502,60.192192,0
          11.10448,60.192417,0
          11.104676,60.19265,0
          11.104799,60.192871,0
          11.104921,60.193081,0
        </coordinates>
      </LineString>
</Placemark>
<Placemark>
<name>SK803-2025-10-26</name>
      <TimeStamp>
        <when>2025-10-26</when>
      </TimeStamp>
      <LineString>
        <altitudeMode>absolute</altitudeMode>
        <coordinates>
          11.106393,60.193802,0
          11.106515,60.194012,0
          11.106657,60.194241,0
          11.106736,60.194454,0
          11.106941,60.194653,0
          11.107154,60.194778,0
          11.107368,60.194859,0
          11.10713,60.194939,0
          11.106917,60.194973,0
          11.106711,60.195,0
          11.106491,60.19503,0
          11.106231,60.195076,0
          11.106001,60.195114,0
          11.105756,60.195164,0
          11.105544,60.195259,0
          11.105388,60.195465,0
          11.10545,60.195717,0
          11.105568,60.195946,0
          11.10571,60.196175,0
          11.105852,60.196426,0
          11.106041,60.196758,0
          11.106278,60.19717,0
          11.10654,60.197582,0
          11.106761,60.197968,0
          11.106957,60.198315,0
          11.106957,60.198586,0
          11.106657,60.198795,0
          11.106368,60.198841,0
          11.106123,60.198864,0
          11.105829,60.19891,0
          11.105615,60.198933,0
          11.105402,60.198978,0
          11.105118,60.199017,0
          11.104905,60.199047,0
          11.104651,60.199085,0
          11.103792,60.199207,0
          11.102886,60.199329,0
          11.101954,60.199467,0
          11.101046,60.199608,0
          11.100027,60.199757,0
          11.098791,60.199921,0
          11.097635,60.200089,0
          11.096314,60.200272,0
          11.094892,60.200481,0
          11.093587,60.200672,0
          11.0919,60.200901,0
          11.0906,60.201088,0
          11.089585,60.201233,0
          11.089325,60.201256,0
          11.08908,60.201237,0
          11.088859,60.201191,0
          11.088638,60.20105,0
          11.088496,60.200821,0
          11.088368,60.200607,0
          11.088236,60.200386,0
          11.088099,60.200153,0
          11.087952,60.199894,0
          11.087657,60.199375,0
          11.087363,60.198887,0
          11.086981,60.198246,0
          11.086627,60.197628,0
          11.086235,60.19693,0
          11.085844,60.196243,0
          11.085402,60.195488,0
          11.084969,60.194744,0
          11.084424,60.193817,0
          11.083979,60.19302,0
          11.08369,60.192535,0
          11.08344,60.192333,0
          11.083169,60.192261,0
          11.082925,60.192242,0
          11.082719,60.192261,0
          11.082482,60.192295,0
          11.082213,60.192345,0
          11.082008,60.192375,0
          11.081747,60.192417,0
          11.081417,60.192455,0
          11.081133,60.192501,0
          11.080825,60.192535,0
          11.080446,60.192593,0
          11.080114,60.19265,0
          11.079641,60.192719,0
          11.07932,60.192776,0
          11.07905,60.192848,0
          11.078813,60.192924,0
          11.078559,60.193104,0
          11.078481,60.193348,0
          11.078623,60.1936,0
          11.078789,60.193874,0
          11.078952,60.194138,0
          11.079191,60.194527,0
          11.07932,60.194744,0
          11.079522,60.19511,0
          11.079688,60.195408,0
          11.079859,60.195675,0
          11.080153,60.196198,0
          11.080374,60.196594,0
          11.080611,60.196976,0
          11.082557,60.200329,434.34
          11.0855,60.205402,441.96
          11.088046,60.20961,518.16
          11.091361,60.215195,640.08
          11.094622,60.220718,769.62
          11.097173,60.225281,868.68
          11.100017,60.230637,990.6
          11.1032,60.236618,1082.04
          11.106786,60.243019,1173.48
          11.110398,60.24939,1257.3
          11.112573,60.253445,1303.02
          11.113239,60.255432,1325.88
          11.11375,60.257404,1348.74
          11.113997,60.259277,1371.6
          11.113946,60.261219,1394.46
          11.113712,60.263626,1424.94
          11.113259,60.265503,1447.8
          11.112573,60.268108,1485.9
          11.112008,60.270172,1508.76
          11.111494,60.272301,1539.24
          11.110871,60.274521,1562.1
          11.110114,60.277313,1600.2
          11.109434,60.279469,1630.68
          11.108747,60.28175,1653.54
          11.107766,60.284172,1684.02
          11.106786,60.286499,1714.5
          11.10551,60.28915,1752.6
          11.103548,60.292038,1790.7
          11.101586,60.294319,1828.8
          11.099222,60.296677,1874.52
          11.096976,60.298649,1912.62
          11.094426,60.300556,1943.1
          11.090604,60.303131,1996.44
          11.087952,60.304562,2026.92
          11.084068,60.306381,2072.64
          11.080202,60.307957,2110.74
          11.074513,60.309822,2171.7
          11.070051,60.311005,2209.8
          11.063919,60.312241,2263.14
          11.059729,60.312927,2301.24
          11.053129,60.313637,2354.58
          11.047794,60.314026,2392.68
          11.041923,60.314163,2438.4
          11.036355,60.314056,2476.5
          11.03122,60.313751,2514.6
          11.025917,60.313202,2560.32
          11.019287,60.312195,2613.66
          11.013888,60.311188,2659.38
          11.008206,60.309906,2712.72
          11.003396,60.308563,2758.44
          10.997693,60.306656,2819.4
          10.993621,60.305099,2857.5
          10.989271,60.303165,2903.22
          10.985347,60.301117,2956.56
          10.981972,60.299149,2994.66
          10.977899,60.296448,3055.62
          10.975047,60.294086,3101.34
          10.972301,60.291618,3147.06
          10.969457,60.288548,3200.4
          10.967386,60.285919,3238.5
          10.965681,60.283493,3261.36
          10.963964,60.28091,3291.84
          10.962001,60.277699,3329.94
          10.960432,60.274998,3352.8
          10.958764,60.27216,3383.28
          10.957253,60.26944,3406.14
          10.955359,60.265961,3444.24
          10.953859,60.263081,3474.72
          10.952044,60.259598,3512.82
          10.950524,60.256844,3550.92
          10.948955,60.253819,3589.02
          10.947288,60.250652,3627.12
          10.945698,60.247696,3665.22
          10.919429,60.200516,4373.88
          10.892552,60.153313,5036.82
          10.865577,60.105782,5661.66
          10.842427,60.071613,6088.38
          10.839386,60.068588,6118.86
          10.836051,60.065655,6149.34
          10.83252,60.062851,6187.44
          10.828826,60.060013,6217.92
          10.825417,60.057449,6248.4
          10.820776,60.054108,6294.12
          10.817217,60.051548,6332.22
          10.812901,60.048477,6370.32
          10.809174,60.045822,6408.42
          10.805642,60.043262,6438.9
          10.800934,60.039909,6477
          10.797206,60.037258,6507.48
          10.793381,60.034557,6545.58
          10.731559,59.990616,7033.26
          10.669647,59.946442,7505.7
          10.6073,59.901791,7970.52
          10.543276,59.855751,8351.52
          10.477203,59.808197,8648.7
          10.409454,59.759171,8999.22
          10.342621,59.710785,9296.4
          10.272501,59.659672,9585.96
          10.201904,59.608063,9814.56
          10.129761,59.555099,10043.16
          10.057983,59.502186,10309.86
          9.988088,59.450558,10668
          9.917175,59.397858,10828.02
          9.843292,59.34288,11041.38
          9.773804,59.291016,11269.98
          9.703296,59.237957,11498.58
          9.632263,59.184494,11582.4
          9.562652,59.131863,11582.4
          9.491525,59.07777,11582.4
          9.425796,59.027634,11582.4
          9.356279,58.974422,11582.4
          9.286285,58.920639,11582.4
          9.217255,58.867355,11574.78
          9.149139,58.814655,11574.78
          9.080292,58.761215,11574.78
          9.010561,58.706909,11582.4
          8.940656,58.652298,11582.4
          8.872701,58.598831,11582.4
          8.804443,58.544933,11582.4
          8.736611,58.491257,11590.02
          8.665289,58.434631,11582.4
          8.597534,58.380741,11590.02
          8.52734,58.324493,11590.02
          8.459295,58.269791,11582.4
          8.391907,58.215343,11582.4
          8.323883,58.160225,11590.02
          8.257782,58.106411,11590.02
          8.191956,58.052734,11590.02
          8.124301,57.997513,11582.4
          8.059937,57.94455,11574.78
          7.993085,57.889435,11574.78
          7.928674,57.835922,11574.78
          7.862667,57.781311,11574.78
          7.798828,57.728081,11574.78
          7.732315,57.672409,11574.78
          7.667039,57.617657,11590.02
          7.601767,57.562454,11590.02
          7.53808,57.508621,11597.64
          7.47242,57.452911,11590.02
          7.409481,57.399467,11590.02
          7.344981,57.344212,11582.4
          7.280331,57.288666,11574.78
          7.216689,57.233929,11574.78
          7.153473,57.17926,11574.78
          7.089814,57.12397,11574.78
          7.025668,57.068157,11582.4
          6.961384,57.011948,11582.4
          6.899591,56.95792,11590.02
          6.837572,56.903175,11590.02
          6.774135,56.847263,11582.4
          6.710758,56.791168,11582.4
          6.64788,56.735168,11582.4
          6.583468,56.677677,11574.78
          6.52136,56.622093,11574.78
          6.458796,56.565765,11582.4
          6.396124,56.509232,11582.4
          6.334047,56.452923,11582.4
          6.272611,56.397217,11582.4
          6.212082,56.341988,11582.4
          6.149764,56.284973,11582.4
          6.087674,56.228027,11582.4
          6.024199,56.169651,11590.02
          5.964031,56.114021,11590.02
          5.902319,56.056763,11590.02
          5.840693,55.99955,11590.02
          5.779058,55.942017,11590.02
          5.719299,55.885849,11582.4
          5.657876,55.828079,11582.4
          5.597701,55.771317,11574.78
          5.539255,55.715908,11574.78
          5.479348,55.659073,11574.78
          5.419693,55.602272,11582.4
          5.361414,55.546642,11574.78
          5.301486,55.489059,11574.78
          5.244723,55.434357,11582.4
          5.185547,55.37709,11582.4
          5.127061,55.320282,11582.4
          5.067202,55.262146,11590.02
          5.0091,55.205322,11582.4
          4.94984,55.147129,11582.4
          4.890774,55.089294,11590.02
          4.832127,55.031616,11582.4
          4.773227,54.973259,11590.02
          4.71405,54.914463,11590.02
          4.655941,54.856522,11590.02
          4.598344,54.799026,11590.02
          4.54293,54.743431,11582.4
          4.48908,54.689384,11582.4
          4.434922,54.634689,11582.4
          4.380637,54.579483,11582.4
          4.330028,54.523052,11582.4
          4.280423,54.467793,11590.02
          4.230069,54.412117,11582.4
          4.178601,54.355179,11582.4
          4.128529,54.299507,11582.4
          4.079159,54.244438,11582.4
          4.029315,54.188736,11582.4
          3.978666,54.131874,11582.4
          3.928905,54.075871,11582.4
          3.881156,54.021927,11582.4
          3.832694,53.967079,11574.78
          3.78374,53.911541,11574.78
          3.736764,53.858139,11559.54
          3.686882,53.80098,11384.28
          3.638123,53.744797,11209.02
          3.588998,53.6884,11056.62
          3.540425,53.632275,10972.8
          3.490179,53.574039,10972.8
          3.440604,53.51651,10972.8
          3.394695,53.463058,10972.8
          3.344866,53.404999,10972.8
          3.296545,53.348354,10972.8
          3.248075,53.291325,10972.8
          3.200091,53.234627,10972.8
          3.15138,53.177364,10972.8
          3.102507,53.119362,10972.8
          3.054435,53.06229,10972.8
          3.006363,53.004913,10972.8
          2.957306,52.946411,10972.8
          2.908859,52.888641,10972.8
          2.86026,52.830139,10972.8
          2.812729,52.772507,10934.7
          2.764969,52.714966,10591.8
          2.717076,52.657097,10180.32
          2.669913,52.59956,9730.74
          2.622452,52.541748,9258.3
          2.57782,52.486725,9151.62
          2.533951,52.432846,9144
          2.489319,52.37796,9144
          2.444772,52.323177,9144
          2.399806,52.267502,9144
          2.355861,52.212944,9144
          2.312151,52.158432,9144
          2.268834,52.114254,9144
          2.265146,52.111179,9144
          2.261429,52.108246,9144
          2.257767,52.105362,9144
          2.253767,52.102337,9144
          2.249908,52.099503,9144
          2.245712,52.096436,9144
          2.24144,52.09346,9144
          2.236502,52.090183,9144
          2.232343,52.087391,9144
          2.228106,52.08469,9144
          2.223892,52.082062,9144
          2.219315,52.079269,9144
          2.214608,52.0765,9144
          2.209167,52.073318,9144
          2.204819,52.070938,9144
          2.200317,52.068466,9144
          2.19574,52.065994,9144
          2.123893,52.027153,9136.38
          2.053146,51.988907,8976.36
          1.981934,51.950108,8694.42
          1.911621,51.911751,8427.72
          1.843567,51.874554,8168.64
          1.775183,51.837112,7924.8
          1.70784,51.800163,7642.86
          1.642159,51.764786,7376.16
          1.627832,51.758835,7322.82
          1.62323,51.757198,7299.96
          1.61744,51.755264,7277.1
          1.612701,51.753845,7261.86
          1.60779,51.752472,7246.62
          1.602707,51.751144,7223.76
          1.596952,51.749863,7200.9
          1.591978,51.74881,7185.66
          1.586782,51.747849,7170.42
          1.581734,51.74707,7147.56
          1.576843,51.746395,7132.32
          1.57201,51.745789,7117.08
          1.566962,51.745285,7101.84
          1.562119,51.744862,7086.6
          1.555753,51.744415,7063.74
          1.551002,51.744095,7048.5
          1.545064,51.743683,7025.64
          1.54009,51.743317,7018.02
          1.535034,51.743,6995.16
          1.52992,51.74263,6979.92
          1.524887,51.742302,6964.68
          1.519928,51.741974,6949.44
          1.443069,51.736816,6667.5
          1.366684,51.731735,6400.8
          1.293269,51.726837,6134.1
          1.219025,51.721863,5859.78
          1.147995,51.717117,5608.32
          1.077328,51.712326,5372.1
          1.00769,51.707619,5135.88
          0.938721,51.702824,4907.28
          0.874481,51.698215,4876.8
          0.817566,51.694164,4876.8
          0.766144,51.69072,4876.8
          0.715179,51.687275,4876.8
          0.663528,51.683598,4724.4
          0.613675,51.680054,4579.62
          0.565054,51.676666,4572
          0.515764,51.673096,4572
          0.466993,51.669479,4549.14
          0.417786,51.665813,4450.08
          0.367432,51.662186,4351.02
          0.317001,51.658367,4251.96
          0.265825,51.654556,4152.9
          0.217361,51.651012,4061.46
          0.168228,51.647285,3962.4
          0.142451,51.644623,3909.06
          0.139259,51.643936,3901.44
          0.136216,51.643204,3893.82
          0.133286,51.642399,3886.2
          0.130426,51.641464,3878.58
          0.12753,51.640411,3870.96
          0.124817,51.639233,3870.96
          0.121384,51.637604,3855.72
          0.118845,51.636246,3855.72
          0.115967,51.634392,3848.1
          0.113575,51.632675,3840.48
          0.111422,51.63089,3832.86
          0.109406,51.628944,3825.24
          0.107636,51.626862,3817.62
          0.106077,51.624802,3810
          0.104752,51.622799,3802.38
          0.103531,51.620335,3794.76
          0.102539,51.617771,3787.14
          0.101929,51.61554,3787.14
          0.101624,51.613083,3779.52
          0.101471,51.610371,3771.9
          0.1017,51.607811,3764.28
          0.102143,51.60553,3756.66
          0.102997,51.60297,3749.04
          0.103989,51.600548,3749.04
          0.105409,51.598068,3741.42
          0.107265,51.595459,3733.8
          0.109177,51.593193,3726.18
          0.111274,51.591156,3718.56
          0.113602,51.589096,3718.56
          0.116119,51.587189,3710.94
          0.118408,51.585651,3703.32
          0.122037,51.583649,3695.7
          0.125046,51.582161,3695.7
          0.128124,51.580856,3688.08
          0.131912,51.579506,3680.46
          0.135473,51.57843,3672.84
          0.139847,51.577366,3665.22
          0.143433,51.576714,3657.6
          0.146979,51.576233,3657.6
          0.150528,51.575874,3649.98
          0.154106,51.575684,3649.98
          0.157594,51.575684,3642.36
          0.161438,51.575783,3634.74
          0.165018,51.576004,3634.74
          0.168358,51.57637,3627.12
          0.171814,51.576855,3619.5
          0.175855,51.577606,3611.88
          0.178986,51.578297,3596.64
          0.182266,51.579182,3589.02
          0.185431,51.580215,3581.4
          0.18837,51.581276,3566.16
          0.191073,51.582367,3558.54
          0.194191,51.583878,3543.3
          0.196492,51.585114,3535.68
          0.198645,51.586441,3520.44
          0.201263,51.588211,3512.82
          0.203247,51.589748,3497.58
          0.204954,51.591293,3489.96
          0.206662,51.592941,3474.72
          0.208146,51.594635,3467.1
          0.209503,51.596268,3459.48
          0.21067,51.597977,3444.24
          0.211784,51.599854,3436.62
          0.212675,51.601685,3429
          0.213565,51.603836,3413.76
          0.214081,51.605762,3406.14
          0.214456,51.607452,3398.52
          0.214691,51.60944,3383.28
          0.214827,51.611252,3375.66
          0.214679,51.613358,3360.42
          0.214456,51.615189,3352.8
          0.214005,51.617073,3345.18
          0.21347,51.618843,3329.94
          0.212675,51.620636,3322.32
          0.211792,51.622429,3307.08
          0.210495,51.624523,3299.46
          0.209351,51.626106,3284.22
          0.207901,51.627876,3268.98
          0.206375,51.629505,3261.36
          0.20488,51.630981,3253.74
          0.203171,51.632389,3238.5
          0.201492,51.633648,3230.88
          0.199387,51.635101,3223.26
          0.196863,51.636658,3215.64
          0.194488,51.637939,3208.02
          0.192112,51.639084,3200.4
          0.18959,51.640213,3192.78
          0.187139,51.641144,3185.16
          0.184402,51.642166,3177.54
          0.181503,51.643005,3162.3
          0.17786,51.64389,3147.06
          0.17541,51.644394,3139.44
          0.172043,51.644958,3131.82
          0.168839,51.645378,3116.58
          0.165686,51.645676,3108.96
          0.161603,51.645996,3093.72
          0.158114,51.646133,3086.1
          0.154625,51.646225,3078.48
          0.15121,51.646271,3063.24
          0.14787,51.646317,3055.62
          0.144577,51.646309,3048
          0.140595,51.646317,3032.76
          0.1371,51.646309,3025.14
          0.133766,51.646317,3009.9
          0.130203,51.646317,3002.28
          0.12664,51.646317,2994.66
          0.123373,51.646317,2979.42
          0.120033,51.646317,2971.8
          0.116767,51.646317,2964.18
          0.092345,51.6465,2887.98
          0.071869,51.64682,2827.02
          0.047607,51.647194,2758.44
          0.024719,51.647507,2750.82
          0.005112,51.647846,2743.2
          -0.014801,51.64822,2743.2
          -0.038223,51.648636,2743.2
          -0.061019,51.649017,2743.2
          -0.08121,51.649338,2720.34
          -0.104523,51.649662,2689.86
          -0.127106,51.64994,2659.38
          -0.147202,51.650162,2628.9
          -0.170808,51.650436,2606.04
          -0.19104,51.65073,2575.56
          -0.214233,51.651169,2545.08
          -0.233688,51.651569,2522.22
          -0.256424,51.652035,2491.74
          -0.270081,51.651337,2468.88
          -0.273132,51.650871,2461.26
          -0.276337,51.650173,2453.64
          -0.279236,51.649384,2446.02
          -0.283051,51.648079,2446.02
          -0.285339,51.647194,2446.02
          -0.288465,51.64563,2446.02
          -0.290989,51.644211,2446.02
          -0.293365,51.642654,2446.02
          -0.295563,51.641048,2438.4
          -0.297699,51.639187,2438.4
          -0.299674,51.637115,2438.4
          -0.301307,51.635147,2438.4
          -0.302644,51.633133,2438.4
          -0.304128,51.630478,2438.4
          -0.305019,51.628235,2438.4
          -0.305634,51.626106,2438.4
          -0.306091,51.623871,2438.4
          -0.30632,51.621078,2438.4
          -0.306281,51.618713,2438.4
          -0.305939,51.616283,2438.4
          -0.305242,51.613815,2438.4
          -0.304489,51.611488,2438.4
          -0.303345,51.609161,2438.4
          -0.301895,51.606693,2438.4
          -0.300293,51.604458,2438.4
          -0.298157,51.601898,2438.4
          -0.296021,51.599758,2438.4
          -0.293662,51.597656,2438.4
          -0.291138,51.595688,2438.4
          -0.288467,51.593891,2438.4
          -0.285719,51.592255,2438.4
          -0.282601,51.590561,2438.4
          -0.279335,51.589005,2438.4
          -0.275879,51.587559,2438.4
          -0.271378,51.585979,2438.4
          -0.268402,51.585094,2438.4
          -0.263672,51.583836,2438.4
          -0.260035,51.583099,2438.4
          -0.255585,51.582253,2438.4
          -0.252457,51.581741,2438.4
          -0.247564,51.581039,2438.4
          -0.243607,51.580486,2438.4
          -0.240021,51.580021,2438.4
          -0.235686,51.579437,2438.4
          -0.23201,51.578995,2438.4
          -0.227737,51.578484,2438.4
          -0.22377,51.577972,2438.4
          -0.218506,51.57732,2423.16
          -0.214753,51.576874,2415.54
          -0.210648,51.57634,2407.92
          -0.206604,51.575874,2392.68
          -0.177841,51.572292,2308.86
          -0.153437,51.569275,2255.52
          -0.125427,51.565823,2194.56
          -0.097986,51.562454,2133.6
          -0.072403,51.559162,2080.26
          -0.046234,51.555672,2026.92
          -0.021515,51.552273,1988.82
          -0.000916,51.549343,1958.34
          0.022121,51.546021,1927.86
          0.041504,51.543243,1912.62
          0.054932,51.540775,1897.38
          0.057907,51.539936,1897.38
          0.060806,51.539005,1889.76
          0.063629,51.537983,1889.76
          0.066215,51.537003,1889.76
          0.069656,51.535656,1889.76
          0.071931,51.534714,1889.76
          0.074539,51.533607,1882.14
          0.077972,51.532162,1882.14
          0.08069,51.53096,1882.14
          0.083084,51.529789,1882.14
          0.085678,51.528393,1874.52
          0.088043,51.526855,1874.52
          0.090192,51.525284,1866.9
          0.092196,51.52359,1866.9
          0.093829,51.521942,1866.9
          0.095314,51.520203,1866.9
          0.096817,51.517918,1859.28
          0.097763,51.516174,1859.28
          0.098506,51.514389,1859.28
          0.099182,51.512054,1859.28
          0.099545,51.510132,1851.66
          0.099564,51.50819,1851.66
          0.099397,51.506241,1851.66
          0.099025,51.504547,1851.66
          0.098357,51.502716,1851.66
          0.097467,51.500748,1844.04
          0.096359,51.499111,1844.04
          0.09472,51.497131,1844.04
          0.093155,51.495667,1836.42
          0.091095,51.493992,1836.42
          0.089569,51.492966,1828.8
          0.086975,51.491478,1828.8
          0.084915,51.490452,1821.18
          0.082917,51.489487,1821.18
          0.080566,51.488449,1813.56
          0.077721,51.487244,1813.56
          0.075378,51.486309,1805.94
          0.073547,51.485565,1805.94
          0.070669,51.484497,1798.32
          0.068512,51.483704,1798.32
          0.065918,51.482941,1790.7
          0.063839,51.482346,1790.7
          0.06087,51.481659,1783.08
          0.058198,51.48111,1775.46
          0.055377,51.480652,1775.46
          0.053373,51.480331,1767.84
          0.050255,51.479965,1760.22
          0.047583,51.479645,1760.22
          0.044937,51.47942,1752.6
          0.042877,51.479279,1744.98
          0.039863,51.47905,1744.98
          0.037308,51.478909,1737.36
          0.034714,51.478767,1729.74
          0.03212,51.478676,1722.12
          0.029526,51.47858,1722.12
          0.026575,51.4785,1714.5
          0.02388,51.478443,1706.88
          0.021305,51.478363,1699.26
          0.018768,51.478348,1699.26
          0.016022,51.478302,1691.64
          0.012665,51.478256,1684.02
          -0.006104,51.478256,1645.92
          -0.022354,51.478302,1607.82
          -0.04105,51.478317,1562.1
          -0.059682,51.478317,1501.14
          -0.070372,51.478317,1463.04
          -0.080414,51.478302,1417.32
          -0.090866,51.478302,1379.22
          -0.101178,51.478271,1333.5
          -0.111694,51.478302,1295.4
          -0.119171,51.478302,1264.92
          -0.129623,51.478256,1219.2
          -0.139927,51.478271,1181.1
          -0.149429,51.478226,1150.62
          -0.157001,51.478226,1112.52
          -0.166702,51.478256,1074.42
          -0.175336,51.478226,1043.94
          -0.184402,51.478256,1005.84
          -0.191147,51.478226,975.36
          -0.199832,51.478226,944.88
          -0.207977,51.47821,914.4
          -0.216832,51.47818,876.3
          -0.223067,51.47818,853.44
          -0.231934,51.478165,822.96
          -0.240883,51.47818,784.86
          -0.249863,51.478115,746.76
          -0.2565,51.478115,723.9
          -0.265157,51.478088,693.42
          -0.27359,51.478069,662.94
          -0.282669,51.478069,624.84
          -0.289154,51.478069,601.98
          -0.297928,51.478024,571.5
          -0.306207,51.478043,533.4
          -0.31504,51.477997,502.92
          -0.31723,51.478024,495.3
          -0.319272,51.477997,487.68
          -0.321274,51.477978,480.06
          -0.32328,51.477997,472.44
          -0.33165,51.477978,441.96
          -0.340347,51.477978,403.86
          -0.348742,51.477905,373.38
          -0.354458,51.477905,350.52
          -0.361938,51.477882,320.04
          -0.368933,51.477905,297.18
          -0.375762,51.477859,274.32
          -0.382888,51.477905,243.84
          -0.386377,51.477859,236.22
          -0.38826,51.477837,228.6
          -0.389792,51.477814,220.98
          -0.391541,51.477791,213.36
          -0.393295,51.477791,205.74
          -0.39505,51.477745,205.74
          -0.396805,51.477745,198.12
          -0.398774,51.477768,190.5
          -0.40062,51.477745,182.88
          -0.402756,51.477745,175.26
          -0.404434,51.477745,167.64
          -0.40596,51.477745,160.02
          -0.40783,51.477768,152.4
          -0.410004,51.477745,144.78
          -0.411835,51.477695,144.78
          -0.413695,51.477676,137.16
          -0.415421,51.477695,129.54
          -0.417035,51.477722,121.92
          -0.418891,51.477722,114.3
          -0.420747,51.477722,106.68
          -0.422516,51.477745,99.06
          -0.424728,51.477745,91.44
          -0.426537,51.477722,83.82
          -0.428162,51.477695,76.2
          -0.4301,51.477722,68.58
          -0.432327,51.477676,60.96
          -0.460911,51.475403,0
          -0.461686,51.475147,0
          -0.463467,51.475159,0
          -0.465012,51.475147,0
          -0.465805,51.475147,0
          -0.466956,51.475147,0
          -0.467415,51.47501,0
          -0.46751,51.47459,0
          -0.467453,51.474346,0
          -0.467319,51.474007,0
          -0.467281,51.473774,0
          -0.467262,51.473507,0
          -0.467262,51.473297,0
          -0.467272,51.473007,0
          -0.467262,51.472786,0
          -0.467253,51.472355,0
          -0.467262,51.471996,0
          -0.467262,51.471237,0
          -0.467234,51.470695,0
          -0.466975,51.470238,0
          -0.466548,51.46986,0
          -0.466028,51.469391,0
          -0.465527,51.468922,0
          -0.465164,51.468597,0
          -0.46484,51.468292,0
          -0.464432,51.467903,0
          -0.463133,51.467468,0
          -0.462608,51.46748,0
          -0.461259,51.467468,0
          -0.460091,51.467468,0
          -0.458846,51.46748,0
          -0.457668,51.46748,0
          -0.456378,51.467491,0
          -0.454801,51.467491,0
          -0.453427,51.467503,0
          -0.452277,51.467503,0
          -0.451479,51.467503,0
          -0.451145,51.46756,0
          -0.451108,51.467777,0
          -0.451126,51.468006,0
          -0.451126,51.468269,0
        </coordinates>
      </LineString>
</Placemark>
<Placemark>
<name>NK541-2025-09-27</name>
      <TimeStamp>
        <when>2025-09-27</when>
      </TimeStamp>
      <LineString>
        <altitudeMode>absolute</altitudeMode>
        <coordinates>
          -84.433037,33.638275,0
          -84.43325,33.638275,0
          -84.433464,33.638271,0
          -84.433685,33.638283,0
          -84.433899,33.638191,0
          -84.433922,33.637985,0
          -84.433922,33.637768,0
          -84.433922,33.63747,0
          -84.433922,33.637264,0
          -84.433891,33.637054,0
          -84.433784,33.636852,0
          -84.43351,33.636681,0
          -84.43325,33.636635,0
          -84.432983,33.636635,0
          -84.432777,33.636635,0
          -84.432495,33.636646,0
          -84.432251,33.636635,0
          -84.431992,33.636635,0
          -84.43145,33.636635,0
          -84.430862,33.636635,0
          -84.430321,33.636635,0
          -84.429863,33.636635,0
          -84.42939,33.636635,0
          -84.428856,33.636635,0
          -84.428162,33.636635,0
          -84.427551,33.6366,0
          -84.427338,33.636589,0
          -84.427132,33.636566,0
          -84.426468,33.636539,0
          -84.425827,33.636543,0
          -84.425552,33.636539,0
          -84.425255,33.636539,0
          -84.424713,33.636539,0
          -84.424118,33.636543,0
          -84.423607,33.636539,0
          -84.42305,33.636551,0
          -84.422562,33.636555,0
          -84.422096,33.636543,0
          -84.421822,33.636463,0
          -84.421593,33.636337,0
          -84.421219,33.636147,0
          -84.420822,33.635979,0
          -84.420547,33.635841,0
          -84.420341,33.635799,0
          -84.420052,33.635811,0
          -84.419701,33.635811,0
          -84.419319,33.635818,0
          -84.41906,33.635811,0
          -84.418594,33.635822,0
          -84.418259,33.635822,0
          -84.417961,33.635811,0
          -84.417244,33.635818,0
          -84.416641,33.635807,0
          -84.415916,33.635811,0
          -84.415298,33.635822,0
          -84.414665,33.635818,0
          -84.413971,33.635822,0
          -84.413383,33.635807,0
          -84.412811,33.635822,0
          -84.412163,33.635811,0
          -84.411659,33.635811,0
          -84.411057,33.635811,0
          -84.410461,33.635818,0
          -84.409889,33.635818,0
          -84.409531,33.635818,0
          -84.409317,33.635811,0
          -84.409081,33.635639,0
          -84.409042,33.63533,0
          -84.409073,33.635109,0
          -84.409073,33.634731,0
          -84.409286,33.634651,0
          -84.4095,33.634701,0
          -84.409752,33.634701,0
          -84.410248,33.634701,0
          -84.410469,33.634701,0
          -84.410774,33.634701,0
          -84.411423,33.634701,0
          -84.412865,33.634712,0
          -84.417572,33.634689,312.42
          -84.423065,33.634689,297.18
          -84.429985,33.634689,358.14
          -84.43634,33.634644,449.58
          -84.441833,33.634552,541.02
          -84.448586,33.634411,647.7
          -84.454994,33.634319,731.52
          -84.462204,33.63427,792.48
          -84.470154,33.634224,845.82
          -84.476509,33.633713,899.16
          -84.478516,33.633247,914.4
          -84.480347,33.632736,929.64
          -84.482407,33.632038,944.88
          -84.484413,33.63121,960.12
          -84.486374,33.630341,967.74
          -84.488731,33.629288,982.98
          -84.490524,33.628452,998.22
          -84.492821,33.627411,1013.46
          -84.494896,33.626495,1028.7
          -84.497055,33.625473,1043.94
          -84.499115,33.624542,1059.18
          -84.501343,33.623474,1082.04
          -84.503746,33.622402,1104.9
          -84.505997,33.621323,1120.14
          -84.508095,33.620399,1143
          -84.510841,33.619095,1165.86
          -84.519821,33.615044,1249.68
          -84.527496,33.611649,1310.64
          -84.538788,33.606766,1409.7
          -84.546799,33.603378,1508.76
          -84.55835,33.59848,1653.54
          -84.568924,33.59256,1775.46
          -84.571152,33.590839,1805.94
          -84.573425,33.588867,1836.42
          -84.575615,33.586697,1874.52
          -84.577629,33.584427,1905
          -84.579422,33.581863,1943.1
          -84.580826,33.57962,1973.58
          -84.582062,33.57724,2004.06
          -84.583221,33.574406,2042.16
          -84.583908,33.57217,2080.26
          -84.584717,33.568913,2118.36
          -84.584915,33.566986,2148.84
          -84.585144,33.564285,2186.94
          -84.585228,33.561275,2232.66
          -84.585228,33.558483,2270.76
          -84.585175,33.556015,2301.24
          -84.585083,33.553116,2346.96
          -84.585052,33.550571,2385.06
          -84.584946,33.548008,2415.54
          -84.584885,33.545448,2446.02
          -84.584808,33.543091,2476.5
          -84.584747,33.540207,2514.6
          -84.584641,33.536976,2552.7
          -84.584579,33.534462,2583.18
          -84.584511,33.531876,2621.28
          -84.584244,33.51519,2827.02
          -84.583633,33.496811,2979.42
          -84.582619,33.491402,3002.28
          -84.581833,33.48875,3017.52
          -84.580658,33.48563,3025.14
          -84.579483,33.483116,3032.76
          -84.578079,33.480648,3040.38
          -84.576622,33.478367,3055.62
          -84.574783,33.476028,3063.24
          -84.572807,33.473785,3078.48
          -84.570343,33.471432,3101.34
          -84.568306,33.469711,3124.2
          -84.565445,33.46756,3147.06
          -84.563057,33.46603,3169.92
          -84.560287,33.464355,3192.78
          -84.557426,33.462845,3208.02
          -84.55397,33.461288,3230.88
          -84.551514,33.460304,3238.5
          -84.547928,33.459091,3253.74
          -84.544388,33.458073,3276.6
          -84.540863,33.457279,3284.22
          -84.53743,33.456665,3299.46
          -84.533684,33.456207,3314.7
          -84.530266,33.455975,3329.94
          -84.526779,33.455841,3337.56
          -84.522987,33.455795,3352.8
          -84.519196,33.45575,3368.04
          -84.514519,33.455742,3383.28
          -84.511208,33.455791,3398.52
          -84.506508,33.455795,3413.76
          -84.502884,33.455841,3421.38
          -84.497925,33.455883,3436.62
          -84.494781,33.455929,3444.24
          -84.490959,33.455933,3451.86
          -84.486267,33.455975,3474.72
          -84.482613,33.456024,3489.96
          -84.456902,33.456253,3642.36
          -84.428421,33.456394,3848.1
          -84.364685,33.457047,4282.44
          -84.355606,33.458256,4335.78
          -84.351181,33.459049,4358.64
          -84.347206,33.459961,4381.5
          -84.342491,33.461189,4404.36
          -84.339348,33.462166,4427.22
          -84.334473,33.46389,4457.7
          -84.330605,33.465427,4488.18
          -84.326935,33.467102,4511.04
          -84.322594,33.469254,4541.52
          -84.319847,33.47081,4564.38
          -84.31617,33.473007,4594.86
          -84.312614,33.475342,4625.34
          -84.30941,33.477631,4655.82
          -84.305328,33.480789,4693.92
          -84.302765,33.482803,4716.78
          -84.299637,33.485367,4739.64
          -84.295792,33.48848,4770.12
          -84.29277,33.490936,4792.98
          -84.290024,33.493263,4815.84
          -84.286888,33.495823,4838.7
          -84.283859,33.498337,4869.18
          -84.279991,33.501553,4899.66
          -84.277115,33.503952,4922.52
          -84.273827,33.506718,4945.38
          -84.223824,33.548309,5227.32
          -84.17215,33.59079,5631.18
          -84.12088,33.632736,5974.08
          -84.066353,33.677238,6248.4
          -84.013077,33.720627,6568.44
          -83.959518,33.764244,6835.14
          -83.902138,33.810974,7155.18
          -83.842613,33.85936,7391.4
          -83.784935,33.906143,7612.38
          -83.725296,33.95343,7825.74
          -83.657639,33.995499,8145.78
          -83.589424,34.037247,8427.72
          -83.521271,34.07917,8732.52
          -83.455345,34.119598,9052.56
          -83.388695,34.160294,9281.16
          -83.321342,34.201229,9448.8
          -83.250916,34.244156,9448.8
          -83.181137,34.286591,9448.8
          -83.114029,34.327339,9448.8
          -83.04969,34.366745,9448.8
          -82.980354,34.409134,9441.18
          -82.912331,34.450657,9433.56
          -82.847229,34.490524,9448.8
          -82.779068,34.531891,9448.8
          -82.709366,34.57402,9448.8
          -82.639381,34.616272,9448.8
          -82.568535,34.659073,9448.8
          -82.499313,34.700459,9441.18
          -82.430305,34.740692,9433.56
          -82.359634,34.78183,9433.56
          -82.289429,34.822891,9448.8
          -82.218147,34.864563,9448.8
          -82.149063,34.904961,9448.8
          -82.077179,34.946686,9601.2
          -82.004082,34.989029,9784.08
          -81.931458,35.031212,10043.16
          -81.860794,35.073387,10058.4
          -81.789909,35.118164,10058.4
          -81.718941,35.162613,10058.4
          -81.646637,35.207336,10058.4
          -81.574341,35.251785,10058.4
          -81.50322,35.295502,10058.4
          -81.431641,35.339401,10066.02
          -81.361656,35.382339,10058.4
          -81.289276,35.426559,10058.4
          -81.218552,35.469727,10058.4
          -81.149483,35.511749,10058.4
          -81.075958,35.556381,10066.02
          -81.006775,35.598358,10073.64
          -80.938965,35.639374,10073.64
          -80.86618,35.683228,10066.02
          -80.7948,35.72633,10050.78
          -80.724617,35.768551,10050.78
          -80.656418,35.809433,10050.78
          -80.583603,35.853043,10050.78
          -80.511307,35.896271,10050.78
          -80.438171,35.939941,10058.4
          -80.366302,35.982742,10066.02
          -80.291534,36.027241,10073.64
          -80.218658,36.070629,10073.64
          -80.144501,36.114716,10066.02
          -80.074905,36.155865,10066.02
          -80.001068,36.199356,10058.4
          -79.932289,36.239822,10058.4
          -79.859222,36.282944,10058.4
          -79.784256,36.327118,10058.4
          -79.716507,36.36684,10050.78
          -79.643158,36.409698,10050.78
          -79.573685,36.450264,10058.4
          -79.502098,36.492065,10058.4
          -79.42823,36.534943,10058.4
          -79.354774,36.577442,10058.4
          -79.279114,36.62114,10058.4
          -79.204704,36.664078,10058.4
          -79.127594,36.708527,10058.4
          -79.05098,36.752609,10058.4
          -78.973877,36.796844,10058.4
          -78.897148,36.840744,10050.78
          -78.82457,36.881927,10058.4
          -78.746719,36.925888,10058.4
          -78.670227,36.96904,10050.78
          -78.592628,37.012711,10050.78
          -78.513618,37.057072,10043.16
          -78.43605,37.100552,10050.78
          -78.358734,37.143753,10066.02
          -78.280975,37.187027,10066.02
          -78.200325,37.225868,10073.64
          -78.118286,37.262009,10073.64
          -78.035477,37.298767,10066.02
          -77.953972,37.335732,10058.4
          -77.873726,37.38176,10050.78
          -77.802666,37.434631,10050.78
          -77.741524,37.492985,10050.78
          -77.685783,37.559967,10058.4
          -77.632553,37.626022,10066.02
          -77.579781,37.691162,10066.02
          -77.526314,37.757172,10073.64
          -77.472778,37.822906,10073.64
          -77.419876,37.887794,10073.64
          -77.367126,37.952408,10066.02
          -77.314789,38.016514,10058.4
          -77.26165,38.081451,10050.78
          -77.20887,38.145836,10043.16
          -77.157043,38.208866,10043.16
          -77.104561,38.27243,10043.16
          -77.048012,38.334278,10050.78
          -76.98938,38.395077,10050.78
          -76.930267,38.456406,10066.02
          -76.894447,38.49353,10073.64
          -76.806854,38.58403,10073.64
          -76.750488,38.642212,10058.4
          -76.695618,38.6987,10058.4
          -76.639954,38.755714,10058.4
          -76.584084,38.812912,10058.4
          -76.527954,38.870132,10058.4
          -76.471649,38.927582,10058.4
          -76.415344,38.984985,10027.92
          -76.3573,39.041874,9685.02
          -76.295631,39.09462,9334.5
          -76.235146,39.146347,9014.46
          -76.175232,39.197727,8686.8
          -76.120148,39.244812,8366.76
          -76.064796,39.291916,8221.98
          -76.011238,39.337463,8176.26
          -75.958519,39.382141,7978.14
          -75.905823,39.426674,7711.44
          -75.854187,39.470432,7421.88
          -75.80304,39.513657,7147.56
          -75.75312,39.556,6873.24
          -75.703613,39.597706,6652.26
          -75.654358,39.638905,6400.8
          -75.607315,39.678131,6202.68
          -75.593628,39.68718,6103.62
          -75.589966,39.689133,6080.76
          -75.586113,39.690903,6050.28
          -75.582474,39.692459,6027.42
          -75.578117,39.694061,6004.56
          -75.574036,39.695374,5981.7
          -75.568604,39.696861,5958.84
          -75.564621,39.697815,5943.6
          -75.560791,39.698677,5928.36
          -75.556274,39.699608,5920.74
          -75.550827,39.700699,5897.88
          -75.54718,39.701378,5882.64
          -75.542542,39.702263,5867.4
          -75.537636,39.703171,5852.16
          -75.533386,39.703938,5829.3
          -75.529297,39.704681,5814.06
          -75.524963,39.705475,5798.82
          -75.520447,39.706264,5775.96
          -75.516418,39.706963,5760.72
          -75.449707,39.718975,5448.3
          -75.407043,39.7281,5257.8
          -75.403114,39.729584,5250.18
          -75.39917,39.731266,5242.56
          -75.394691,39.733383,5234.94
          -75.391945,39.734848,5227.32
          -75.387939,39.737225,5212.08
          -75.385139,39.739014,5204.46
          -75.381531,39.7416,5189.22
          -75.378662,39.743832,5173.98
          -75.375824,39.746292,5158.74
          -75.373138,39.748901,5135.88
          -75.370728,39.751469,5120.64
          -75.368225,39.754448,5105.4
          -75.36573,39.757828,5090.16
          -75.363892,39.760731,5067.3
          -75.362152,39.763687,5052.06
          -75.360596,39.766571,5036.82
          -75.35881,39.770096,5013.96
          -75.357437,39.772934,4991.1
          -75.355759,39.776321,4960.62
          -75.35421,39.779434,4937.76
          -75.352661,39.782658,4907.28
          -75.351196,39.785545,4884.42
          -75.34967,39.788773,4853.94
          -75.348122,39.791885,4831.08
          -75.346687,39.794907,4808.22
          -75.345131,39.797974,4785.36
          -75.321426,39.845261,4511.04
          -75.297066,39.892639,4267.2
          -75.27417,39.93782,4046.22
          -75.257156,39.966679,3870.96
          -75.254913,39.969147,3863.34
          -75.252502,39.971558,3848.1
          -75.249977,39.973896,3840.48
          -75.247192,39.976273,3825.24
          -75.244301,39.978642,3817.62
          -75.241806,39.98069,3810
          -75.238808,39.983112,3802.38
          -75.235939,39.985439,3794.76
          -75.232628,39.988094,3779.52
          -75.229919,39.990234,3764.28
          -75.227943,39.991863,3749.04
          -75.224731,39.994446,3733.8
          -75.222229,39.99646,3718.56
          -75.219543,39.998657,3703.32
          -75.177368,40.033173,3421.38
          -75.161026,40.046562,3314.7
          -75.142517,40.061783,3223.26
          -75.123573,40.077286,3147.06
          -75.107658,40.090275,3055.62
          -75.091736,40.103348,2948.94
          -75.076355,40.115936,2834.64
          -75.057594,40.131382,2712.72
          -75.03949,40.146183,2659.38
          -75.023804,40.159058,2628.9
          -75.007385,40.172653,2598.42
          -74.992485,40.184868,2567.94
          -74.976624,40.197876,2529.84
          -74.960594,40.210938,2499.36
          -74.94249,40.22551,2468.88
          -74.926697,40.238113,2438.4
          -74.912025,40.249855,2423.16
          -74.893799,40.263382,2415.54
          -74.877502,40.274918,2415.54
          -74.860779,40.286819,2415.54
          -74.845215,40.297897,2385.06
          -74.828308,40.309982,2316.48
          -74.812088,40.321594,2217.42
          -74.79364,40.334747,2087.88
          -74.777008,40.346546,1981.2
          -74.760803,40.358047,1882.14
          -74.744797,40.369404,1821.18
          -74.726196,40.382629,1805.94
          -74.710213,40.394028,1805.94
          -74.691223,40.407532,1805.94
          -74.675819,40.419353,1805.94
          -74.673767,40.421448,1805.94
          -74.671997,40.423553,1805.94
          -74.669891,40.42643,1805.94
          -74.668335,40.428955,1805.94
          -74.667397,40.430851,1805.94
          -74.666321,40.433487,1805.94
          -74.665207,40.436577,1805.94
          -74.664398,40.439323,1805.94
          -74.663574,40.441956,1805.94
          -74.662842,40.444794,1805.94
          -74.662148,40.447144,1805.94
          -74.66156,40.449509,1805.94
          -74.660904,40.452171,1805.94
          -74.660217,40.454639,1805.94
          -74.659592,40.457245,1805.94
          -74.658875,40.46022,1805.94
          -74.658203,40.462738,1805.94
          -74.657593,40.465439,1805.94
          -74.656921,40.46814,1805.94
          -74.652725,40.484993,1805.94
          -74.648232,40.503006,1805.94
          -74.643295,40.521816,1805.94
          -74.639053,40.537827,1805.94
          -74.634682,40.55389,1805.94
          -74.629128,40.572601,1798.32
          -74.621635,40.590618,1737.36
          -74.614624,40.60611,1630.68
          -74.607788,40.621124,1546.86
          -74.599854,40.638752,1508.76
          -74.596481,40.646248,1501.14
          -74.592102,40.65596,1501.14
          -74.587494,40.666035,1501.14
          -74.584106,40.67363,1501.14
          -74.579651,40.683472,1501.14
          -74.575256,40.693172,1501.14
          -74.571655,40.70105,1501.14
          -74.567078,40.711143,1501.14
          -74.562584,40.721058,1501.14
          -74.55909,40.728691,1501.14
          -74.554596,40.738655,1501.14
          -74.550049,40.748611,1501.14
          -74.545479,40.758579,1501.14
          -74.541077,40.768204,1501.14
          -74.536621,40.778038,1501.14
          -74.531982,40.788116,1501.14
          -74.527321,40.798195,1501.14
          -74.524719,40.802948,1501.14
          -74.523193,40.805328,1501.14
          -74.521202,40.808018,1501.14
          -74.519386,40.810207,1501.14
          -74.517517,40.812286,1501.14
          -74.515648,40.814255,1501.14
          -74.51371,40.816257,1501.14
          -74.511475,40.818512,1501.14
          -74.509277,40.820663,1501.14
          -74.507095,40.822727,1501.14
          -74.505432,40.824326,1501.14
          -74.502411,40.827198,1501.14
          -74.499977,40.829384,1501.14
          -74.497681,40.831512,1501.14
          -74.496033,40.833115,1501.14
          -74.493347,40.835541,1501.14
          -74.491089,40.837646,1501.14
          -74.489075,40.839478,1501.14
          -74.486931,40.841488,1501.14
          -74.480286,40.847626,1501.14
          -74.471252,40.855957,1501.14
          -74.461975,40.864563,1501.14
          -74.455383,40.870743,1501.14
          -74.446602,40.878872,1501.14
          -74.437744,40.887085,1501.14
          -74.428406,40.895737,1501.14
          -74.419678,40.903702,1501.14
          -74.417236,40.90567,1501.14
          -74.414612,40.907547,1501.14
          -74.411743,40.909424,1501.14
          -74.409027,40.910992,1501.14
          -74.40609,40.912575,1501.14
          -74.403038,40.914017,1501.14
          -74.399414,40.915512,1501.14
          -74.39624,40.916656,1501.14
          -74.392609,40.917835,1501.14
          -74.389343,40.918716,1501.14
          -74.385742,40.91951,1501.14
          -74.382385,40.92009,1501.14
          -74.379692,40.920486,1501.14
          -74.375191,40.921001,1501.14
          -74.372009,40.921326,1501.14
          -74.368637,40.92165,1501.14
          -74.365112,40.921967,1501.14
          -74.360901,40.922333,1501.14
          -74.357407,40.922676,1501.14
          -74.354843,40.922909,1501.14
          -74.349724,40.923374,1501.14
          -74.346863,40.923615,1501.14
          -74.342735,40.924026,1501.14
          -74.339737,40.924305,1501.14
          -74.335434,40.924679,1501.14
          -74.332275,40.924988,1493.52
          -74.318077,40.926353,1463.04
          -74.303772,40.927689,1440.18
          -74.289368,40.929016,1409.7
          -74.274963,40.930344,1379.22
          -74.260902,40.931614,1348.74
          -74.249786,40.93259,1325.88
          -74.236115,40.933804,1295.4
          -74.225006,40.934826,1272.54
          -74.21106,40.93602,1242.06
          -74.197227,40.937294,1219.2
          -74.186707,40.938217,1203.96
          -74.176689,40.938782,1196.34
          -74.173256,40.938736,1196.34
          -74.16951,40.938503,1196.34
          -74.166206,40.938084,1196.34
          -74.162148,40.93734,1196.34
          -74.159363,40.936707,1196.34
          -74.156067,40.935699,1196.34
          -74.152283,40.93428,1196.34
          -74.149414,40.932953,1196.34
          -74.146606,40.931473,1196.34
          -74.143921,40.929749,1196.34
          -74.141426,40.927937,1196.34
          -74.139114,40.92598,1196.34
          -74.137024,40.923935,1196.34
          -74.135315,40.921967,1196.34
          -74.133621,40.919788,1196.34
          -74.13208,40.917618,1196.34
          -74.13031,40.915043,1196.34
          -74.128815,40.912762,1196.34
          -74.127808,40.911163,1196.34
          -74.12632,40.908989,1196.34
          -74.124947,40.906895,1196.34
          -74.12323,40.904297,1196.34
          -74.121948,40.902424,1196.34
          -74.120445,40.900284,1196.34
          -74.119263,40.898529,1196.34
          -74.117554,40.896103,1196.34
          -74.116516,40.894604,1196.34
          -74.115082,40.892605,1196.34
          -74.109085,40.884315,1196.34
          -74.103279,40.876541,1196.34
          -74.097168,40.868408,1196.34
          -74.091431,40.860855,1196.34
          -74.085739,40.853359,1196.34
          -74.081116,40.847305,1196.34
          -74.075317,40.839439,1196.34
          -74.074097,40.83728,1196.34
          -74.07312,40.83522,1196.34
          -74.072449,40.833252,1196.34
          -74.071777,40.830688,1196.34
          -74.071449,40.828781,1196.34
          -74.071198,40.826637,1196.34
          -74.070984,40.824417,1196.34
          -74.070824,40.822124,1196.34
          -74.07074,40.819839,1196.34
          -74.070679,40.81778,1196.34
          -74.070618,40.815811,1196.34
          -74.070572,40.813789,1196.34
          -74.070511,40.811695,1196.34
          -74.070496,40.809265,1196.34
          -74.070496,40.807159,1196.34
          -74.07045,40.80518,1188.72
          -74.070435,40.803131,1188.72
          -74.070435,40.801025,1181.1
          -74.070435,40.799149,1173.48
          -74.070374,40.791504,1135.38
          -74.07032,40.783672,1104.9
          -74.070251,40.778229,1051.56
          -74.070137,40.771381,975.36
          -74.070007,40.764175,876.3
          -74.070259,40.760441,822.96
          -74.070557,40.75882,800.1
          -74.071136,40.757229,777.24
          -74.072006,40.755226,754.38
          -74.072937,40.753555,739.14
          -74.073822,40.752014,731.52
          -74.074821,40.750431,716.28
          -74.075684,40.748978,701.04
          -74.076569,40.747639,685.8
          -74.077629,40.745918,678.18
          -74.078499,40.744568,670.56
          -74.079376,40.743172,662.94
          -74.080261,40.741882,655.32
          -74.081116,40.740509,647.7
          -74.082214,40.738907,632.46
          -74.082947,40.737808,624.84
          -74.083748,40.736561,617.22
          -74.084717,40.735153,601.98
          -74.085632,40.733871,594.36
          -74.089294,40.72879,548.64
          -74.092484,40.724224,502.92
          -74.095291,40.720173,449.58
          -74.098473,40.715054,388.62
          -74.101868,40.709885,327.66
          -74.104721,40.706348,281.94
          -74.105965,40.704952,266.7
          -74.107025,40.703926,259.08
          -74.108215,40.702927,251.46
          -74.109802,40.701736,236.22
          -74.111214,40.700855,228.6
          -74.113403,40.699768,213.36
          -74.115021,40.699177,205.74
          -74.116638,40.698761,190.5
          -74.125122,40.698624,144.78
          -74.134995,40.699596,99.06
          -74.139343,40.699951,83.82
          -74.148315,40.700638,38.1
          -74.155907,40.701134,0
          -74.1651,40.70179,0
          -74.170692,40.70219,0
          -74.173943,40.702351,0
          -74.176201,40.702412,0
          -74.17662,40.70237,0
          -74.176964,40.702271,0
          -74.17733,40.702171,0
          -74.17775,40.701988,0
          -74.177979,40.7019,0
          -74.178192,40.701859,0
          -74.178452,40.701778,0
          -74.178658,40.70171,0
          -74.178917,40.701599,0
          -74.179169,40.70142,0
          -74.179237,40.70116,0
          -74.179176,40.700932,0
          -74.178871,40.700771,0
          -74.178589,40.700748,0
          -74.178329,40.700748,0
          -74.177994,40.70071,0
          -74.177788,40.700691,0
          -74.177567,40.700691,0
          -74.177254,40.700668,0
          -74.17704,40.700649,0
          -74.176804,40.70063,0
          -74.176559,40.700619,0
          -74.176208,40.7006,0
          -74.175972,40.700581,0
          -74.175591,40.700562,0
          -74.174713,40.700489,0
          -74.174072,40.700451,0
          -74.173813,40.70026,0
          -74.173729,40.699951,0
          -74.17379,40.699711,0
          -74.173798,40.699509,0
          -74.173531,40.699329,0
          -74.173286,40.699261,0
          -74.172852,40.699009,0
          -74.172569,40.698849,0
          -74.172287,40.698639,0
          -74.17202,40.69846,0
          -74.17173,40.698231,0
          -74.171463,40.698002,0
          -74.171249,40.697811,0
          -74.171028,40.697578,0
          -74.170761,40.697269,0
          -74.170624,40.69706,0
          -74.170471,40.696838,0
          -74.170341,40.696571,0
          -74.170181,40.696251,0
          -74.170036,40.695919,0
          -74.169952,40.69566,0
          -74.169884,40.695431,0
          -74.16983,40.695229,0
          -74.169792,40.695,0
          -74.169838,40.694778,0
          -74.170113,40.69453,0
          -74.170219,40.694321,0
          -74.170349,40.694099,0
          -74.170532,40.693829,0
          -74.170692,40.693569,0
          -74.170891,40.693241,0
          -74.171112,40.692902,0
          -74.171478,40.692379,0
          -74.171768,40.691891,0
          -74.172043,40.691448,0
          -74.172379,40.690941,0
          -74.172707,40.690411,0
          -74.173012,40.68993,0
          -74.173317,40.689449,0
          -74.173569,40.68906,0
          -74.173752,40.68877,0
          -74.173897,40.688519,0
          -74.174057,40.68829,0
          -74.174263,40.688179,0
          -74.174522,40.688259,0
          -74.174759,40.68837,0
          -74.174973,40.688461,0
          -74.175194,40.68853,0
          -74.175461,40.68866,0
          -74.17572,40.688751,0
          -74.176605,40.688885,0
          -74.176674,40.688683,0
          -74.176834,40.688473,0
        </coordinates>
      </LineString>
</Placemark>
<Placemark>
<name>DL2322-2025-09-27</name>
      <TimeStamp>
        <when>2025-09-27</when>
      </TimeStamp>
      <LineString>
        <altitudeMode>absolute</altitudeMode>
        <coordinates>
          -74.187195,40.681278,0
          -74.186981,40.681274,0
          -74.186775,40.681278,0
          -74.186569,40.681137,0
          -74.186539,40.681351,0
          -74.186462,40.681618,0
          -74.186378,40.681862,0
          -74.186249,40.682133,0
          -74.185669,40.682499,0
          -74.18515,40.682537,0
          -74.184929,40.682526,0
          -74.184341,40.68248,0
          -74.184105,40.682465,0
          -74.183853,40.682442,0
          -74.183456,40.682419,0
          -74.183243,40.682396,0
          -74.182762,40.682373,0
          -74.182098,40.682339,0
          -74.181839,40.68235,0
          -74.181297,40.682442,0
          -74.181091,40.682571,0
          -74.181,40.682884,0
          -74.180984,40.683105,0
          -74.180954,40.683334,0
          -74.180908,40.683781,0
          -74.180878,40.684032,0
          -74.180832,40.684399,0
          -74.180786,40.684811,0
          -74.180725,40.685371,0
          -74.180283,40.685608,0
          -74.179947,40.685863,0
          -74.17981,40.686073,0
          -74.179688,40.686275,0
          -74.17952,40.68655,0
          -74.179382,40.686768,0
          -74.178955,40.687008,0
          -74.178612,40.686924,0
          -74.17791,40.686714,0
          -74.177704,40.686665,0
          -74.177475,40.6866,0
          -74.176804,40.686424,0
          -74.176453,40.686298,0
          -74.176163,40.686192,0
          -74.175934,40.686104,0
          -74.175598,40.685978,0
          -74.175072,40.685791,0
          -74.17482,40.685699,0
          -74.174568,40.685699,0
          -74.174339,40.685921,0
          -74.174171,40.686211,0
          -74.174042,40.686432,0
          -74.173843,40.686722,0
          -74.173714,40.686932,0
          -74.173431,40.687378,0
          -74.173279,40.687626,0
          -74.172867,40.688251,0
          -74.172424,40.688976,0
          -74.171951,40.68972,0
          -74.171478,40.690441,0
          -74.170982,40.691254,0
          -74.170425,40.692112,0
          -74.169983,40.69281,0
          -74.169388,40.69376,0
          -74.168861,40.694569,0
          -74.168541,40.695091,0
          -74.16819,40.69561,0
          -74.167763,40.696281,0
          -74.167412,40.69685,0
          -74.167084,40.69733,0
          -74.166862,40.697739,0
          -74.166702,40.697948,0
          -74.16658,40.698166,0
          -74.166443,40.698372,0
          -74.166321,40.698589,0
          -74.166161,40.698818,0
          -74.166016,40.699039,0
          -74.165802,40.699127,0
          -74.165588,40.699059,0
          -74.165367,40.699039,0
          -74.165161,40.69902,0
          -74.164932,40.69899,0
          -74.164719,40.698971,0
          -74.16449,40.698891,0
          -74.164238,40.698799,0
          -74.164001,40.698711,0
          -74.163788,40.698631,0
          -74.163551,40.698551,0
          -74.1633,40.69854,0
          -74.163086,40.698624,0
          -74.162926,40.698853,0
          -74.162796,40.699059,0
          -74.162659,40.699287,0
          -74.162521,40.699505,0
          -74.162361,40.69976,0
          -74.162178,40.700031,0
          -74.161987,40.700279,0
          -74.161728,40.700352,0
          -74.161438,40.700294,0
          -74.161163,40.700191,0
          -74.160934,40.7001,0
          -74.16069,40.70002,0
          -74.1604,40.699905,0
          -74.160088,40.69973,0
          -74.160301,40.699539,0
          -74.160431,40.699322,0
          -74.161072,40.698315,0
          -74.1623,40.696396,0
          -74.164673,40.692673,7.62
          -74.168663,40.68639,0
          -74.172592,40.68026,0
          -74.175659,40.675701,0
          -74.177429,40.67131,0
          -74.177544,40.669079,0
          -74.177681,40.667622,0
          -74.177902,40.665482,0
          -74.178101,40.66328,0
          -74.178223,40.661789,0
          -74.17836,40.659611,0
          -74.178711,40.658119,0
          -74.179138,40.656418,464.82
          -74.179939,40.654209,487.68
          -74.180847,40.652344,495.3
          -74.181824,40.650696,502.92
          -74.182747,40.649273,518.16
          -74.183594,40.647903,525.78
          -74.184555,40.646435,541.02
          -74.185493,40.645039,548.64
          -74.186302,40.643829,556.26
          -74.187561,40.642044,563.88
          -74.188805,40.640152,571.5
          -74.189796,40.638752,579.12
          -74.190674,40.637451,586.74
          -74.191772,40.63591,594.36
          -74.192749,40.634445,601.98
          -74.194397,40.632156,617.22
          -74.19548,40.630608,624.84
          -74.199036,40.625381,647.7
          -74.203911,40.618317,685.8
          -74.207214,40.614532,701.04
          -74.2089,40.612919,708.66
          -74.210838,40.611427,716.28
          -74.212769,40.610123,723.9
          -74.215454,40.608494,723.9
          -74.217712,40.607391,731.52
          -74.220009,40.606445,731.52
          -74.22245,40.60561,739.14
          -74.22583,40.604645,746.76
          -74.22937,40.603912,754.38
          -74.2323,40.603409,754.38
          -74.235291,40.603043,762
          -74.238304,40.602768,777.24
          -74.241333,40.602539,784.86
          -74.244568,40.60231,800.1
          -74.248604,40.60207,815.34
          -74.251587,40.601944,830.58
          -74.254845,40.601791,853.44
          -74.258789,40.601624,876.3
          -74.262024,40.601532,899.16
          -74.264465,40.60144,922.02
          -74.26889,40.601326,952.5
          -74.272324,40.60128,975.36
          -74.275566,40.601185,998.22
          -74.279724,40.60112,1028.7
          -74.28302,40.601028,1051.56
          -74.286369,40.600952,1082.04
          -74.296509,40.600754,1165.86
          -74.310341,40.600487,1287.78
          -74.323387,40.600163,1409.7
          -74.334534,40.599838,1508.76
          -74.348022,40.599472,1615.44
          -74.368408,40.598877,1783.08
          -74.393127,40.598099,1958.34
          -74.409966,40.598671,2072.64
          -74.414001,40.599289,2103.12
          -74.417145,40.599976,2125.98
          -74.420387,40.600765,2141.22
          -74.423279,40.601669,2164.08
          -74.427071,40.602955,2194.56
          -74.429939,40.604027,2217.42
          -74.432999,40.605236,2247.9
          -74.436523,40.606613,2278.38
          -74.439636,40.607895,2308.86
          -74.442673,40.609146,2339.34
          -74.445557,40.610367,2369.82
          -74.448486,40.611603,2400.3
          -74.452332,40.613205,2438.4
          -74.455261,40.614441,2461.26
          -74.457779,40.615524,2484.12
          -74.460754,40.616821,2514.6
          -74.464417,40.618378,2545.08
          -74.48468,40.626984,2720.34
          -74.503593,40.634937,2857.5
          -74.52533,40.644287,3009.9
          -74.547668,40.654221,3162.3
          -74.565956,40.662262,3261.36
          -74.585876,40.670929,3383.28
          -74.599724,40.675625,3467.1
          -74.603287,40.67646,3474.72
          -74.607544,40.677246,3489.96
          -74.611023,40.677719,3497.58
          -74.614586,40.678043,3505.2
          -74.61895,40.678276,3520.44
          -74.622498,40.678207,3528.06
          -74.626831,40.677933,3535.68
          -74.630188,40.677532,3535.68
          -74.634872,40.676647,3550.92
          -74.637558,40.67609,3558.54
          -74.6418,40.674973,3566.16
          -74.64624,40.673721,3581.4
          -74.649048,40.672897,3589.02
          -74.653442,40.67157,3604.26
          -74.656906,40.670502,3611.88
          -74.660278,40.669479,3627.12
          -74.664612,40.668137,3634.74
          -74.668335,40.666946,3642.36
          -74.67189,40.665848,3657.6
          -74.676086,40.66452,3665.22
          -74.679626,40.663425,3672.84
          -74.683411,40.662277,3688.08
          -74.742859,40.64447,3848.1
          -74.803474,40.626556,4259.58
          -74.862091,40.609238,4610.1
          -74.923698,40.590897,4907.28
          -74.98381,40.572975,5189.22
          -75.028503,40.557632,5318.76
          -75.032188,40.555843,5334
          -75.03656,40.553516,5349.24
          -75.039993,40.551514,5364.48
          -75.043175,40.549606,5379.72
          -75.047112,40.547138,5394.96
          -75.050537,40.545044,5410.2
          -75.053833,40.542938,5433.06
          -75.057983,40.540375,5448.3
          -75.061279,40.538269,5471.16
          -75.063835,40.536663,5486.4
          -75.067772,40.534149,5509.26
          -75.071266,40.532009,5532.12
          -75.074577,40.529915,5554.98
          -75.126633,40.497234,5821.68
          -75.18013,40.463577,5996.94
          -75.232567,40.430573,6202.68
          -75.286308,40.396587,6431.28
          -75.339905,40.362488,6522.72
          -75.396851,40.32637,6659.88
          -75.45491,40.289471,6819.9
          -75.511971,40.253117,6964.68
          -75.57196,40.216782,7101.84
          -75.637688,40.183567,7338.06
          -75.700623,40.151825,7612.38
          -75.765091,40.119324,7741.92
          -75.829201,40.086922,7871.46
          -75.895386,40.053452,8016.24
          -75.960411,40.020355,8153.4
          -76.025574,39.987213,8267.7
          -76.092163,39.953384,8420.1
          -76.158302,39.919601,8511.54
          -76.225594,39.885178,8641.08
          -76.292648,39.850845,8770.62
          -76.359459,39.816559,9029.7
          -76.423706,39.783497,9265.92
          -76.486816,39.750862,9509.76
          -76.549332,39.71846,9700.26
          -76.610901,39.686619,9860.28
          -76.672485,39.654686,10012.68
          -76.73291,39.62331,10279.38
          -76.792221,39.592392,10363.2
          -76.852287,39.561081,10363.2
          -76.911819,39.529953,10363.2
          -76.968422,39.496033,10363.2
          -77.018341,39.456757,10363.2
          -77.062378,39.415127,10355.58
          -77.106766,39.373077,10363.2
          -77.151855,39.330215,10355.58
          -77.195618,39.288506,10363.2
          -77.240234,39.24577,10363.2
          -77.284996,39.202972,10363.2
          -77.329361,39.160492,10363.2
          -77.374023,39.117706,10363.2
          -77.418274,39.075111,10363.2
          -77.462448,39.032593,10370.82
          -77.506409,38.990059,10370.82
          -77.550995,38.947083,10378.44
          -77.595093,38.904404,10378.44
          -77.638771,38.861984,10363.2
          -77.681343,38.820648,10363.2
          -77.724426,38.778805,10363.2
          -77.767029,38.737282,10363.2
          -77.808815,38.696503,10363.2
          -77.853836,38.654892,10370.82
          -77.903809,38.619179,10370.82
          -77.958687,38.586777,10370.82
          -78.012543,38.555008,10363.2
          -78.066696,38.523056,10363.2
          -78.120667,38.491158,10355.58
          -78.174866,38.459179,10355.58
          -78.229225,38.426971,10355.58
          -78.284019,38.39447,10363.2
          -78.337837,38.36261,10363.2
          -78.391869,38.33046,10363.2
          -78.444839,38.298981,10363.2
          -78.498543,38.266891,10363.2
          -78.552834,38.234482,10355.58
          -78.607819,38.201614,10355.58
          -78.66169,38.169296,10363.2
          -78.715637,38.136932,10363.2
          -78.768524,38.105164,10363.2
          -78.82093,38.069489,10370.82
          -78.870728,38.033504,10370.82
          -78.921516,37.996857,10370.82
          -78.971306,37.960648,10355.58
          -79.021973,37.923889,10355.58
          -79.071526,37.887909,10355.58
          -79.123116,37.850323,10363.2
          -79.173988,37.813267,10363.2
          -79.224167,37.776718,10370.82
          -79.274658,37.739777,10370.82
          -79.324799,37.703018,10363.2
          -79.375381,37.665974,10363.2
          -79.424225,37.62999,10363.2
          -79.474571,37.592834,10355.58
          -79.523643,37.556622,10355.58
          -79.574867,37.518822,10347.96
          -79.625107,37.481689,10363.2
          -79.675713,37.444244,10363.2
          -79.724197,37.408306,10370.82
          -79.776169,37.369675,10370.82
          -79.827438,37.331497,10363.2
          -79.878487,37.293415,10363.2
          -79.929222,37.255554,10363.2
          -79.981964,37.216045,10363.2
          -80.033188,37.177689,10370.82
          -80.085915,37.13821,10370.82
          -80.137138,37.09964,10363.2
          -80.186752,37.062286,10363.2
          -80.238945,37.022949,10363.2
          -80.29171,36.983185,10363.2
          -80.343956,36.943726,10355.58
          -80.396278,36.904053,10363.2
          -80.446159,36.863205,10363.2
          -80.451805,36.857224,10363.2
          -80.454552,36.854103,10363.2
          -80.457596,36.850517,10363.2
          -80.460533,36.846889,10363.2
          -80.462875,36.844002,10370.82
          -80.46521,36.841114,10370.82
          -80.468155,36.837387,10370.82
          -80.470566,36.83432,10370.82
          -80.473396,36.830734,10370.82
          -80.475967,36.827522,10370.82
          -80.513718,36.779572,10370.82
          -80.553276,36.72953,10370.82
          -80.591751,36.680969,10370.82
          -80.630379,36.632034,10370.82
          -80.668259,36.583923,10378.44
          -80.70694,36.534897,10370.82
          -80.745773,36.485687,10363.2
          -80.783409,36.438206,10355.58
          -80.822754,36.388916,10347.96
          -80.861778,36.340027,10347.96
          -80.900864,36.291286,10355.58
          -80.946037,36.240406,10355.58
          -80.948898,36.238079,10355.58
          -80.953102,36.234833,10363.2
          -80.955849,36.232864,10363.2
          -80.960197,36.229889,10363.2
          -80.963631,36.22765,10363.2
          -80.967079,36.22546,10363.2
          -80.971588,36.222794,10363.2
          -80.975533,36.220596,10363.2
          -80.979286,36.21862,10363.2
          -80.983826,36.216248,10363.2
          -80.987701,36.214428,10363.2
          -80.992813,36.212082,10363.2
          -80.996994,36.210285,10363.2
          -81.001144,36.208611,10363.2
          -81.00563,36.206863,10363.2
          -81.009674,36.205303,10363.2
          -81.014763,36.203396,10363.2
          -81.018387,36.202141,10363.2
          -81.022881,36.200603,10363.2
          -81.027084,36.199173,10363.2
          -81.032295,36.197525,10370.82
          -81.036415,36.196243,10363.2
          -81.041908,36.194641,10363.2
          -81.046143,36.193451,10370.82
          -81.05101,36.192169,10363.2
          -81.055466,36.190979,10363.2
          -81.05999,36.18988,10363.2
          -81.065254,36.188591,10363.2
          -81.069748,36.187473,10370.82
          -81.141281,36.17025,10370.82
          -81.215401,36.157242,10370.82
          -81.288254,36.145252,10355.58
          -81.361473,36.132729,10347.96
          -81.43499,36.115505,10355.58
          -81.507912,36.096268,10363.2
          -81.576752,36.072784,10370.82
          -81.646957,36.048019,10363.2
          -81.717796,36.022934,10363.2
          -81.788887,35.997822,10363.2
          -81.857613,35.967236,10363.2
          -81.922928,35.936417,10363.2
          -81.990852,35.902576,10378.44
          -82.051155,35.867241,10378.44
          -82.113762,35.831131,10370.82
          -82.176277,35.795181,10363.2
          -82.240845,35.758591,10363.2
          -82.300583,35.721725,10355.58
          -82.357079,35.682476,10355.58
          -82.414352,35.640347,10355.58
          -82.432526,35.623402,10363.2
          -82.435448,35.620468,10363.2
          -82.439072,35.616791,10363.2
          -82.485641,35.56929,10370.82
          -82.53302,35.518982,10378.44
          -82.57811,35.470413,10378.44
          -82.627716,35.417221,10378.44
          -82.674927,35.366528,10363.2
          -82.722374,35.315643,10347.96
          -82.766319,35.268536,10347.96
          -82.813705,35.217407,10210.8
          -82.860397,35.16687,10058.4
          -82.908546,35.114777,9898.38
          -82.955803,35.063461,9738.36
          -83.005432,35.009659,9570.72
          -83.051262,34.959801,9425.94
          -83.100357,34.906265,9212.58
          -83.148994,34.853054,8846.82
          -83.19706,34.800545,8412.48
          -83.244667,34.74836,7970.52
          -83.288696,34.69986,7574.28
          -83.333244,34.65102,7208.52
          -83.377647,34.602184,6858
          -83.422165,34.55312,6499.86
          -83.464874,34.505951,6149.34
          -83.50708,34.459396,5806.44
          -83.54744,34.414719,5478.78
          -83.589935,34.367607,5128.26
          -83.629242,34.323944,4808.22
          -83.669647,34.279205,4488.18
          -83.709427,34.234955,4175.76
          -83.748108,34.191559,3947.16
          -83.784653,34.150955,3825.24
          -83.818619,34.112961,3710.94
          -83.852921,34.078194,3672.84
          -83.889076,34.044708,3634.74
          -83.905334,34.03006,3543.3
          -83.92244,34.014694,3406.14
          -83.938797,33.999893,3299.46
          -83.952316,33.987461,3208.02
          -83.966599,33.974258,3116.58
          -83.980293,33.961533,3017.52
          -83.993446,33.949127,2918.46
          -84.006905,33.93631,2834.64
          -84.019569,33.922394,2720.34
          -84.028984,33.910263,2628.9
          -84.030556,33.907837,2606.04
          -84.032066,33.905365,2583.18
          -84.033394,33.902878,2567.94
          -84.034874,33.899872,2545.08
          -84.035995,33.8974,2529.84
          -84.036949,33.89502,2506.98
          -84.03801,33.89209,2491.74
          -84.038849,33.889526,2476.5
          -84.039856,33.886398,2453.64
          -84.040588,33.883896,2438.4
          -84.041321,33.881287,2430.78
          -84.042267,33.878017,2407.92
          -84.042953,33.875553,2392.68
          -84.043671,33.87291,2377.44
          -84.044403,33.870209,2362.2
          -84.045067,33.867729,2346.96
          -84.045868,33.86475,2331.72
          -84.046783,33.861538,2316.48
          -84.051071,33.845619,2217.42
          -84.055725,33.828506,2118.36
          -84.060822,33.810242,1996.44
          -84.065369,33.794312,1905
          -84.071533,33.777924,1851.66
          -84.075172,33.770462,1844.04
          -84.076576,33.767761,1844.04
          -84.077751,33.765518,1836.42
          -84.078987,33.763184,1836.42
          -84.080086,33.761032,1836.42
          -84.087585,33.746834,1836.42
          -84.094566,33.733795,1828.8
          -84.101128,33.723724,1790.7
          -84.102753,33.721985,1783.08
          -84.104546,33.720291,1767.84
          -84.106903,33.71846,1752.6
          -84.108696,33.71727,1744.98
          -84.111328,33.715714,1729.74
          -84.113457,33.714569,1714.5
          -84.115845,33.713455,1706.88
          -84.118423,33.712292,1691.64
          -84.120636,33.711365,1676.4
          -84.123398,33.710197,1661.16
          -84.125114,33.709488,1653.54
          -84.12809,33.708298,1638.3
          -84.13089,33.707153,1623.06
          -84.133186,33.706238,1615.44
          -84.135246,33.705402,1600.2
          -84.137672,33.704453,1592.58
          -84.140137,33.703491,1577.34
          -84.142273,33.702621,1569.72
          -84.156761,33.69693,1493.52
          -84.166092,33.693207,1463.04
          -84.175301,33.689484,1432.56
          -84.183716,33.686039,1417.32
          -84.191818,33.682663,1386.84
          -84.198242,33.679985,1348.74
          -84.206558,33.676529,1287.78
          -84.214523,33.673279,1234.44
          -84.220688,33.670761,1188.72
          -84.228912,33.667416,1135.38
          -84.23526,33.66481,1089.66
          -84.243668,33.661469,1036.32
          -84.252243,33.658035,975.36
          -84.260216,33.654846,944.88
          -84.268402,33.651913,929.64
          -84.270569,33.651356,929.64
          -84.272591,33.650894,929.64
          -84.275169,33.650436,929.64
          -84.277245,33.650208,929.64
          -84.280014,33.64996,929.64
          -84.282005,33.649841,922.02
          -84.284477,33.649796,914.4
          -84.286659,33.64975,906.78
          -84.288902,33.64975,899.16
          -84.291595,33.64975,883.92
          -84.293747,33.649773,868.68
          -84.296021,33.649796,861.06
          -84.298767,33.649796,845.82
          -84.300728,33.649773,838.2
          -84.302917,33.64975,822.96
          -84.305496,33.649704,807.72
          -84.307541,33.649632,800.1
          -84.309753,33.649612,792.48
          -84.311829,33.649567,784.86
          -84.319901,33.649494,739.14
          -84.326248,33.64954,708.66
          -84.334137,33.649521,670.56
          -84.341873,33.64954,632.46
          -84.347649,33.649521,609.6
          -84.355026,33.649494,579.12
          -84.362671,33.649475,541.02
          -84.369843,33.649429,510.54
          -84.375618,33.649475,480.06
          -84.383011,33.64954,449.58
          -84.390076,33.649521,411.48
          -84.395599,33.64954,388.62
          -84.403473,33.649521,350.52
          -84.408531,33.64954,327.66
          -84.416985,33.649521,297.18
          -84.423141,33.649551,0
          -84.427559,33.649502,0
          -84.430275,33.649506,0
          -84.430618,33.649487,0
          -84.431755,33.649452,0
          -84.431976,33.649395,0
          -84.43219,33.649212,0
          -84.432465,33.649017,0
          -84.432678,33.648922,0
          -84.432892,33.648819,0
          -84.433121,33.648712,0
          -84.433365,33.648605,0
          -84.433609,33.64854,0
          -84.433853,33.648491,0
          -84.434082,33.648457,0
          -84.434349,33.648445,0
          -84.434624,33.648445,0
          -84.434868,33.648445,0
          -84.435181,33.648331,0
          -84.435394,33.648056,0
          -84.435562,33.6478,0
          -84.43573,33.647591,0
          -84.435867,33.647381,0
          -84.436012,33.647179,0
          -84.43634,33.64669,0
          -84.436501,33.64645,0
          -84.436722,33.646172,0
          -84.437172,33.6455,0
          -84.437302,33.645294,0
          -84.437332,33.644966,0
          -84.437256,33.644733,0
          -84.436981,33.644588,0
          -84.436699,33.644592,0
          -84.436417,33.6446,0
          -84.436142,33.64465,0
          -84.435852,33.64465,0
          -84.435562,33.644642,0
          -84.435051,33.644592,0
          -84.434692,33.644581,0
          -84.43454,33.644329,0
          -84.434517,33.644051,0
          -84.434517,33.643799,0
          -84.434532,33.643559,0
          -84.434547,33.643341,0
          -84.434547,33.64312,0
          -84.434547,33.642899,0
          -84.434517,33.642689,0
          -84.434608,33.642189,0
          -84.434578,33.641964,0
          -84.434608,33.641739,0
          -84.434837,33.641697,0
          -84.435043,33.64175,0
          -84.43528,33.641754,0
        </coordinates>
      </LineString>
    </Placemark>
<Placemark>
      <name>LF3002-2025-01-28</name>
      <TimeStamp>
        <when>2025-01-28</when>
      </TimeStamp>
      <LineString>
        <altitudeMode>absolute</altitudeMode>
        <coordinates>
          -86.673233,36.128098,0
          -86.673698,36.127701,0
          -86.674057,36.127384,0
          -86.674301,36.127144,0
          -86.674622,36.126709,0
          -86.67598,36.125233,0
          -86.676239,36.125004,0
          -86.676888,36.124069,0
          -86.677002,36.123768,0
          -86.677521,36.123562,0
          -86.677795,36.123631,0
          -86.678246,36.123745,0
          -86.678452,36.123814,0
          -86.678696,36.123871,0
          -86.679062,36.123978,0
          -86.679741,36.12394,0
          -86.680038,36.123165,0
          -86.68103,36.120663,0
          -86.682243,36.117691,160.02
          -86.683731,36.113937,152.4
          -86.68573,36.109039,228.6
          -86.687965,36.103912,327.66
          -86.688614,36.102703,350.52
          -86.689781,36.10075,396.24
          -86.690659,36.099564,419.1
          -86.691597,36.098419,449.58
          -86.693001,36.096836,480.06
          -86.693878,36.095905,510.54
          -86.695236,36.094391,548.64
          -86.696503,36.093021,586.74
          -86.697792,36.091579,624.84
          -86.698669,36.090599,640.08
          -86.700012,36.089016,678.18
          -86.701187,36.087662,701.04
          -86.702232,36.086456,723.9
          -86.7033,36.08519,746.76
          -86.704727,36.083405,769.62
          -86.70948,36.07761,853.44
          -86.715202,36.071182,960.12
          -86.719833,36.066284,1051.56
          -86.721695,36.064438,1089.66
          -86.72316,36.06308,1120.14
          -86.724701,36.061661,1150.62
          -86.72654,36.060017,1181.1
          -86.728134,36.058685,1203.96
          -86.730225,36.056942,1242.06
          -86.731857,36.055664,1272.54
          -86.734024,36.053917,1310.64
          -86.735428,36.052799,1341.12
          -86.737648,36.050983,1379.22
          -86.739464,36.049484,1417.32
          -86.740746,36.048424,1440.18
          -86.742722,36.046783,1478.28
          -86.744949,36.044979,1524
          -86.756111,36.03548,1699.26
          -86.768852,36.024914,1828.8
          -86.783005,36.013321,2103.12
          -86.795326,36.002941,2324.1
          -86.807953,35.99231,2545.08
          -86.820717,35.981415,2758.44
          -86.832962,35.971069,2948.94
          -86.845207,35.960678,3093.72
          -86.859314,35.948616,3223.26
          -86.874222,35.936096,3352.8
          -86.88887,35.923737,3474.72
          -86.903549,35.911236,3589.02
          -86.919792,35.897549,3710.94
          -86.957932,35.865143,3992.88
          -86.997223,35.831585,4267.2
          -87.039642,35.794922,4556.76
          -87.08313,35.757706,4853.94
          -87.124268,35.722603,5120.64
          -87.168274,35.684711,5410.2
          -87.212921,35.646118,5707.38
          -87.258514,35.606735,5935.98
          -87.304962,35.566654,6080.76
          -87.354416,35.523788,6096
          -87.400246,35.483917,6096
          -87.448013,35.44236,6096
          -87.494652,35.401535,6096
          -87.541046,35.361267,6096
          -87.587624,35.320671,6096
          -87.633385,35.280636,6096
          -87.680191,35.239346,6096
          -87.726913,35.198425,6096
          -87.772469,35.15863,6096
          -87.820526,35.116402,6096
          -87.867142,35.075409,6096
          -87.911697,35.03595,6096
          -87.957886,34.995071,6096
          -88.002281,34.955704,5875.02
          -88.046097,34.916878,5593.08
          -88.091927,34.876331,5288.28
          -88.135406,34.83783,4998.72
          -88.176895,34.800777,4716.78
          -88.218872,34.76358,4419.6
          -88.261642,34.725594,4122.42
          -88.303345,34.688232,3825.24
          -88.341965,34.653534,3558.54
          -88.358101,34.63916,3467.1
          -88.373222,34.625603,3383.28
          -88.388145,34.612061,3291.84
          -88.402222,34.599701,3208.02
          -88.416023,34.587521,3124.2
          -88.429413,34.575371,3040.38
          -88.442802,34.563446,2956.56
          -88.455338,34.552189,2872.74
          -88.467743,34.54097,2788.92
          -88.480301,34.5298,2689.86
          -88.493866,34.517761,2552.7
          -88.506248,34.5065,2430.78
          -88.518585,34.495422,2316.48
          -88.53138,34.485153,2186.94
          -88.536186,34.481941,2148.84
          -88.53904,34.480179,2118.36
          -88.541008,34.479034,2103.12
          -88.543739,34.47747,2080.26
          -88.545975,34.476307,2065.02
          -88.548141,34.475098,2042.16
          -88.550835,34.473747,2019.3
          -88.553581,34.472397,1996.44
          -88.555687,34.471344,1981.2
          -88.557991,34.470291,1965.96
          -88.560455,34.469055,1943.1
          -88.57486,34.461685,1821.18
          -88.590088,34.453869,1691.64
          -88.604736,34.446609,1577.34
          -88.618637,34.439484,1470.66
          -88.625809,34.435822,1417.32
          -88.634834,34.431385,1363.98
          -88.641876,34.427895,1318.26
          -88.650589,34.423645,1249.68
          -88.659096,34.419468,1188.72
          -88.666451,34.415771,1127.76
          -88.672371,34.412766,1074.42
          -88.679283,34.40918,1021.08
          -88.687706,34.404804,952.5
          -88.693771,34.401779,899.16
          -88.701897,34.397728,838.2
          -88.708649,34.394329,792.48
          -88.714821,34.391144,754.38
          -88.721046,34.388031,716.28
          -88.727715,34.384598,678.18
          -88.735313,34.380692,632.46
          -88.741112,34.377823,594.36
          -88.748962,34.373886,563.88
          -88.754654,34.371101,563.88
          -88.759613,34.368576,556.26
          -88.763123,34.366489,556.26
          -88.764725,34.36528,548.64
          -88.766098,34.363979,548.64
          -88.767235,34.362717,541.02
          -88.768127,34.361481,533.4
          -88.768913,34.360153,525.78
          -88.769592,34.358765,518.16
          -88.770203,34.356949,502.92
          -88.770538,34.355576,487.68
          -88.770821,34.353928,480.06
          -88.770988,34.35228,472.44
          -88.771042,34.350815,472.44
          -88.771019,34.349361,464.82
          -88.770988,34.348114,457.2
          -88.770935,34.346512,449.58
          -88.770905,34.345123,441.96
          -88.770844,34.343773,441.96
          -88.770737,34.342472,434.34
          -88.770653,34.34111,426.72
          -88.770561,34.339863,419.1
          -88.770508,34.338326,403.86
          -88.770447,34.337025,403.86
          -88.770432,34.335709,396.24
          -88.770386,34.334743,388.62
          -88.770317,34.332916,381
          -88.770149,34.32843,358.14
          -88.77005,34.324314,327.66
          -88.770035,34.320053,304.8
          -88.769989,34.314213,266.7
          -88.769981,34.310074,243.84
          -88.769989,34.304718,205.74
          -88.769981,34.299179,182.88
          -88.76992,34.29483,152.4
          -88.76992,34.290482,129.54
          -88.769928,34.286236,106.68
          -88.76992,34.281967,83.82
          -88.76992,34.277847,60.96
          -88.76992,34.273819,60.96
          -88.76992,34.269608,60.96
          -88.769897,34.267101,0
          -88.769897,34.265545,0
          -88.769897,34.264355,0
          -88.76973,34.263405,0
          -88.769478,34.263302,0
          -88.769257,34.263309,0
          -88.769012,34.263313,0
          -88.76873,34.263332,0
          -88.76857,34.263588,0
          -88.76857,34.263798,0
          -88.768562,34.264023,0
          -88.768562,34.264332,0
          -88.768562,34.264618,0
          -88.768562,34.264847,0
          -88.768562,34.26511,0
          -88.768562,34.265339,0
          -88.768562,34.2659,0
          -88.768562,34.266346,0
          -88.768578,34.266861,0
          -88.768311,34.267067,0
          -88.768021,34.267067,0
          -88.767731,34.267067,0
          -88.767456,34.267067,0
          -88.767242,34.267067,0
          -88.766983,34.267067,0
          -88.766769,34.266861,0
          -88.766754,34.266647,0
          -88.766754,34.266438,0
        </coordinates>
      </LineString>
    </Placemark>
<Placemark>
      <name>DL1137-2025-01-17</name>
      <TimeStamp>
        <when>2025-01-17</when>
      </TimeStamp>
      <LineString>
        <altitudeMode>absolute</altitudeMode>
        <coordinates>
          -84.436348,33.638752,0
          -84.436577,33.638752,0
          -84.436798,33.638741,0
          -84.437057,33.638809,0
          -84.437164,33.639015,0
          -84.437202,33.638741,0
          -84.437218,33.6385,0
          -84.437218,33.638283,0
          -84.43721,33.638077,0
          -84.437218,33.637825,0
          -84.437218,33.637608,0
          -84.437225,33.637402,0
          -84.437225,33.63718,0
          -84.437202,33.636967,0
          -84.436882,33.636681,0
          -84.436646,33.636635,0
          -84.436348,33.636635,0
          -84.436111,33.636635,0
          -84.435898,33.636635,0
          -84.435661,33.636635,0
          -84.435425,33.636635,0
          -84.435051,33.636635,0
          -84.434807,33.636635,0
          -84.434219,33.636635,0
          -84.433609,33.636635,0
          -84.432892,33.636635,0
          -84.432205,33.636635,0
          -84.43132,33.636635,0
          -84.43045,33.636635,0
          -84.429634,33.636635,0
          -84.428894,33.636635,0
          -84.428116,33.636623,0
          -84.427521,33.636589,0
          -84.427231,33.636566,0
          -84.426971,33.636551,0
          -84.426193,33.636532,0
          -84.425514,33.636539,0
          -84.424721,33.63657,0
          -84.424339,33.636543,0
          -84.423798,33.636543,0
          -84.423065,33.636543,0
          -84.422379,33.636532,0
          -84.421837,33.636448,0
          -84.421509,33.636295,0
          -84.421112,33.636082,0
          -84.420578,33.635872,0
          -84.420357,33.63586,0
          -84.420052,33.635792,0
          -84.419502,33.635799,0
          -84.419296,33.635799,0
          -84.418945,33.635807,0
          -84.418694,33.635811,0
          -84.418404,33.635807,0
          -84.417732,33.635811,0
          -84.417503,33.635811,0
          -84.417274,33.635811,0
          -84.41703,33.635807,0
          -84.416412,33.635807,0
          -84.415665,33.635811,0
          -84.415283,33.635818,0
          -84.414398,33.635807,0
          -84.413567,33.635818,0
          -84.412811,33.635811,0
          -84.412178,33.635811,0
          -84.411705,33.635818,0
          -84.411125,33.635822,0
          -84.410591,33.635807,0
          -84.409958,33.63578,0
          -84.409622,33.635811,0
          -84.409363,33.635807,0
          -84.409134,33.635696,0
          -84.409035,33.635448,0
          -84.409027,33.635239,0
          -84.40905,33.634991,0
          -84.40905,33.63475,0
          -84.409271,33.634682,0
          -84.409477,33.634689,0
          -84.409698,33.634712,0
          -84.410019,33.634712,0
          -84.410324,33.634712,0
          -84.410843,33.634712,0
          -84.412033,33.634712,0
          -84.412376,33.634712,0
          -84.413239,33.634712,0
          -84.413971,33.634712,0
          -84.414192,33.634712,0
          -84.416595,33.634689,243.84
          -84.419464,33.634689,243.84
          -84.420906,33.634735,243.84
          -84.423637,33.634735,243.84
          -84.431389,33.634735,243.84
          -84.439178,33.634735,335.28
          -84.444901,33.634689,426.72
          -84.452354,33.634552,502.92
          -84.460663,33.634224,594.36
          -84.464432,33.633991,624.84
          -84.466537,33.633774,640.08
          -84.468613,33.633339,655.32
          -84.470627,33.632858,670.56
          -84.472641,33.632172,685.8
          -84.474907,33.63129,701.04
          -84.476791,33.630524,716.28
          -84.478745,33.629707,731.52
          -84.480881,33.628784,746.76
          -84.483032,33.627895,754.38
          -84.484924,33.627056,769.62
          -84.48732,33.62608,784.86
          -84.489456,33.625214,800.1
          -84.491615,33.624355,807.72
          -84.493942,33.623428,822.96
          -84.495964,33.622635,830.58
          -84.498764,33.621468,845.82
          -84.500557,33.620728,853.44
          -84.508041,33.617653,899.16
          -84.518906,33.613228,960.12
          -84.529709,33.609192,1051.56
          -84.539909,33.60553,1150.62
          -84.551582,33.601219,1280.16
          -84.55941,33.597931,1379.22
          -84.56205,33.596558,1409.7
          -84.564171,33.595352,1432.56
          -84.567093,33.593445,1470.66
          -84.569504,33.591705,1501.14
          -84.572128,33.589535,1531.62
          -84.574043,33.587677,1562.1
          -84.575844,33.585716,1592.58
          -84.577461,33.583694,1615.44
          -84.579201,33.581131,1653.54
          -84.580597,33.57864,1684.02
          -84.581726,33.576324,1714.5
          -84.582886,33.573196,1752.6
          -84.58345,33.571053,1783.08
          -84.584023,33.568314,1821.18
          -84.584297,33.565796,1859.28
          -84.584412,33.563095,1897.38
          -84.584488,33.560345,1943.1
          -84.584473,33.557236,1988.82
          -84.584473,33.554535,2026.92
          -84.584473,33.552109,2065.02
          -84.584427,33.550289,2087.88
          -84.584412,33.546799,2133.6
          -84.584427,33.544147,2164.08
          -84.584412,33.541534,2194.56
          -84.584412,33.538933,2232.66
          -84.584412,33.536419,2263.14
          -84.584396,33.533432,2301.24
          -84.584526,33.515049,2514.6
          -84.583961,33.498459,2674.62
          -84.58297,33.493423,2712.72
          -84.582092,33.490402,2735.58
          -84.5811,33.487701,2750.82
          -84.579987,33.485256,2773.68
          -84.578636,33.482651,2796.54
          -84.577126,33.480183,2819.4
          -84.575333,33.477715,2842.26
          -84.573303,33.475296,2865.12
          -84.571075,33.472969,2895.6
          -84.568604,33.470688,2918.46
          -84.566025,33.468639,2941.32
          -84.564072,33.467194,2956.56
          -84.560646,33.465008,2987.04
          -84.557953,33.463516,3009.9
          -84.555069,33.462112,3025.14
          -84.551384,33.460556,3055.62
          -84.548035,33.459412,3070.86
          -84.544838,33.458443,3086.1
          -84.541473,33.457653,3101.34
          -84.537979,33.456985,3108.96
          -84.534355,33.456535,3116.58
          -84.530182,33.456207,3131.82
          -84.526512,33.456024,3139.44
          -84.522865,33.455929,3154.68
          -84.518974,33.455841,3169.92
          -84.515678,33.455795,3177.54
          -84.51178,33.455795,3192.78
          -84.507225,33.455837,3200.4
          -84.503304,33.455883,3215.64
          -84.499199,33.455933,3223.26
          -84.495346,33.455975,3238.5
          -84.491402,33.456024,3246.12
          -84.487335,33.45607,3253.74
          -84.483185,33.456116,3268.98
          -84.457565,33.456348,3329.94
          -84.427238,33.456345,3406.14
          -84.400673,33.456207,3497.58
          -84.373352,33.456482,3649.98
          -84.359253,33.458023,3718.56
          -84.35437,33.458862,3741.42
          -84.349945,33.459839,3764.28
          -84.345833,33.460831,3779.52
          -84.341492,33.462112,3794.76
          -84.337425,33.46344,3817.62
          -84.332344,33.465332,3840.48
          -84.328201,33.467148,3863.34
          -84.324959,33.468704,3878.58
          -84.320892,33.470901,3901.44
          -84.317154,33.473099,3924.3
          -84.31353,33.475433,3947.16
          -84.309578,33.478317,3970.02
          -84.306335,33.480789,3992.88
          -84.303085,33.483349,4015.74
          -84.300285,33.48563,4038.6
          -84.296974,33.488331,4061.46
          -84.293098,33.491455,4084.32
          -84.289909,33.494102,4107.18
          -84.286667,33.496719,4122.42
          -84.283371,33.49942,4145.28
          -84.279655,33.502483,4175.76
          -84.27668,33.504948,4191
          -84.27327,33.507751,4213.86
          -84.221748,33.549957,4511.04
          -84.170547,33.591816,4884.42
          -84.117554,33.635193,5158.74
          -84.0634,33.679321,5486.4
          -84.008865,33.723816,5768.34
          -83.953148,33.76918,6065.52
          -83.896408,33.815266,6324.6
          -83.838501,33.862331,6576.06
          -83.780762,33.90921,6774.18
          -83.720055,33.955853,6972.3
          -83.650589,33.999519,7185.66
          -83.585106,34.039719,7391.4
          -83.515488,34.082382,7604.76
          -83.444916,34.125504,7795.26
          -83.374626,34.168396,7955.28
          -83.304863,34.210915,8115.3
          -83.238472,34.251297,8267.7
          -83.165329,34.295746,8397.24
          -83.097,34.337357,8595.36
          -83.025642,34.381119,8770.62
          -82.95536,34.424076,8945.88
          -82.884407,34.467278,9105.9
          -82.811218,34.51178,9265.92
          -82.740845,34.554562,9425.94
          -82.671165,34.596725,9448.8
          -82.600822,34.639194,9448.8
          -82.530922,34.68132,9448.8
          -82.460129,34.722748,9448.8
          -82.388321,34.764771,9448.8
          -82.317062,34.806503,9448.8
          -82.244827,34.848679,9464.04
          -82.176987,34.888294,9578.34
          -82.105011,34.930099,9700.26
          -82.033707,34.971485,9852.66
          -81.961372,35.013474,10005.06
          -81.890091,35.05537,10149.84
          -81.819992,35.099548,10271.76
          -81.749657,35.143295,10363.2
          -81.679092,35.186874,10530.84
          -81.610184,35.229385,10660.38
          -81.540588,35.272305,10668
          -81.471634,35.314728,10668
          -81.402557,35.357029,10668
          -81.331215,35.400604,10668
          -81.263237,35.442268,10675.62
          -81.193993,35.484489,10675.62
          -81.124275,35.526806,10683.24
          -81.054382,35.56926,10675.62
          -80.986115,35.61058,10660.38
          -80.91568,35.653244,10668
          -80.844009,35.696442,10668
          -80.774467,35.738338,10675.62
          -80.704765,35.780228,10675.62
          -80.632439,35.823578,10668
          -80.561928,35.865799,10668
          -80.490105,35.908722,10668
          -80.419922,35.950523,10660.38
          -80.348396,35.993134,10668
          -80.278503,36.034782,10668
          -80.208374,36.076496,10675.62
          -80.137421,36.118561,10668
          -80.065956,36.160858,10668
          -79.996834,36.201721,10675.62
          -79.926392,36.24321,10668
          -79.854942,36.285282,10660.38
          -79.784546,36.32666,10668
          -79.714111,36.367958,10668
          -79.643692,36.409157,10660.38
          -79.573799,36.449982,10660.38
          -79.503853,36.490765,10668
          -79.433662,36.531544,10675.62
          -79.362251,36.572929,10675.62
          -79.29039,36.614548,10668
          -79.219078,36.655743,10668
          -79.14814,36.696625,10668
          -79.077469,36.737228,10668
          -79.005142,36.778748,10668
          -78.933434,36.819935,10660.38
          -78.860817,36.861271,10660.38
          -78.78997,36.901428,10660.38
          -78.717758,36.942226,10660.38
          -78.646767,36.982262,10668
          -78.573807,37.023285,10675.62
          -78.504478,37.065868,10675.62
          -78.440948,37.113491,10675.62
          -78.376167,37.163815,10675.62
          -78.314011,37.212044,10675.62
          -78.252151,37.259991,10668
          -78.190224,37.307877,10675.62
          -78.127121,37.356586,10675.62
          -78.064728,37.404583,10675.62
          -78.002396,37.452438,10675.62
          -77.940285,37.500092,10668
          -77.878441,37.547592,10660.38
          -77.815521,37.595673,10652.76
          -77.753586,37.642838,10660.38
          -77.692032,37.689716,10660.38
          -77.631424,37.735802,10668
          -77.567833,37.783985,10668
          -77.505562,37.831055,10675.62
          -77.442688,37.878571,10668
          -77.379814,37.925922,10660.38
          -77.315445,37.974335,10668
          -77.255219,38.019562,10675.62
          -77.190758,38.067856,10675.62
          -77.127533,38.115143,10675.62
          -77.063599,38.162796,10668
          -76.999786,38.210358,10668
          -76.936775,38.257187,10668
          -76.873726,38.303925,10660.38
          -76.811333,38.350105,10660.38
          -76.747322,38.397404,10660.38
          -76.6828,38.444981,10660.38
          -76.619186,38.491745,10668
          -76.558167,38.53656,10675.62
          -76.494263,38.583332,10675.62
          -76.43129,38.629395,10675.62
          -76.367821,38.675766,10675.62
          -76.304749,38.721733,10675.62
          -76.242012,38.767273,10668
          -76.179382,38.812649,10660.38
          -76.115135,38.859146,10660.38
          -76.05249,38.904449,10660.38
          -75.988136,38.950974,10668
          -75.92675,39.001007,10668
          -75.866928,39.051178,10675.62
          -75.806763,39.101597,10675.62
          -75.748413,39.150478,10675.62
          -75.689651,39.199539,10675.62
          -75.629822,39.24931,10683.24
          -75.571487,39.297775,10675.62
          -75.512314,39.346893,10668
          -75.452576,39.396366,10668
          -75.394753,39.444168,10660.38
          -75.338387,39.490677,10660.38
          -75.28009,39.538631,10652.76
          -75.222351,39.586067,10660.38
          -75.165054,39.633087,10668
          -75.108093,39.680145,10668
          -75.056328,39.726013,10675.62
          -75.002228,39.774078,10668
          -74.948494,39.821732,10668
          -74.893005,39.870735,10668
          -74.84198,39.9198,10660.38
          -74.796043,39.969891,10660.38
          -74.746948,40.020035,10668
          -74.693489,40.067463,10675.62
          -74.639114,40.115646,10675.62
          -74.588303,40.160614,10675.62
          -74.533562,40.208939,10675.62
          -74.479919,40.256149,10668
          -74.425781,40.303894,10668
          -74.370972,40.351913,10668
          -74.316582,40.399475,10660.38
          -74.261658,40.447632,10584.18
          -74.20784,40.49472,10233.66
          -74.153381,40.54216,9867.9
          -74.098412,40.589455,9509.76
          -74.045532,40.635361,9174.48
          -73.991943,40.682007,8801.1
          -73.938736,40.728043,8435.34
          -73.883911,40.775299,8039.1
          -73.828613,40.822815,7642.86
          -73.773987,40.869598,7353.3
          -73.717834,40.915283,7299.96
          -73.669388,40.957729,7101.84
          -73.666824,40.96085,7086.6
          -73.663765,40.964851,7071.36
          -73.661331,40.96825,7063.74
          -73.659302,40.971268,7056.12
          -73.657166,40.974747,7048.5
          -73.654907,40.978775,7033.26
          -73.653503,40.981476,7033.26
          -73.651779,40.985149,7025.64
          -73.649963,40.989578,7018.02
          -73.64872,40.993156,7010.4
          -73.647537,40.996834,7010.4
          -73.646538,41.000744,7010.4
          -73.645729,41.004421,7002.78
          -73.645164,41.007961,7002.78
          -73.6446,41.011871,7002.78
          -73.644165,41.015408,7002.78
          -73.64373,41.018948,7002.78
          -73.643356,41.022484,7002.78
          -73.642853,41.026718,7010.4
          -73.642517,41.029999,7010.4
          -73.64209,41.033524,7010.4
          -73.641724,41.036865,7010.4
          -73.641167,41.041756,7010.4
          -73.634766,41.096054,6926.58
          -73.628563,41.15213,6774.18
          -73.622437,41.208023,6598.92
          -73.616455,41.263687,6446.52
          -73.610397,41.318974,6294.12
          -73.60437,41.374374,6141.72
          -73.598434,41.428001,5981.7
          -73.592682,41.481907,5829.3
          -73.586937,41.53521,5669.28
          -73.581184,41.588421,5516.88
          -73.575249,41.641582,5356.86
          -73.569633,41.694214,5196.84
          -73.563828,41.747131,5044.44
          -73.558067,41.799625,4884.42
          -73.552315,41.852604,4724.4
          -73.546761,41.902973,4564.38
          -73.541046,41.954681,4320.54
          -73.535423,42.003433,4061.46
          -73.530472,42.050125,3535.68
          -73.528496,42.068298,3398.52
          -73.526253,42.088531,3322.32
          -73.526497,42.108215,3329.94
          -73.526962,42.111294,3329.94
          -73.527473,42.113995,3329.94
          -73.527916,42.1166,3329.94
          -73.528557,42.119534,3329.94
          -73.528999,42.121811,3322.32
          -73.52964,42.124935,3322.32
          -73.530182,42.127441,3322.32
          -73.530746,42.130142,3322.32
          -73.531242,42.132477,3322.32
          -73.531807,42.134903,3322.32
          -73.535179,42.150101,3314.7
          -73.539223,42.168552,3314.7
          -73.542358,42.183746,3299.46
          -73.545479,42.198906,3208.02
          -73.548973,42.215012,3055.62
          -73.552719,42.231949,2903.22
          -73.556404,42.248108,2750.82
          -73.560112,42.26366,2644.14
          -73.563942,42.27916,2545.08
          -73.568031,42.295082,2430.78
          -73.572006,42.310593,2331.72
          -73.576317,42.327667,2194.56
          -73.579872,42.341904,2072.64
          -73.584,42.358952,1912.62
          -73.587578,42.373569,1798.32
          -73.591293,42.388779,1684.02
          -73.595352,42.403702,1577.34
          -73.599533,42.417938,1516.38
          -73.60228,42.427231,1501.14
          -73.605331,42.43758,1493.52
          -73.60746,42.444809,1493.52
          -73.609581,42.452042,1493.52
          -73.612518,42.461792,1493.52
          -73.615555,42.472073,1493.52
          -73.61776,42.479553,1485.9
          -73.620026,42.487202,1485.9
          -73.62188,42.493561,1493.52
          -73.624496,42.502613,1493.52
          -73.626442,42.509216,1493.52
          -73.628563,42.517044,1493.52
          -73.629372,42.521347,1493.52
          -73.629608,42.523327,1493.52
          -73.62973,42.525097,1493.52
          -73.629875,42.526932,1493.52
          -73.629997,42.528717,1493.52
          -73.630058,42.530823,1493.52
          -73.630119,42.532791,1493.52
          -73.63018,42.534454,1493.52
          -73.63018,42.53669,1493.52
          -73.630249,42.538422,1493.52
          -73.630249,42.540115,1493.52
          -73.630241,42.542042,1501.14
          -73.630249,42.54364,1508.76
          -73.63018,42.545254,1508.76
          -73.63018,42.547028,1501.14
          -73.630051,42.552608,1501.14
          -73.62999,42.559731,1478.28
          -73.62999,42.565086,1455.42
          -73.630058,42.570007,1417.32
          -73.630249,42.577332,1356.36
          -73.63031,42.582169,1310.64
          -73.630432,42.589462,1242.06
          -73.630432,42.594273,1219.2
          -73.630432,42.601227,1203.96
          -73.63031,42.606445,1196.34
          -73.63018,42.61377,1188.72
          -73.630051,42.620762,1188.72
          -73.62999,42.626907,1188.72
          -73.62986,42.633701,1188.72
          -73.62973,42.640919,1188.72
          -73.629608,42.648273,1188.72
          -73.629494,42.653732,1188.72
          -73.629311,42.660645,1188.72
          -73.629158,42.666523,1188.72
          -73.629028,42.671875,1188.72
          -73.628876,42.678955,1188.72
          -73.628708,42.68412,1188.72
          -73.628563,42.691086,1188.72
          -73.628372,42.696899,1188.72
          -73.628136,42.702553,1188.72
          -73.627815,42.709629,1188.72
          -73.627625,42.71489,1188.72
          -73.627312,42.722031,1188.72
          -73.626984,42.729275,1188.72
          -73.626732,42.734489,1188.72
          -73.626411,42.741798,1188.72
          -73.626129,42.748764,1188.72
          -73.625938,42.754303,1188.72
          -73.625626,42.761536,1181.1
          -73.625443,42.7668,1158.24
          -73.625069,42.773918,1112.52
          -73.624748,42.781227,1059.18
          -73.624817,42.788395,998.22
          -73.62513,42.790073,982.98
          -73.625504,42.791473,967.74
          -73.626129,42.793488,952.5
          -73.626747,42.795135,937.26
          -73.627243,42.79631,929.64
          -73.628189,42.798569,914.4
          -73.628876,42.800079,906.78
          -73.629608,42.801571,899.16
          -73.63018,42.802921,899.16
          -73.630943,42.804459,899.16
          -73.631775,42.80632,891.54
          -73.632477,42.807808,891.54
          -73.633247,42.809326,891.54
          -73.633949,42.810883,891.54
          -73.634819,42.812649,891.54
          -73.635475,42.814095,891.54
          -73.636246,42.815689,891.54
          -73.638741,42.820908,883.92
          -73.641037,42.82576,883.92
          -73.643387,42.830807,883.92
          -73.646591,42.837555,883.92
          -73.649536,42.843842,883.92
          -73.652016,42.849194,883.92
          -73.65509,42.85585,883.92
          -73.657509,42.861252,883.92
          -73.659538,42.865814,883.92
          -73.662689,42.872681,868.68
          -73.664925,42.877762,838.2
          -73.667839,42.884342,784.86
          -73.670868,42.891129,716.28
          -73.67366,42.897282,655.32
          -73.675819,42.902031,617.22
          -73.678146,42.906601,594.36
          -73.679092,42.907944,594.36
          -73.680466,42.909618,586.74
          -73.682167,42.911106,586.74
          -73.683342,42.911991,586.74
          -73.685303,42.913155,586.74
          -73.687004,42.913994,586.74
          -73.68988,42.91502,579.12
          -73.692009,42.915573,579.12
          -73.69426,42.915951,579.12
          -73.696358,42.916134,579.12
          -73.698524,42.91626,579.12
          -73.701401,42.916306,579.12
          -73.703125,42.916306,579.12
          -73.705872,42.91626,579.12
          -73.708107,42.916214,579.12
          -73.709831,42.916122,579.12
          -73.712379,42.916042,579.12
          -73.715187,42.915901,579.12
          -73.71769,42.915802,579.12
          -73.719666,42.91571,579.12
          -73.721199,42.915619,579.12
          -73.724342,42.915485,579.12
          -73.726631,42.915344,579.12
          -73.728737,42.915253,579.12
          -73.730949,42.915157,579.12
          -73.733849,42.915024,579.12
          -73.740425,42.914658,579.12
          -73.749847,42.914227,579.12
          -73.756454,42.913902,579.12
          -73.765465,42.913467,579.12
          -73.772873,42.913101,579.12
          -73.77993,42.912643,579.12
          -73.782608,42.912132,579.12
          -73.7845,42.911636,579.12
          -73.787056,42.910782,579.12
          -73.788956,42.909897,579.12
          -73.790245,42.909164,579.12
          -73.792549,42.907524,579.12
          -73.793953,42.906326,579.12
          -73.794846,42.905365,579.12
          -73.797844,42.90152,579.12
          -73.799026,42.899704,579.12
          -73.800003,42.898167,579.12
          -73.80098,42.896622,579.12
          -73.801964,42.894863,579.12
          -73.802818,42.893463,579.12
          -73.803726,42.891815,579.12
          -73.80452,42.890347,579.12
          -73.805511,42.888474,579.12
          -73.806152,42.886948,579.12
          -73.806808,42.885365,579.12
          -73.807365,42.883575,579.12
          -73.807938,42.881378,579.12
          -73.808243,42.87978,579.12
          -73.80851,42.878147,579.12
          -73.808708,42.876389,579.12
          -73.808899,42.874557,579.12
          -73.80896,42.872818,579.12
          -73.809029,42.87154,579.12
          -73.809097,42.869442,579.12
          -73.809029,42.867863,579.12
          -73.809029,42.866226,579.12
          -73.808968,42.864414,579.12
          -73.808899,42.862972,579.12
          -73.808899,42.861156,579.12
          -73.808838,42.859726,579.12
          -73.80883,42.858223,579.12
          -73.80883,42.856781,579.12
          -73.808838,42.855057,586.74
          -73.80883,42.853382,579.12
          -73.80883,42.849007,579.12
          -73.808517,42.842789,579.12
          -73.808449,42.838577,571.5
          -73.808388,42.833176,533.4
          -73.808182,42.828571,495.3
          -73.807854,42.823124,457.2
          -73.807594,42.818703,434.34
          -73.807304,42.813721,403.86
          -73.807236,42.809372,381
          -73.807213,42.804199,350.52
          -73.80703,42.800262,327.66
          -73.806854,42.795052,289.56
          -73.806717,42.791382,266.7
          -73.806526,42.786392,236.22
          -73.806282,42.782486,205.74
          -73.806023,42.777458,175.26
          -73.80584,42.773529,160.02
          -73.805717,42.76973,137.16
          -73.805466,42.764511,99.06
          -73.80526,42.759998,60.96
          -73.805069,42.756088,45.72
          -73.804901,42.751923,45.72
          -73.804794,42.749317,0
          -73.804703,42.747128,0
          -73.804588,42.744091,0
          -73.804527,42.742577,0
          -73.804443,42.740749,0
          -73.804359,42.739117,0
          -73.804314,42.738224,0
          -73.80439,42.737526,0
          -73.80468,42.737328,0
          -73.804955,42.737282,0
          -73.805176,42.737282,0
          -73.805405,42.737316,0
          -73.805687,42.737514,0
          -73.805817,42.739143,0
          -73.805855,42.739906,0
          -73.805878,42.740669,0
          -73.805984,42.742653,0
          -73.806023,42.743427,0
          -73.806061,42.744198,0
          -73.806091,42.744926,0
          -73.806107,42.745697,0
          -73.806137,42.746235,0
          -73.806152,42.746826,0
          -73.806168,42.747288,0
          -73.806198,42.747791,0
          -73.806244,42.748032,0
          -73.80648,42.74818,0
          -73.806763,42.748203,0
          -73.807152,42.748192,0
          -73.807388,42.74818,0
          -73.807602,42.748169,0
          -73.807816,42.748165,0
          -73.808052,42.748165,0
          -73.808487,42.748154,0
          -73.808762,42.748123,0
          -73.809021,42.747963,0
          -73.80912,42.747746,0
          -73.809059,42.747524,0
          -73.808975,42.747314,0
          -73.808868,42.74707,0
        </coordinates>
      </LineString>
    </Placemark>
<Placemark>
      <name>VA743-2025-12-07</name>
      <TimeStamp>
        <when>2025-12-07</when>
      </TimeStamp>
      <LineString>
        <altitudeMode>absolute</altitudeMode>
        <coordinates>
          144.846268,-37.670723,0
          144.846207,-37.67049,0
          144.84613,-37.670219,0
          144.845886,-37.670082,0
          144.845657,-37.670105,0
          144.845352,-37.670128,0
          144.844971,-37.670151,0
          144.844681,-37.670223,0
          144.844452,-37.670326,0
          144.844238,-37.67041,0
          144.843948,-37.67046,0
          144.843719,-37.67049,0
          144.843506,-37.670513,0
          144.843246,-37.670547,0
          144.84285,-37.670582,0
          144.842377,-37.670643,0
          144.841751,-37.670712,0
          144.841507,-37.670746,0
          144.841263,-37.67078,0
          144.840958,-37.670792,0
          144.840668,-37.670723,0
          144.840408,-37.670528,0
          144.840271,-37.670231,0
          144.840195,-37.669769,0
          144.840118,-37.669384,0
          144.840012,-37.668816,0
          144.839828,-37.667828,0
          144.839798,-37.667591,0
          144.83963,-37.666683,0
          144.839462,-37.665871,0
          144.839325,-37.665104,0
          144.839203,-37.664463,0
          144.839142,-37.664028,0
          144.839233,-37.663742,0
          144.839447,-37.663548,0
          144.839737,-37.663425,0
          144.840057,-37.663403,0
          144.840286,-37.66341,0
          144.840607,-37.663437,0
          144.841049,-37.663471,0
          144.841309,-37.663483,0
          144.841583,-37.663506,0
          144.841919,-37.663525,0
          144.842133,-37.663544,0
          144.842438,-37.663548,0
          144.843262,-37.663605,0
          144.844269,-37.663662,0
          144.84494,-37.663696,0
          144.845657,-37.663738,0
          144.846375,-37.663788,0
          144.847,-37.663811,0
          144.847427,-37.663834,0
          144.847656,-37.663834,0
          144.847855,-37.663601,0
          144.84787,-37.663399,0
          144.847885,-37.66317,0
          144.8479,-37.662952,0
          144.847931,-37.662712,0
          144.847961,-37.662357,0
          144.847748,-37.662251,0
          144.847412,-37.662228,0
          144.845856,-37.662121,0
          144.843109,-37.661957,0
          144.841415,-37.661865,121.92
          144.840179,-37.661774,121.92
          144.838608,-37.661682,121.92
          144.837479,-37.661644,121.92
          144.834381,-37.661457,121.92
          144.832535,-37.661362,121.92
          144.830887,-37.661224,114.3
          144.828964,-37.661133,114.3
          144.827209,-37.661041,121.92
          144.824463,-37.660854,144.78
          144.822891,-37.660767,175.26
          144.820465,-37.660576,213.36
          144.813187,-37.660015,312.42
          144.806198,-37.659504,396.24
          144.800217,-37.659039,480.06
          144.791977,-37.65834,579.12
          144.783203,-37.657745,640.08
          144.774155,-37.65715,678.18
          144.766541,-37.656616,716.28
          144.75592,-37.656006,762
          144.74826,-37.655548,800.1
          144.736389,-37.654896,883.92
          144.727219,-37.654404,929.64
          144.717987,-37.6539,982.98
          144.705368,-37.653351,1074.42
          144.692215,-37.652752,1249.68
          144.689072,-37.652481,1287.78
          144.686295,-37.652195,1325.88
          144.682632,-37.651611,1371.6
          144.680511,-37.651218,1402.08
          144.67691,-37.650238,1440.18
          144.673584,-37.649185,1478.28
          144.670776,-37.648087,1508.76
          144.667969,-37.646793,1539.24
          144.665756,-37.645676,1562.1
          144.662949,-37.644047,1592.58
          144.661041,-37.642746,1607.82
          144.658737,-37.641037,1638.3
          144.65657,-37.639206,1668.78
          144.654297,-37.637009,1706.88
          144.65213,-37.634537,1744.98
          144.650497,-37.632385,1767.84
          144.648743,-37.629822,1805.94
          144.647552,-37.627567,1836.42
          144.646301,-37.624962,1866.9
          144.645096,-37.622028,1905
          144.644272,-37.619656,1935.48
          144.643417,-37.617279,1965.96
          144.642349,-37.614441,1996.44
          144.641556,-37.612198,2019.3
          144.64032,-37.609135,2057.4
          144.639374,-37.606667,2087.88
          144.638275,-37.603958,2125.98
          144.637466,-37.601669,2156.46
          144.636353,-37.598694,2186.94
          144.635483,-37.596405,2209.8
          144.634476,-37.593678,2240.28
          144.628387,-37.578178,2415.54
          144.624435,-37.564407,2567.94
          144.624207,-37.56179,2590.8
          144.624146,-37.559418,2621.28
          144.624374,-37.555786,2659.38
          144.624786,-37.553101,2689.86
          144.625397,-37.550339,2720.34
          144.626358,-37.54715,2750.82
          144.627365,-37.544521,2781.3
          144.628754,-37.541382,2804.16
          144.630219,-37.538681,2827.02
          144.632019,-37.535767,2849.88
          144.633575,-37.533672,2872.74
          144.636261,-37.53046,2895.6
          144.638657,-37.527992,2918.46
          144.640686,-37.526131,2933.7
          144.644073,-37.523438,2956.56
          144.646515,-37.521652,2971.8
          144.649567,-37.51973,2994.66
          144.652771,-37.517761,3017.52
          144.65593,-37.51593,3040.38
          144.660019,-37.51355,3070.86
          144.662476,-37.512165,3086.1
          144.665817,-37.510212,3101.34
          144.669647,-37.507977,3124.2
          144.672699,-37.506134,3131.82
          144.675507,-37.504486,3147.06
          144.67926,-37.502251,3154.68
          144.682343,-37.500366,3162.3
          144.686127,-37.498108,3177.54
          144.689636,-37.496014,3192.78
          144.711395,-37.48288,3261.36
          144.732544,-37.468597,3352.8
          144.752411,-37.4534,3520.44
          144.773361,-37.437637,3680.46
          144.824051,-37.399464,4084.32
          144.87706,-37.359329,4526.28
          144.929916,-37.318928,4914.9
          144.982986,-37.278427,5303.52
          145.036972,-37.237274,5646.42
          145.09346,-37.194122,6035.04
          145.14827,-37.152039,6400.8
          145.205582,-37.107952,6705.6
          145.262253,-37.061306,6979.92
          145.313416,-37.011932,7261.86
          145.365189,-36.961945,7543.8
          145.418304,-36.910446,7825.74
          145.472183,-36.858154,8077.2
          145.525879,-36.805893,8298.18
          145.583038,-36.750137,8534.4
          145.639282,-36.69516,8763
          145.696686,-36.638947,8999.22
          145.754303,-36.582458,9227.82
          145.809204,-36.528469,9418.32
          145.868286,-36.470306,9608.82
          145.923447,-36.415878,9768.84
          145.981415,-36.358521,9928.86
          146.040009,-36.30043,10157.46
          146.095779,-36.24506,10363.2
          146.152115,-36.189106,10538.46
          146.207825,-36.133667,10713.72
          146.265259,-36.076496,10896.6
          146.322388,-36.019638,11109.96
          146.37886,-35.963139,11285.22
          146.433899,-35.907898,11407.14
          146.488953,-35.852577,11536.68
          146.544342,-35.796936,11666.22
          146.597824,-35.742714,11727.18
          146.653748,-35.685837,11788.14
          146.710083,-35.628708,11856.72
          146.767273,-35.570709,11887.2
          146.824615,-35.512482,11887.2
          146.882111,-35.453796,11887.2
          146.935944,-35.39888,11887.2
          146.989685,-35.344162,11887.2
          147.045425,-35.287216,11887.2
          147.099899,-35.231277,11887.2
          147.15744,-35.172226,11887.2
          147.211929,-35.116215,11887.2
          147.264053,-35.062546,11887.2
          147.317734,-35.007004,11887.2
          147.370209,-34.952305,11887.2
          147.424759,-34.895691,11887.2
          147.479034,-34.839184,11887.2
          147.531342,-34.784763,11887.2
          147.582489,-34.731319,11887.2
          147.635483,-34.675785,11887.2
          147.68692,-34.621876,11879.58
          147.738419,-34.567783,11887.2
          147.791977,-34.511642,11887.2
          147.844925,-34.4561,11887.2
          147.900421,-34.397736,11887.2
          147.952103,-34.343262,11887.2
          148.004227,-34.288147,11887.2
          148.054901,-34.234314,11887.2
          148.108063,-34.177628,11887.2
          148.160126,-34.12228,11887.2
          148.212006,-34.06723,11887.2
          148.265091,-34.010559,11887.2
          148.31958,-33.952332,11887.2
          148.373398,-33.89473,11887.2
          148.423462,-33.841244,11887.2
          148.475632,-33.785202,11887.2
          148.529831,-33.726883,11887.2
          148.583694,-33.668747,11887.2
          148.634155,-33.614395,11887.2
          148.686447,-33.557922,11887.2
          148.737564,-33.502342,11887.2
          148.787567,-33.447968,11887.2
          148.840469,-33.390339,11887.2
          148.893143,-33.333115,11887.2
          148.945175,-33.276192,11887.2
          148.996643,-33.220001,11887.2
          149.048218,-33.163742,11887.2
          149.098099,-33.109116,11887.2
          149.148956,-33.053238,11887.2
          149.197632,-32.999588,11887.2
          149.248871,-32.942924,11887.2
          149.29747,-32.889713,11887.2
          149.347076,-32.835342,11887.2
          149.39473,-32.782562,11887.2
          149.445313,-32.726303,11887.2
          149.492279,-32.673798,11887.2
          149.541519,-32.618919,11887.2
          149.593826,-32.560776,11887.2
          149.641464,-32.50552,11887.2
          149.687134,-32.450592,11681.46
          149.736191,-32.391094,11323.32
          149.782211,-32.335968,11277.6
          149.831604,-32.276871,11269.98
          149.878464,-32.221176,11277.6
          149.926437,-32.164059,11277.6
          149.959152,-32.11615,11277.6
          149.961639,-32.111362,11277.6
          149.963547,-32.107544,11277.6
          149.964966,-32.104431,11277.6
          149.9673,-32.099396,11277.6
          149.968597,-32.096283,11277.6
          149.970779,-32.091064,11277.6
          149.972183,-32.087341,11277.6
          149.973862,-32.082638,11277.6
          149.975143,-32.078915,11277.6
          149.976776,-32.073853,11277.6
          149.977844,-32.070114,11277.6
          149.979187,-32.065228,11277.6
          149.980301,-32.060898,11277.6
          149.98114,-32.057175,11277.6
          149.981934,-32.053452,11277.6
          149.983002,-32.047771,11277.6
          149.983704,-32.043274,11277.6
          149.984283,-32.039391,11277.6
          149.984863,-32.034302,11277.6
          149.985245,-32.030594,11277.6
          149.98558,-32.026169,11277.6
          149.985794,-32.022263,11277.6
          149.985916,-32.018631,11277.6
          149.986008,-32.013977,11277.6
          149.986023,-32.010159,11277.6
          149.986023,-32.00634,11277.6
          149.986008,-32.001343,11277.6
          149.985962,-31.997726,11277.6
          149.985916,-31.993677,11277.6
          149.984589,-31.93158,11277.6
          149.983673,-31.872408,11277.6
          149.982437,-31.80961,11277.6
          149.981293,-31.752443,11277.6
          149.979919,-31.688187,11277.6
          149.977814,-31.625931,11277.6
          149.976257,-31.562897,11277.6
          149.974808,-31.50432,11277.6
          149.974197,-31.437378,11277.6
          149.980576,-31.376953,11277.6
          149.987549,-31.309034,11277.6
          149.993423,-31.245667,11277.6
          149.998596,-31.179565,11277.6
          150.00296,-31.116669,11285.22
          150.010391,-31.056793,11277.6
          150.012604,-31.048294,11277.6
          150.013947,-31.043655,11277.6
          150.015228,-31.039402,11277.6
          150.016449,-31.03554,11277.6
          150.0177,-31.031488,11277.6
          150.018738,-31.028229,11277.6
          150.038696,-30.964827,11277.6
          150.05957,-30.903214,11277.6
          150.085632,-30.845215,11277.6
          150.113586,-30.783096,11277.6
          150.140091,-30.724756,11277.6
          150.168381,-30.66247,11277.6
          150.197006,-30.598879,11277.6
          150.224792,-30.536499,11277.6
          150.253143,-30.473467,11277.6
          150.281387,-30.410294,11277.6
          150.308319,-30.348633,11277.6
          150.339935,-30.286188,11277.6
          150.377075,-30.224972,11277.6
          150.393188,-30.204437,11277.6
          150.39624,-30.200857,11277.6
          150.400024,-30.196609,11277.6
          150.403854,-30.192444,11277.6
          150.406662,-30.189514,11277.6
          150.409805,-30.186239,11277.6
          150.4142,-30.181778,11277.6
          150.417664,-30.178419,11277.6
          150.420975,-30.175278,11277.6
          150.425125,-30.171478,11277.6
          150.429657,-30.167404,11277.6
          150.434525,-30.163242,11277.6
          150.437988,-30.16045,11277.6
          150.442261,-30.157013,11277.6
          150.446182,-30.153946,11277.6
          150.450378,-30.150787,11277.6
          150.454849,-30.147509,11277.6
          150.459213,-30.144424,11277.6
          150.463364,-30.141596,11277.6
          150.467819,-30.138617,11277.6
          150.472351,-30.135727,11277.6
          150.476715,-30.132984,11277.6
          150.481628,-30.130051,11277.6
          150.484955,-30.128096,11277.6
          150.489914,-30.12529,11277.6
          150.495682,-30.122177,11277.6
          150.501221,-30.119251,11277.6
          150.505005,-30.117342,11277.6
          150.511185,-30.114349,11277.6
          150.51619,-30.112015,11277.6
          150.520828,-30.109941,11277.6
          150.52594,-30.107706,11277.6
          150.53038,-30.105844,11277.6
          150.537308,-30.102951,11277.6
          150.541992,-30.101028,11277.6
          150.620148,-30.068277,11277.6
          150.699951,-30.035038,11277.6
          150.779282,-30.001986,11277.6
          150.853058,-29.971069,11277.6
          150.929535,-29.939117,11277.6
          151.006592,-29.906786,11277.6
          151.081238,-29.875364,11277.6
          151.15889,-29.842545,11277.6
          151.238007,-29.809166,11277.6
          151.31131,-29.778168,11269.98
          151.389069,-29.745157,11277.6
          151.468185,-29.711546,11277.6
          151.542877,-29.679565,11277.6
          151.621582,-29.64592,11277.6
          151.695999,-29.614151,11277.6
          151.774887,-29.58041,11277.6
          151.848267,-29.548874,11277.6
          151.926453,-29.515137,11224.26
          152.000702,-29.483114,10828.02
          152.07634,-29.450272,10393.68
          152.155426,-29.41608,10050.78
          152.23291,-29.382515,9730.74
          152.306046,-29.350674,9403.08
          152.377899,-29.319298,9105.9
          152.449982,-29.287949,8793.48
          152.516434,-29.258881,8503.92
          152.586258,-29.228241,8191.5
          152.654495,-29.198448,7879.08
          152.718933,-29.170029,7574.28
          152.785446,-29.14064,7261.86
          152.849777,-29.112305,6934.2
          152.911804,-29.08486,6621.78
          152.974167,-29.057255,6309.36
          153.037704,-29.029175,5981.7
          153.098709,-29.001984,5661.66
          153.159058,-28.975044,5341.62
          153.221802,-28.947113,5013.96
          153.281738,-28.920485,4693.92
          153.339737,-28.894602,4373.88
          153.39801,-28.868532,4053.84
          153.446518,-28.845703,3779.52
          153.450623,-28.842882,3749.04
          153.452911,-28.841217,3733.8
          153.456818,-28.837967,3710.94
          153.459503,-28.83548,3688.08
          153.462265,-28.832748,3665.22
          153.465057,-28.829636,3642.36
          153.467865,-28.826111,3619.5
          153.469971,-28.823227,3596.64
          153.471893,-28.820305,3573.78
          153.474197,-28.81636,3550.92
          153.475677,-28.813614,3528.06
          153.477173,-28.810528,3512.82
          153.478745,-28.807068,3489.96
          153.480301,-28.803499,3467.1
          153.481476,-28.800798,3451.86
          153.483368,-28.79661,3421.38
          153.484604,-28.793816,3406.14
          153.486115,-28.790558,3383.28
          153.487518,-28.787437,3360.42
          153.489136,-28.783901,3337.56
          153.491013,-28.779711,3314.7
          153.492416,-28.776592,3291.84
          153.501511,-28.756668,3177.54
          153.510437,-28.73703,3139.44
          153.518906,-28.718075,3101.34
          153.526932,-28.699781,3055.62
          153.534637,-28.682184,2971.8
          153.542175,-28.665098,2895.6
          153.550735,-28.645826,2766.06
          153.558289,-28.628769,2651.76
          153.565872,-28.61175,2552.7
          153.57309,-28.595457,2461.26
          153.580414,-28.579102,2362.2
          153.58754,-28.563034,2278.38
          153.59462,-28.547195,2179.32
          153.60202,-28.530762,2080.26
          153.608368,-28.515015,1981.2
          153.615356,-28.496393,1874.52
          153.62236,-28.477661,1760.22
          153.629211,-28.459246,1653.54
          153.636093,-28.44104,1600.2
          153.642105,-28.425156,1569.72
          153.64827,-28.408318,1531.62
          153.649033,-28.405518,1524
          153.649567,-28.40287,1524
          153.649826,-28.400169,1516.38
          153.649872,-28.398193,1516.38
          153.649719,-28.395767,1508.76
          153.649338,-28.393066,1493.52
          153.64859,-28.390162,1485.9
          153.647781,-28.387926,1478.28
          153.646927,-28.385971,1470.66
          153.645859,-28.383865,1455.42
          153.644333,-28.381317,1440.18
          153.64299,-28.379362,1432.56
          153.641785,-28.377594,1424.94
          153.640411,-28.375671,1417.32
          153.639252,-28.373932,1409.7
          153.637665,-28.371681,1394.46
          153.636475,-28.369957,1386.84
          153.635086,-28.367889,1371.6
          153.63382,-28.365967,1356.36
          153.63266,-28.364227,1341.12
          153.631439,-28.362442,1325.88
          153.630005,-28.360228,1310.64
          153.628693,-28.358276,1303.02
          153.627365,-28.356171,1287.78
          153.626129,-28.354269,1272.54
          153.622314,-28.34831,1226.82
          153.618805,-28.342678,1188.72
          153.613907,-28.334747,1135.38
          153.60907,-28.326944,1082.04
          153.604538,-28.319775,1036.32
          153.600983,-28.314281,998.22
          153.5961,-28.306641,944.88
          153.591782,-28.29985,899.16
          153.588608,-28.294785,868.68
          153.584183,-28.287746,822.96
          153.579987,-28.281097,777.24
          153.577148,-28.276703,739.14
          153.573196,-28.270475,701.04
          153.569214,-28.264423,655.32
          153.56636,-28.260086,624.84
          153.562744,-28.254461,594.36
          153.559296,-28.248875,571.5
          153.556854,-28.244888,548.64
          153.553802,-28.239944,510.54
          153.551224,-28.235842,480.06
          153.548782,-28.231979,449.58
          153.545624,-28.227135,419.1
          153.542496,-28.222387,388.62
          153.539474,-28.217743,358.14
          153.537064,-28.213915,335.28
          153.534088,-28.209137,304.8
          153.533203,-28.207672,289.56
          153.532425,-28.206467,281.94
          153.531723,-28.205349,274.32
          153.530975,-28.204193,266.7
          153.528763,-28.200623,236.22
          153.525696,-28.195807,205.74
          153.523331,-28.192036,175.26
          153.52037,-28.18738,144.78
          153.51709,-28.18222,114.3
          153.514709,-28.178442,83.82
          153.51239,-28.174904,60.96
          153.509216,-28.169907,30.48
          153.506516,-28.165649,0
          153.505051,-28.163383,0
          153.503906,-28.161591,0
          153.503159,-28.160402,0
          153.502594,-28.159492,0
          153.502029,-28.158623,0
          153.50177,-28.158203,0
          153.501617,-28.15797,0
          153.50145,-28.157719,0
          153.501099,-28.157124,0
          153.501038,-28.156864,0
          153.501083,-28.156597,0
          153.501328,-28.156368,0
          153.501602,-28.156237,0
          153.501938,-28.15612,0
          153.502197,-28.156128,0
          153.502411,-28.156174,0
          153.502625,-28.156294,0
          153.502869,-28.156551,0
          153.503006,-28.156803,0
          153.503159,-28.157043,0
          153.503311,-28.157284,0
          153.503464,-28.157528,0
          153.503601,-28.157738,0
          153.503784,-28.158018,0
          153.503952,-28.158297,0
          153.504471,-28.159103,0
          153.505035,-28.159996,0
          153.505371,-28.160545,0
          153.505539,-28.160799,0
          153.505737,-28.1611,0
          153.505905,-28.161358,0
          153.506058,-28.161598,0
          153.506241,-28.161907,0
          153.506531,-28.162323,0
          153.506699,-28.162626,0
          153.506866,-28.16288,0
          153.50737,-28.163673,0
          153.507538,-28.163918,0
          153.507767,-28.164278,0
          153.507904,-28.164499,0
          153.508072,-28.164766,0
          153.508499,-28.165442,0
          153.508713,-28.165779,0
          153.509171,-28.166513,0
          153.509674,-28.167297,0
          153.509842,-28.167549,0
          153.509964,-28.16777,0
          153.510147,-28.168041,0
          153.510345,-28.168339,0
          153.510483,-28.16855,0
          153.510727,-28.168716,0
          153.510941,-28.168736,0
          153.511154,-28.168694,0
          153.511398,-28.168667,0
          153.511627,-28.16877,0
          153.51181,-28.16898,0
          153.512024,-28.169071,0
          153.512253,-28.168968,0
          153.512466,-28.168865,0
          153.51268,-28.16877,0
          153.512894,-28.168671,0
        </coordinates>
      </LineString>
    </Placemark>
<Placemark>
      <name>QF125-2025-12-10</name>
      <TimeStamp>
        <when>2025-12-10</when>
      </TimeStamp>
      <LineString>
        <altitudeMode>absolute</altitudeMode>
        <coordinates>
          153.108505,-27.406448,0
          153.108643,-27.406664,0
          153.10878,-27.406872,0
          153.108826,-27.407089,0
          153.109573,-27.406769,0
          153.11142,-27.40543,0
          153.111954,-27.405636,0
          153.112427,-27.405849,0
          153.112701,-27.405842,0
          153.112976,-27.405594,0
          153.11348,-27.404697,0
          153.1138,-27.40415,0
          153.114258,-27.40337,0
          153.115067,-27.402473,0
          153.115448,-27.402615,0
          153.115784,-27.402775,0
          153.11615,-27.402935,0
          153.116409,-27.403049,0
          153.116806,-27.403198,0
          153.117218,-27.403233,0
          153.117538,-27.403185,0
          153.117981,-27.403069,0
          153.118759,-27.401882,0
          153.120361,-27.399076,0
          153.123383,-27.39378,0
          153.125824,-27.389521,0
          153.128998,-27.383949,0
          153.132416,-27.377838,91.44
          153.135895,-27.371429,205.74
          153.136688,-27.37011,220.98
          153.137527,-27.368805,243.84
          153.138794,-27.367176,266.7
          153.139984,-27.365891,289.56
          153.141068,-27.364708,304.8
          153.142212,-27.363602,327.66
          153.143616,-27.362366,350.52
          153.145035,-27.361217,365.76
          153.146408,-27.360077,381
          153.147827,-27.358936,396.24
          153.149521,-27.357559,403.86
          153.150909,-27.356415,411.48
          153.152313,-27.355225,426.72
          153.15387,-27.353897,434.34
          153.155167,-27.352798,449.58
          153.156876,-27.351379,464.82
          153.1586,-27.349953,480.06
          153.16008,-27.348696,487.68
          153.161621,-27.347439,495.3
          153.163193,-27.346182,502.92
          153.164856,-27.344833,518.16
          153.166824,-27.343231,533.4
          153.168381,-27.341991,541.02
          153.174179,-27.337336,586.74
          153.180038,-27.332657,647.7
          153.18782,-27.326443,716.28
          153.194519,-27.320997,800.1
          153.202682,-27.314392,906.78
          153.208649,-27.309448,975.36
          153.215332,-27.303818,1051.56
          153.221619,-27.298512,1127.76
          153.227982,-27.293655,1203.96
          153.230804,-27.291948,1234.44
          153.232635,-27.291,1257.3
          153.235229,-27.28981,1280.16
          153.238235,-27.288712,1318.26
          153.240631,-27.288038,1341.12
          153.243378,-27.287386,1371.6
          153.246063,-27.28688,1402.08
          153.249405,-27.286501,1432.56
          153.252045,-27.286362,1463.04
          153.254471,-27.286222,1485.9
          153.256943,-27.286194,1516.38
          153.25943,-27.286175,1539.24
          153.262451,-27.286129,1569.72
          153.265701,-27.286011,1607.82
          153.269104,-27.285896,1645.92
          153.271149,-27.285782,1661.16
          153.273911,-27.285664,1699.26
          153.276917,-27.285524,1729.74
          153.27977,-27.285383,1760.22
          153.283005,-27.285187,1798.32
          153.285599,-27.285049,1828.8
          153.30307,-27.284081,2019.3
          153.320007,-27.283173,2186.94
          153.337891,-27.282303,2339.34
          153.356247,-27.281521,2491.74
          153.374313,-27.280682,2636.52
          153.391953,-27.280636,2788.92
          153.395462,-27.281204,2819.4
          153.397537,-27.281708,2834.64
          153.401169,-27.282715,2872.74
          153.403946,-27.283754,2895.6
          153.40686,-27.285011,2926.08
          153.409088,-27.286148,2948.94
          153.411118,-27.287338,2964.18
          153.414139,-27.289248,2994.66
          153.416351,-27.290863,3009.9
          153.418839,-27.292786,3032.76
          153.420898,-27.294415,3048
          153.423294,-27.29631,3070.86
          153.425781,-27.298279,3086.1
          153.428223,-27.300156,3101.34
          153.430252,-27.301723,3108.96
          153.432526,-27.303452,3124.2
          153.435471,-27.30574,3139.44
          153.437439,-27.307217,3147.06
          153.440231,-27.309359,3162.3
          153.442459,-27.311033,3169.92
          153.457977,-27.322811,3246.12
          153.473557,-27.334579,3307.08
          153.489685,-27.346848,3368.04
          153.507034,-27.360077,3429
          153.524551,-27.373489,3505.2
          153.542389,-27.387268,3627.12
          153.555588,-27.400274,3718.56
          153.557541,-27.402836,3733.8
          153.559982,-27.406374,3756.66
          153.561554,-27.408979,3771.9
          153.563248,-27.411913,3787.14
          153.56488,-27.4151,3810
          153.566788,-27.419455,3832.86
          153.567902,-27.422295,3848.1
          153.569122,-27.425995,3863.34
          153.570114,-27.429417,3886.2
          153.570938,-27.432907,3901.44
          153.571655,-27.436771,3924.3
          153.572067,-27.439472,3939.54
          153.572708,-27.44408,3962.4
          153.573212,-27.447968,3985.26
          153.573685,-27.451355,4000.5
          153.574402,-27.456463,4030.98
          153.574921,-27.459908,4053.84
          153.575455,-27.463306,4076.7
          153.576019,-27.467239,4099.56
          153.576721,-27.471685,4122.42
          153.577255,-27.475296,4145.28
          153.585587,-27.529318,4495.8
          153.596954,-27.583551,4823.46
          153.599228,-27.59024,4853.94
          153.60054,-27.593885,4876.8
          153.602127,-27.597977,4899.66
          153.60376,-27.601892,4922.52
          153.605194,-27.605291,4945.38
          153.60672,-27.608643,4960.62
          153.608566,-27.612692,4991.1
          153.610199,-27.616045,5006.34
          153.611877,-27.619583,5029.2
          153.636444,-27.672455,5379.72
          153.661621,-27.726471,5852.16
          153.681625,-27.761353,6149.34
          153.684204,-27.764778,6172.2
          153.686401,-27.767578,6195.06
          153.688644,-27.770319,6217.92
          153.692017,-27.774323,6248.4
          153.69487,-27.777534,6278.88
          153.697586,-27.780441,6294.12
          153.700363,-27.783306,6316.98
          153.703064,-27.785959,6339.84
          153.706497,-27.789265,6362.7
          153.709717,-27.792206,6385.56
          153.712616,-27.794724,6408.42
          153.715683,-27.797365,6423.66
          153.718521,-27.799713,6446.52
          153.722229,-27.802765,6469.38
          153.726089,-27.80603,6492.24
          153.729202,-27.808632,6507.48
          153.732162,-27.811098,6530.34
          153.779419,-27.84993,6758.94
          153.807953,-27.868357,6880.86
          153.812485,-27.870895,6903.72
          153.81636,-27.872967,6918.96
          153.819321,-27.87455,6934.2
          153.82399,-27.876892,6957.06
          153.827774,-27.878769,6972.3
          153.832535,-27.881012,6995.16
          153.836365,-27.882751,7010.4
          153.840439,-27.884512,7033.26
          153.845139,-27.886513,7056.12
          153.848083,-27.887695,7063.74
          153.853653,-27.889912,7094.22
          153.858185,-27.891769,7109.46
          153.862122,-27.893372,7132.32
          153.927231,-27.920076,7414.26
          153.993149,-27.946983,7703.82
          154.058792,-27.973709,7955.28
          154.124069,-28.000193,8214.36
          154.190582,-28.027193,8481.06
          154.2556,-28.053497,8595.36
          154.320694,-28.079659,8839.2
          154.386078,-28.106007,9006.84
          154.457581,-28.13475,9144
          154.525665,-28.162149,9288.78
          154.596222,-28.190323,9441.18
          154.666641,-28.21843,9624.06
          154.738663,-28.247152,9837.42
          154.809647,-28.275642,10027.92
          154.882935,-28.305267,10241.28
          154.952621,-28.332994,10454.64
          155.02124,-28.360275,10652.76
          155.09198,-28.388214,10668
          155.164078,-28.416641,10668
          155.235184,-28.444839,10660.38
          155.305908,-28.472746,10668
          155.378723,-28.501236,10668
          155.450516,-28.529213,10660.38
          155.521606,-28.557005,10660.38
          155.592453,-28.584595,10668
          155.663544,-28.612152,10668
          155.734634,-28.639755,10668
          155.803848,-28.666775,10668
          155.875259,-28.694473,10668
          155.946777,-28.722172,10660.38
          156.01796,-28.749664,10668
          156.088638,-28.77701,10668
          156.161041,-28.805054,10668
          156.232407,-28.832291,10660.38
          156.304428,-28.859781,10759.44
          156.375839,-28.887293,10980.42
          156.446686,-28.914459,11155.68
          156.51741,-28.941513,11231.88
          156.588715,-28.968613,11277.6
          156.66095,-28.996038,11269.98
          156.729156,-29.02803,11269.98
          156.793549,-29.063095,11277.6
          156.857254,-29.097656,11277.6
          156.924057,-29.134048,11277.6
          156.987839,-29.168701,11277.6
          157.053253,-29.204178,11277.6
          157.075974,-29.216492,11277.6
          157.195023,-29.281124,11269.98
          157.259354,-29.315872,11269.98
          157.327759,-29.352814,11277.6
          157.408066,-29.396109,11269.98
          157.475128,-29.432053,11277.6
          157.542343,-29.468164,11277.6
          157.624512,-29.512211,11269.98
          157.695221,-29.550064,11269.98
          157.777939,-29.594282,11277.6
          157.840744,-29.627659,11277.6
          157.939835,-29.680317,11277.6
          158.023849,-29.724768,11277.6
          158.093735,-29.76178,11277.6
          158.158386,-29.796021,11277.6
          158.22467,-29.831093,11277.6
          158.289795,-29.865417,11269.98
          158.372681,-29.909077,11277.6
          158.465622,-29.957787,11277.6
          158.527237,-29.99008,11277.6
          158.589005,-30.022394,11277.6
          158.712448,-30.086876,11277.6
          158.774033,-30.118977,11277.6
          158.866653,-30.167126,11277.6
          158.959579,-30.215149,11277.6
          159.021515,-30.247208,11277.6
          159.114563,-30.295229,11277.6
          159.17688,-30.327351,11277.6
          159.207703,-30.343273,11277.6
          159.332016,-30.407173,11277.6
          159.394241,-30.439081,11277.6
          159.487961,-30.486996,11277.6
          159.581696,-30.534847,11277.6
          159.675491,-30.582611,11277.6
          159.769455,-30.630226,11277.6
          159.832275,-30.662025,11277.6
          159.95813,-30.725735,11277.6
          160.021271,-30.75762,11277.6
          160.116028,-30.805342,11277.6
          160.211029,-30.853043,11277.6
          160.306335,-30.9007,11277.6
          160.401566,-30.948229,11277.6
          160.464874,-30.979794,11277.6
          160.591614,-31.042879,11277.6
          160.65477,-31.074272,11277.6
          160.749771,-31.121349,11277.6
          160.844711,-31.168213,11277.6
          160.939896,-31.214926,11277.6
          161.003647,-31.246298,11277.6
          161.196091,-31.340754,11277.6
          161.260452,-31.372232,11277.6
          161.357529,-31.419353,11277.6
          161.454712,-31.466496,11277.6
          161.552063,-31.513767,11277.6
          161.617004,-31.545288,11277.6
          161.657379,-31.564816,11277.6
          161.94902,-31.70496,11277.6
          168.154663,-34.436142,11269.98
          169.329865,-34.90004,11269.98
          169.405487,-34.929245,11277.6
          169.514984,-34.971298,11277.6
          169.628067,-35.014893,11277.6
          169.705231,-35.044662,11269.98
          169.784836,-35.075249,11277.6
          169.883087,-35.112862,11269.98
          169.963196,-35.143261,11277.6
          170.002609,-35.158112,11277.6
          170.148788,-35.213425,11277.6
          170.235504,-35.246246,11277.6
          170.316925,-35.276962,11277.6
          170.429596,-35.31926,11277.6
          170.509506,-35.349209,11277.6
          170.58548,-35.37756,11277.6
          170.662323,-35.406048,11277.6
          170.735489,-35.433243,11277.6
          170.811829,-35.461533,11269.98
          170.891937,-35.491287,11277.6
          170.966614,-35.51889,11277.6
          171.044571,-35.547569,11277.6
          171.118729,-35.57457,11269.98
          171.196869,-35.600464,11277.6
          171.274048,-35.62545,11269.98
          171.351776,-35.650867,11277.6
          171.432098,-35.677368,11269.98
          171.50856,-35.702633,11277.6
          171.586426,-35.728363,11277.6
          171.66098,-35.752853,11277.6
          171.73616,-35.777435,11277.6
          171.813904,-35.802769,11277.6
          171.890198,-35.827652,11277.6
          171.966248,-35.852253,11269.98
          172.042679,-35.877018,11277.6
          172.12384,-35.903275,11277.6
          172.20433,-35.929157,11277.6
          172.280411,-35.953503,11269.98
          172.360962,-35.979218,11277.6
          172.437454,-36.003662,11277.6
          172.512756,-36.02766,11277.6
          172.589081,-36.051868,11269.98
          172.670074,-36.077518,11277.6
          172.751129,-36.103123,11277.6
          172.831757,-36.128494,11277.6
          172.907272,-36.152187,11277.6
          172.983917,-36.176193,11102.34
          173.063538,-36.201115,10660.38
          173.141098,-36.225586,10203.18
          173.219208,-36.249763,9806.94
          173.300674,-36.274666,9456.42
          173.375122,-36.297546,9136.38
          173.449631,-36.320572,8808.72
          173.522629,-36.343147,8481.06
          173.594559,-36.365353,8161.02
          173.665695,-36.387177,7840.98
          173.735626,-36.406082,7520.94
          173.805527,-36.423077,7216.14
          173.874542,-36.440022,6903.72
          173.945312,-36.457664,6576.06
          174.013245,-36.474335,6271.26
          174.078888,-36.490067,5966.46
          174.143036,-36.5056,5669.28
          174.207916,-36.521393,5372.1
          174.27005,-36.536339,5074.92
          174.331924,-36.55114,4785.36
          174.39325,-36.566025,4495.8
          174.454651,-36.580811,4221.48
          174.515488,-36.595505,3947.16
          174.570648,-36.608448,3649.98
          174.594498,-36.614079,3512.82
          174.616577,-36.619263,3390.9
          174.639587,-36.624573,3261.36
          174.662811,-36.630093,3177.54
          174.684845,-36.635376,3147.06
          174.705276,-36.640274,3108.96
          174.726166,-36.645264,2994.66
          174.746933,-36.650253,2910.84
          174.767242,-36.655094,2796.54
          174.78775,-36.659935,2720.34
          174.808609,-36.664867,2651.76
          174.827896,-36.6712,2583.18
          174.830994,-36.672821,2567.94
          174.83345,-36.674271,2560.32
          174.83609,-36.67598,2552.7
          174.838715,-36.677902,2537.46
          174.840942,-36.679733,2529.84
          174.843124,-36.681656,2514.6
          174.845245,-36.683769,2506.98
          174.847992,-36.686794,2491.74
          174.84993,-36.689026,2476.5
          174.851624,-36.691032,2468.88
          174.853485,-36.693264,2453.64
          174.855713,-36.695778,2446.02
          174.857697,-36.698105,2430.78
          174.859512,-36.700153,2423.16
          174.861374,-36.702251,2407.92
          174.863724,-36.70491,2392.68
          174.865707,-36.707092,2377.44
          174.867783,-36.709442,2362.2
          174.879898,-36.722919,2270.76
          174.892288,-36.736744,2179.32
          174.904053,-36.749863,2095.5
          174.915207,-36.762489,2004.06
          174.926941,-36.775909,1912.62
          174.938278,-36.788929,1828.8
          174.949799,-36.801872,1737.36
          174.960892,-36.814301,1668.78
          174.972702,-36.827614,1623.06
          174.983032,-36.839218,1592.58
          174.993271,-36.850662,1577.34
          175.002472,-36.862156,1539.24
          175.006012,-36.867828,1531.62
          175.007004,-36.869659,1524
          175.007828,-36.871262,1524
          175.008942,-36.87355,1516.38
          175.009766,-36.875237,1508.76
          175.010712,-36.877426,1501.14
          175.01149,-36.879242,1493.52
          175.012268,-36.881012,1493.52
          175.013077,-36.882889,1485.9
          175.01384,-36.884628,1478.28
          175.014648,-36.886456,1463.04
          175.01561,-36.888645,1455.42
          175.016571,-36.890739,1440.18
          175.017349,-36.892548,1424.94
          175.018112,-36.894287,1417.32
          175.020691,-36.900143,1379.22
          175.023666,-36.907173,1341.12
          175.026703,-36.9142,1295.4
          175.028915,-36.91951,1264.92
          175.030212,-36.923309,1242.06
          175.030502,-36.925049,1234.44
          175.030655,-36.92691,1219.2
          175.030594,-36.928726,1211.58
          175.03038,-36.930405,1203.96
          175.0298,-36.932602,1188.72
          175.029221,-36.934265,1181.1
          175.028214,-36.936455,1165.86
          175.027313,-36.937943,1150.62
          175.026001,-36.939854,1143
          175.024506,-36.941437,1127.76
          175.023193,-36.942783,1120.14
          175.021469,-36.944183,1112.52
          175.019333,-36.94574,1097.28
          175.017868,-36.946609,1089.66
          175.015305,-36.948044,1074.42
          175.013275,-36.949024,1059.18
          175.011276,-36.949814,1043.94
          175.008438,-36.95079,1028.7
          175.006241,-36.951492,1013.46
          175.003906,-36.952194,998.22
          175.001755,-36.952793,982.98
          174.999496,-36.953354,975.36
          174.996567,-36.954144,952.5
          174.99501,-36.954517,944.88
          174.992081,-36.955261,929.64
          174.990005,-36.955811,914.4
          174.987778,-36.95636,906.78
          174.985794,-36.956863,891.54
          174.98349,-36.957451,883.92
          174.981171,-36.958054,868.68
          174.978348,-36.958752,861.06
          174.975784,-36.959404,845.82
          174.973694,-36.959965,838.2
          174.964645,-36.962494,792.48
          174.958054,-36.96434,762
          174.94986,-36.96666,723.9
          174.944183,-36.968262,693.42
          174.93602,-36.970577,655.32
          174.930161,-36.972206,624.84
          174.922852,-36.974258,594.36
          174.915665,-36.976227,556.26
          174.909363,-36.977966,525.78
          174.907837,-36.978352,518.16
          174.906021,-36.978882,502.92
          174.903915,-36.979431,495.3
          174.90181,-36.980026,487.68
          174.90007,-36.980537,480.06
          174.892883,-36.982544,441.96
          174.887054,-36.984169,411.48
          174.879471,-36.986263,373.38
          174.873703,-36.987854,342.9
          174.866226,-36.989944,304.8
          174.860428,-36.991524,274.32
          174.853424,-36.993439,243.84
          174.84671,-36.995407,213.36
          174.839951,-36.997204,175.26
          174.832687,-36.999161,144.78
          174.827957,-37.000443,121.92
          174.820465,-37.002548,91.44
          174.815506,-37.003922,68.58
          174.808243,-37.005909,38.1
          174.806686,-37.006348,30.48
          174.801544,-37.007767,0
          174.7939,-37.009907,0
          174.789749,-37.011063,0
          174.787125,-37.011776,0
          174.786835,-37.011852,0
          174.786469,-37.011967,0
          174.786011,-37.012081,0
          174.785721,-37.01215,0
          174.785431,-37.012218,0
          174.785095,-37.012287,0
          174.784851,-37.012333,0
          174.784546,-37.01239,0
          174.784256,-37.012428,0
          174.783997,-37.012436,0
          174.783646,-37.012447,0
          174.783417,-37.012451,0
          174.783142,-37.012447,0
          174.782913,-37.012424,0
          174.782669,-37.012405,0
          174.78241,-37.012379,0
          174.782135,-37.012333,0
          174.78183,-37.012287,0
          174.781601,-37.012253,0
          174.781326,-37.012207,0
          174.781067,-37.012161,0
          174.78064,-37.012104,0
          174.780151,-37.012058,0
          174.779892,-37.012054,0
          174.779602,-37.012058,0
          174.779312,-37.012081,0
          174.779099,-37.0121,0
          174.778793,-37.012161,0
          174.77858,-37.012207,0
          174.778259,-37.012299,0
          174.77803,-37.012367,0
          174.77774,-37.012367,0
          174.777512,-37.012241,0
          174.777359,-37.01199,0
          174.777252,-37.01173,0
          174.777176,-37.01152,0
          174.777069,-37.011299,0
          174.776978,-37.011074,0
          174.776855,-37.010811,0
          174.776672,-37.010387,0
          174.776505,-37.009995,0
          174.776337,-37.009598,0
          174.776199,-37.009239,0
          174.776016,-37.008831,0
          174.775833,-37.008419,0
          174.775665,-37.007992,0
          174.775482,-37.007595,0
          174.775391,-37.007366,0
          174.775452,-37.007122,0
          174.775711,-37.006931,0
          174.775925,-37.006863,0
          174.776215,-37.006794,0
          174.77652,-37.006702,0
          174.776749,-37.006641,0
          174.777222,-37.006504,0
          174.77774,-37.006371,0
          174.778061,-37.006279,0
          174.778458,-37.006165,0
          174.778854,-37.00605,0
          174.779129,-37.00597,0
          174.779388,-37.00589,0
          174.779465,-37.005676,0
          174.779358,-37.005455,0
          174.779266,-37.005249,0
          174.779114,-37.005024,0
          174.778931,-37.004814,0
          174.779144,-37.00478,0
          174.778915,-37.004791,0
          174.779144,-37.004829,0
          174.7789,-37.004791,0
          174.779144,-37.004631,0
          174.7789,-37.004803,0
          174.779144,-37.004654,0
          174.778915,-37.004803,0
          174.779205,-37.004631,0
          174.778915,-37.004803,0
          174.778992,-37.005009,0
          174.778915,-37.004791,0
          174.779053,-37.005001,0
          174.778915,-37.004791,0
          174.779053,-37.005009,0
          174.778931,-37.004803,0
          174.779053,-37.005375,0
          174.778946,-37.004803,0
          174.779099,-37.005455,0
          174.778931,-37.004803,0
          174.779083,-37.005489,0
          174.778931,-37.004803,0
          174.779114,-37.005505,0
          174.778931,-37.004803,0
          174.779114,-37.005512,0
          174.779068,-37.004944,0
          174.77919,-37.004711,0
          174.779037,-37.004986,0
          174.779007,-37.004768,0
        </coordinates>
      </LineString>
    </Placemark>
<Placemark>
      <name>NZ952-2025-12-11</name>
      <TimeStamp>
        <when>2025-12-11</when>
      </TimeStamp>
      <LineString>
        <altitudeMode>absolute</altitudeMode>
        <coordinates>
          174.776932,-37.00526,0
          174.777023,-37.005478,0
          174.777115,-37.005684,0
          174.777206,-37.00589,0
          174.777313,-37.006096,0
          174.777283,-37.006306,0
          174.777161,-37.006508,0
          174.776947,-37.006622,0
          174.777161,-37.006542,0
          174.77739,-37.00647,0
          174.777664,-37.006393,0
          174.777908,-37.006325,0
          174.778275,-37.006226,0
          174.778641,-37.006119,0
          174.779053,-37.006016,0
          174.779449,-37.005924,0
          174.779709,-37.005932,0
          174.779938,-37.005993,0
          174.780167,-37.006119,0
          174.780365,-37.006382,0
          174.780426,-37.006645,0
          174.780396,-37.006851,0
          174.780289,-37.007057,0
          174.780151,-37.007286,0
          174.780075,-37.007561,0
          174.78009,-37.007801,0
          174.780151,-37.008018,0
          174.780243,-37.008224,0
          174.780319,-37.008453,0
          174.780441,-37.008682,0
          174.78067,-37.008888,0
          174.780914,-37.009014,0
          174.781128,-37.009098,0
          174.781372,-37.009205,0
          174.781631,-37.009319,0
          174.781937,-37.00946,0
          174.782166,-37.009598,0
          174.78241,-37.009781,0
          174.782608,-37.009987,0
          174.782745,-37.010227,0
          174.782913,-37.010437,0
          174.783127,-37.010578,0
          174.783401,-37.010704,0
          174.783615,-37.010738,0
          174.78389,-37.010731,0
          174.784134,-37.010685,0
          174.784348,-37.010624,0
          174.784607,-37.010559,0
          174.784882,-37.010483,0
          174.785095,-37.010426,0
          174.785355,-37.010345,0
          174.785629,-37.010273,0
          174.786301,-37.01009,0
          174.786987,-37.009903,0
          174.787811,-37.009678,0
          174.788437,-37.009495,0
          174.789215,-37.009285,0
          174.790009,-37.00906,0
          174.790863,-37.008831,0
          174.791611,-37.008621,0
          174.792404,-37.008408,0
          174.792664,-37.008331,0
          174.792969,-37.008247,0
          174.793213,-37.008179,0
          174.793442,-37.008121,0
          174.793762,-37.00803,0
          174.793976,-37.007973,0
          174.794189,-37.007904,0
          174.794876,-37.007725,0
          174.7957,-37.007492,0
          174.796448,-37.007282,0
          174.797195,-37.00708,0
          174.798172,-37.006805,0
          174.798996,-37.006573,0
          174.799866,-37.006336,0
          174.800781,-37.006084,0
          174.80162,-37.005852,0
          174.802338,-37.005661,0
          174.802948,-37.005489,0
          174.803436,-37.005352,0
          174.803787,-37.005268,0
          174.804016,-37.005329,0
          174.80426,-37.005478,0
          174.804504,-37.00565,0
          174.804718,-37.005798,0
          174.804947,-37.005947,0
          174.805222,-37.006165,0
          174.80542,-37.006374,0
          174.805496,-37.006588,0
          174.805283,-37.006805,0
          174.805038,-37.006851,0
          174.804825,-37.006901,0
          174.804596,-37.006966,0
          174.804382,-37.007023,0
          174.804138,-37.007084,0
          174.803818,-37.007172,0
          174.802002,-37.007679,0
          174.798553,-37.008636,0
          174.798141,-37.008728,0
          174.797623,-37.008865,0
          174.796295,-37.009262,22.86
          174.794754,-37.009682,22.86
          174.79361,-37.010006,22.86
          174.79213,-37.010426,22.86
          174.790512,-37.010845,22.86
          174.788834,-37.011311,22.86
          174.787048,-37.011795,22.86
          174.785309,-37.012287,22.86
          174.783722,-37.012756,22.86
          174.781372,-37.013397,22.86
          174.779739,-37.013855,22.86
          174.777969,-37.014336,22.86
          174.773788,-37.015453,53.34
          174.771942,-37.01601,68.58
          174.76358,-37.018291,152.4
          174.757065,-37.020081,213.36
          174.748703,-37.022324,320.04
          174.742569,-37.023972,403.86
          174.734634,-37.026077,487.68
          174.728256,-37.027817,525.78
          174.72142,-37.029694,548.64
          174.712189,-37.032257,556.26
          174.701904,-37.035141,609.6
          174.693085,-37.037613,670.56
          174.682617,-37.040546,754.38
          174.674316,-37.042923,822.96
          174.663391,-37.04599,914.4
          174.654449,-37.048508,998.22
          174.642731,-37.05167,1127.76
          174.631088,-37.054836,1242.06
          174.622314,-37.057251,1333.5
          174.610428,-37.060471,1455.42
          174.598648,-37.063248,1562.1
          174.595032,-37.063774,1592.58
          174.592209,-37.06398,1615.44
          174.589233,-37.064117,1638.3
          174.586075,-37.064053,1661.16
          174.582336,-37.063843,1699.26
          174.578903,-37.063354,1729.74
          174.575623,-37.062752,1760.22
          174.572525,-37.061966,1783.08
          174.569595,-37.061096,1813.56
          174.567032,-37.060181,1836.42
          174.56369,-37.058807,1866.9
          174.561417,-37.057674,1889.76
          174.558304,-37.055954,1927.86
          174.555283,-37.053909,1965.96
          174.55246,-37.05167,2004.06
          174.550064,-37.049576,2042.16
          174.547729,-37.047153,2080.26
          174.545807,-37.044937,2110.74
          174.544113,-37.04274,2141.22
          174.542664,-37.040592,2164.08
          174.541321,-37.038345,2186.94
          174.539917,-37.035416,2217.42
          174.539017,-37.033283,2240.28
          174.53801,-37.030258,2263.14
          174.537399,-37.027649,2293.62
          174.536926,-37.024158,2324.1
          174.536743,-37.022064,2346.96
          174.53688,-37.018158,2385.06
          174.537216,-37.015182,2415.54
          174.537766,-37.0121,2446.02
          174.538513,-37.009277,2476.5
          174.539322,-37.006748,2491.74
          174.54039,-37.004143,2514.6
          174.541962,-37.000946,2545.08
          174.543381,-36.998554,2567.94
          174.544983,-36.996086,2590.8
          174.547379,-36.993015,2621.28
          174.549408,-36.990688,2644.14
          174.551498,-36.988453,2667
          174.554306,-36.985565,2705.1
          174.557144,-36.982864,2735.58
          174.559326,-36.98082,2766.06
          174.562363,-36.978073,2796.54
          174.564575,-36.976044,2819.4
          174.567383,-36.97348,2849.88
          174.569717,-36.971375,2872.74
          174.572174,-36.968948,2903.22
          174.574432,-36.966572,2926.08
          174.576324,-36.964371,2948.94
          174.57872,-36.961258,2979.42
          174.580124,-36.959335,3002.28
          174.582123,-36.956192,3025.14
          174.583862,-36.953293,3055.62
          174.585205,-36.950684,3078.48
          174.586838,-36.947296,3108.96
          174.587921,-36.944786,3131.82
          174.588882,-36.942215,3154.68
          174.590103,-36.93869,3169.92
          174.59111,-36.93512,3185.16
          174.591919,-36.931892,3200.4
          174.59256,-36.92894,3208.02
          174.593094,-36.926376,3223.26
          174.593704,-36.923092,3230.88
          174.594498,-36.91951,3246.12
          174.595139,-36.916157,3253.74
          174.595779,-36.913376,3261.36
          174.596512,-36.910011,3276.6
          174.597412,-36.905869,3284.22
          174.597946,-36.903496,3291.84
          174.602661,-36.882545,3360.42
          174.607819,-36.860733,3429
          174.613373,-36.837021,3505.2
          174.618866,-36.814068,3566.16
          174.624252,-36.791473,3634.74
          174.629959,-36.767654,3733.8
          174.643707,-36.710266,4053.84
          174.657318,-36.6516,4373.88
          174.671173,-36.592804,4686.3
          174.685074,-36.533112,5097.78
          174.698578,-36.475662,5478.78
          174.712433,-36.416107,5852.16
          174.725769,-36.358978,6111.24
          174.738693,-36.302353,6370.32
          174.751755,-36.24506,6606.54
          174.765533,-36.184525,6835.14
          174.779266,-36.126446,7056.12
          174.79306,-36.067184,7261.86
          174.807251,-36.006134,7421.88
          174.822403,-35.939583,7520.94
          174.838348,-35.869942,7604.76
          174.853485,-35.803253,7741.92
          174.868469,-35.738342,7901.94
          174.884644,-35.668324,8061.96
          174.900589,-35.598774,8244.84
          174.915848,-35.531975,8450.58
          174.931335,-35.462704,8625.84
          174.947495,-35.390717,8801.1
          174.963058,-35.321556,8976.36
          174.978836,-35.252522,9144
          174.994492,-35.183258,9296.4
          175.009583,-35.116261,9464.04
          175.024933,-35.04744,9723.12
          175.040405,-34.978363,9974.58
          175.055313,-34.911209,10195.56
          175.070679,-34.844025,10416.54
          175.086029,-34.775547,10591.8
          175.101013,-34.707535,10751.82
          175.115891,-34.640404,10904.22
          175.131088,-34.571594,11033.76
          175.14595,-34.504761,11178.54
          175.160858,-34.438065,11308.08
          175.174942,-34.374729,11376.66
          175.190567,-34.303226,11452.86
          175.205261,-34.236099,11544.3
          175.219803,-34.169994,11582.4
          175.234451,-34.103054,11574.78
          175.250092,-34.032166,11574.78
          175.265015,-33.963909,11574.78
          175.279312,-33.899014,11582.4
          175.295273,-33.825787,11582.4
          175.309631,-33.759869,11582.4
          175.326263,-33.682159,11582.4
          175.339569,-33.612812,11582.4
          175.351929,-33.54694,11574.78
          175.364807,-33.478775,11582.4
          175.398407,-33.301285,11582.4
          175.411621,-33.2314,11582.4
          175.429581,-33.135742,11574.78
          175.442764,-33.065735,11582.4
          175.455994,-32.995193,11574.78
          175.468033,-32.931107,11574.78
          175.482315,-32.855301,11574.78
          175.493408,-32.795929,11582.4
          175.537247,-32.560684,11582.4
          175.547409,-32.506165,11574.78
          175.588547,-32.283649,11582.4
          175.999603,-29.994564,11581.1808
          176.232986,-27.810516,11574.78
          176.519394,-24.992867,11581.1808
          176.6772,-23.734566,11582.4
          176.962616,-21.392784,11581.1808
          177.163376,-19.252981,6957.06
          177.168228,-19.197863,6728.46
          177.173325,-19.143448,6507.48
          177.176559,-19.108763,6355.08
          177.194031,-18.920334,5570.22
          177.199234,-18.863991,5311.14
          177.203583,-18.815344,5082.54
          177.207169,-18.777079,4899.66
          177.215714,-18.684626,4457.7
          177.21991,-18.637653,4221.48
          177.223999,-18.594406,4008.12
          177.228058,-18.550644,3825.24
          177.23204,-18.505829,3596.64
          177.233795,-18.486603,3489.96
          177.235443,-18.468018,3398.52
          177.237137,-18.450375,3299.46
          177.239395,-18.426682,3192.78
          177.241013,-18.408966,3162.3
          177.24263,-18.391022,3131.82
          177.24408,-18.375519,3101.34
          177.245728,-18.357363,3017.52
          177.24733,-18.338333,2926.08
          177.248825,-18.321657,2842.26
          177.250427,-18.304386,2758.44
          177.252136,-18.287292,2667
          177.253754,-18.270126,2583.18
          177.255386,-18.252502,2499.36
          177.256912,-18.234837,2407.92
          177.258957,-18.211807,2293.62
          177.260483,-18.195145,2209.8
          177.262054,-18.177671,2125.98
          177.263474,-18.16189,2042.16
          177.265076,-18.144562,1950.72
          177.266663,-18.128036,1874.52
          177.268372,-18.110031,1783.08
          177.26976,-18.094391,1699.26
          177.271194,-18.078003,1615.44
          177.272736,-18.061523,1531.62
          177.274094,-18.046783,1455.42
          177.275101,-18.036118,1402.08
          177.275726,-18.029068,1363.98
          177.276611,-18.019579,1310.64
          177.277313,-18.011902,1272.54
          177.278046,-18.003799,1226.82
          177.278763,-17.995514,1188.72
          177.279602,-17.98597,1150.62
          177.280289,-17.978241,1143
          177.280975,-17.970699,1127.76
          177.282379,-17.961182,1104.9
          177.282898,-17.959248,1097.28
          177.284164,-17.955734,1089.66
          177.285294,-17.953243,1089.66
          177.286224,-17.951567,1082.04
          177.288116,-17.94841,1074.42
          177.289169,-17.946808,1074.42
          177.294525,-17.939556,1059.18
          177.295776,-17.938019,1051.56
          177.297028,-17.936438,1051.56
          177.309937,-17.920715,1013.46
          177.315292,-17.914032,998.22
          177.321167,-17.906799,975.36
          177.326904,-17.899704,960.12
          177.33403,-17.890823,937.26
          177.399765,-17.809258,335.28
          177.416199,-17.788774,190.5
          177.422119,-17.781509,137.16
          177.426651,-17.775879,99.06
          177.429779,-17.772034,76.2
          177.433472,-17.767406,68.58
          177.436661,-17.763449,68.58
          177.439316,-17.760132,68.58
          177.440079,-17.759224,0
          177.440338,-17.758875,0
          177.44072,-17.758421,0
          177.441299,-17.7577,0
          177.441864,-17.757002,0
          177.442047,-17.75679,0
          177.442276,-17.756477,0
          177.442474,-17.756245,0
          177.442749,-17.755909,0
          177.443192,-17.755348,0
          177.443359,-17.755142,0
          177.444397,-17.753847,0
          177.44516,-17.752905,0
          177.445709,-17.752195,0
          177.446106,-17.751719,0
          177.446396,-17.751347,0
          177.446625,-17.75116,0
          177.446869,-17.751137,0
          177.447098,-17.751205,0
          177.447357,-17.751276,0
          177.447571,-17.75132,0
          177.447784,-17.751377,0
          177.448151,-17.751463,0
          177.448563,-17.751554,0
          177.448822,-17.751614,0
          177.449081,-17.751684,0
          177.449326,-17.751753,0
          177.449646,-17.751812,0
          177.44989,-17.751881,0
          177.450104,-17.751928,0
          177.450317,-17.751984,0
        </coordinates>
      </LineString>
    </Placemark>
<Placemark>
      <name>FJ810-2025-12-14</name>
      <TimeStamp>
        <when>2025-12-14</when>
      </TimeStamp>
      <LineString>
        <altitudeMode>absolute</altitudeMode>
        <coordinates>
          177.450485,-17.751984,0
          177.450272,-17.75194,0
          177.450058,-17.751846,0
          177.449844,-17.751707,0
          177.449631,-17.751696,0
          177.449554,-17.751486,0
          177.4496,-17.751263,0
          177.449677,-17.751022,0
          177.449722,-17.750765,0
          177.44957,-17.750544,0
          177.449326,-17.75045,0
          177.449112,-17.750404,0
          177.448898,-17.750368,0
          177.448654,-17.750301,0
          177.448395,-17.750244,0
          177.448166,-17.750181,0
          177.447937,-17.750135,0
          177.447601,-17.750053,0
          177.447342,-17.750031,0
          177.447189,-17.750244,0
          177.447098,-17.75045,0
          177.446869,-17.750729,0
          177.446121,-17.751648,0
          177.444504,-17.753651,0
          177.442734,-17.755861,45.72
          177.439941,-17.759308,38.1
          177.435944,-17.764297,22.86
          177.431992,-17.769129,83.82
          177.423264,-17.779463,274.32
          177.420517,-17.782536,327.66
          177.4189,-17.783979,350.52
          177.417816,-17.784817,365.76
          177.415665,-17.786119,388.62
          177.414215,-17.786865,403.86
          177.411758,-17.787964,411.48
          177.408142,-17.789337,426.72
          177.406799,-17.789795,434.34
          177.403427,-17.790894,449.58
          177.401154,-17.79158,457.2
          177.398743,-17.792313,464.82
          177.39653,-17.792999,472.44
          177.394531,-17.79357,480.06
          177.391785,-17.794313,495.3
          177.38945,-17.794968,502.92
          177.386749,-17.7957,510.54
          177.384766,-17.796223,518.16
          177.381683,-17.797073,533.4
          177.381256,-17.797211,533.4
          177.373154,-17.799362,563.88
          177.36554,-17.801468,617.22
          177.353714,-17.804276,731.52
          177.351089,-17.804626,769.62
          177.348053,-17.804855,800.1
          177.345428,-17.80488,830.58
          177.342712,-17.804718,861.06
          177.340378,-17.804462,891.54
          177.337723,-17.803904,922.02
          177.335129,-17.803205,952.5
          177.330856,-17.801529,1013.46
          177.31134,-17.779541,1181.1
          177.310181,-17.7724,1234.44
          177.311096,-17.762924,1333.5
          177.312622,-17.758375,1394.46
          177.313995,-17.755442,1432.56
          177.315994,-17.751997,1478.28
          177.318085,-17.749054,1508.76
          177.320206,-17.746353,1546.86
          177.321838,-17.74441,1569.72
          177.324295,-17.741524,1600.2
          177.325516,-17.740128,1615.44
          177.329102,-17.735983,1661.16
          177.334808,-17.729279,1729.74
          177.336533,-17.727219,1752.6
          177.351578,-17.708908,1927.86
          177.365295,-17.691759,2095.5
          177.378357,-17.674301,2286
          177.38884,-17.658754,2567.94
          177.423416,-17.606289,2918.46
          177.432953,-17.591354,3025.14
          177.443329,-17.574959,3139.44
          177.452576,-17.559998,3185.16
          177.463196,-17.542606,3246.12
          177.474609,-17.523846,3299.46
          177.486343,-17.504471,3352.8
          177.497574,-17.485998,3398.52
          177.510956,-17.46398,3520.44
          177.524292,-17.445452,3665.22
          177.526611,-17.442984,3688.08
          177.529327,-17.440292,3703.32
          177.531494,-17.438278,3726.18
          177.535599,-17.434799,3749.04
          177.538177,-17.432743,3771.9
          177.541565,-17.430084,3794.76
          177.544067,-17.428207,3810
          177.54715,-17.4259,3832.86
          177.550964,-17.423035,3855.72
          177.55751,-17.418137,3909.06
          177.560944,-17.415565,3931.92
          177.563446,-17.413651,3947.16
          177.566864,-17.410995,3970.02
          177.611206,-17.375763,4213.86
          177.658463,-17.337845,4511.04
          177.70372,-17.301819,4770.12
          177.750397,-17.264688,4975.86
          177.798111,-17.22789,5189.22
          177.815781,-17.217253,5242.56
          177.81955,-17.215256,5257.8
          177.822739,-17.213528,5273.04
          177.826614,-17.211479,5288.28
          177.830917,-17.209259,5311.14
          177.887009,-17.179001,5516.88
          177.945313,-17.147827,5722.62
          178.00441,-17.118376,5913.12
          178.060379,-17.089979,6088.38
          178.118683,-17.054413,6271.26
          178.167145,-17.027878,6484.62
          178.286774,-16.969408,6865.62
          178.34285,-16.941742,7040.88
          178.377106,-16.922745,7124.7
          178.488892,-16.854767,7246.62
          178.545883,-16.814156,7315.2
          178.579041,-16.783525,7345.68
          178.599106,-16.760971,7391.4
          178.602417,-16.756897,7406.64
          178.608643,-16.748978,7421.88
          178.651718,-16.69219,7559.04
          178.696289,-16.634537,7703.82
          178.745148,-16.580696,7833.36
          178.79892,-16.532959,7917.18
          178.857956,-16.48558,8031.48
          178.902084,-16.444427,8161.02
          178.905029,-16.44104,8183.88
          178.909073,-16.436188,8221.98
          178.911758,-16.432894,8244.84
          178.915253,-16.428377,8282.94
          178.918335,-16.424286,8313.42
          178.921188,-16.420464,8336.28
          178.923828,-16.416973,8351.52
          178.926376,-16.41362,8366.76
          178.931244,-16.407476,8389.62
          178.934616,-16.403425,8404.86
          178.937668,-16.399935,8412.48
          178.940826,-16.396408,8412.48
          178.945648,-16.391369,8427.72
          178.948898,-16.388109,8435.34
          178.952057,-16.385056,8442.96
          178.955338,-16.382034,8442.96
          178.960022,-16.377823,8450.58
          178.965256,-16.373428,8458.2
          178.968903,-16.370514,8458.2
          178.972534,-16.367661,8458.2
          178.97644,-16.364731,8465.82
          178.982559,-16.360428,8473.44
          178.986267,-16.357897,8473.44
          178.991913,-16.354219,8481.06
          178.995712,-16.351776,8488.68
          178.99971,-16.349304,8488.68
          179.007263,-16.344677,8496.3
          179.011917,-16.341791,8496.3
          179.074997,-16.303291,8549.64
          179.133987,-16.260324,8587.74
          179.196747,-16.207855,8648.7
          179.287231,-16.134018,8747.76
          179.312103,-16.113647,8778.24
          179.65773,-15.829422,9174.48
          179.746399,-15.756271,9281.16
          179.806396,-15.706787,9349.74
          179.863953,-15.659242,9433.56
          179.938156,-15.597839,9570.72
          179.999802,-15.546844,9685.02
          -178.483078,-14.281723,10668
          -178.405365,-14.216309,10668
          -178.299728,-14.127254,10668
          -178.241379,-14.077972,10668
          -178.183746,-14.029404,10660.38
          -178.123077,-13.978194,10668
          -178.06636,-13.930152,10668
          -178.006836,-13.879807,10668
          -177.949295,-13.831146,10668
          -177.892715,-13.783173,10668
          -177.834229,-13.733551,10668
          -177.775558,-13.683746,10668
          -177.716873,-13.633986,10668
          -177.655716,-13.582034,10668
          -177.596558,-13.531586,10668
          -177.538055,-13.481994,10668
          -177.48143,-13.433765,10668
          -177.419922,-13.381348,10668
          -177.361786,-13.33177,10668
          -177.300827,-13.279771,10668
          -177.240265,-13.228051,10668
          -177.182388,-13.178566,10668
          -177.122925,-13.127731,10668
          -177.063278,-13.07671,10668
          -177.007858,-13.029273,10668
          -176.950775,-12.980301,10668
          -176.895416,-12.932785,10668
          -176.838303,-12.883798,10668
          -176.779663,-12.833288,10668
          -176.72139,-12.783234,10668
          -176.662766,-12.732781,10668
          -176.607498,-12.685181,10668
          -176.549164,-12.634964,10668
          -176.492188,-12.5858,10668
          -176.436401,-12.537689,10668
          -176.377121,-12.486474,10668
          -176.320404,-12.437501,10668
          -176.264893,-12.389505,10668
          -176.205734,-12.338333,10668
          -176.145935,-12.286514,10668
          -176.088303,-12.236664,10668
          -176.032471,-12.188278,10668
          -175.975388,-12.138775,10668
          -175.919434,-12.090225,10668
          -175.863892,-12.042023,10668
          -175.806839,-11.992461,10668
          -175.749832,-11.942883,10668
          -175.692596,-11.893158,10668
          -175.634064,-11.842209,10668
          -175.580994,-11.795964,10668
          -175.520905,-11.743593,10668
          -175.070084,-11.349808,10668
          -173.44339,-9.914303,10669.2192
          -172.620789,-9.180622,10765.536
          -172.341156,-8.93034,11192.256
          -170.290741,-7.078491,11277.6
          -168.625366,-5.556335,11278.8192
          -167.15509,-4.201412,11278.8192
          -165.556427,-2.719116,11277.6
          -163.592957,-0.891094,11278.8192
          -160.797363,1.714053,11277.6
          -159.1763,3.220688,11277.6
          -157.44455,4.82214,11278.8192
          -155.953812,6.193822,11277.6
          -153.820618,8.136406,11278.8192
          -151.182526,10.494175,11278.8192
          -149.40361,12.052328,11277.6
          -147.784012,13.444702,11887.2
          -146.069061,14.890079,11888.4192
          -145.995422,14.951534,11887.2
          -143.919525,16.657333,11887.2
          -141.285522,18.749193,11887.2
          -139.644775,20.00857,11887.2
          -138.001419,21.235199,11887.2
          -136.364029,22.421839,11887.2
          -134.476257,23.744717,11888.4192
          -132.299774,25.20916,11887.2
          -131.184662,25.934944,11890.8576
          -128.883026,27.378445,11888.4192
          -126.46534,28.81525,11887.2
          -123.930756,30.234718,11888.4192
          -122.006744,31.316761,11887.2
          -121.935966,31.358185,11887.2
          -121.865898,31.399019,11887.2
          -121.793571,31.441086,11887.2
          -121.724205,31.481506,11887.2
          -121.633102,31.5343,11887.2
          -121.563065,31.574846,11887.2
          -121.488914,31.617645,11887.2
          -121.417183,31.659027,11887.2
          -121.343239,31.701553,11887.2
          -121.268845,31.744249,11887.2
          -121.19458,31.786835,11887.2
          -121.122841,31.827942,11887.2
          -121.053642,31.867428,11887.2
          -120.9804,31.909149,11887.2
          -120.909706,31.949387,11887.2
          -120.838295,31.989944,11887.2
          -120.767265,32.030182,11887.2
          -120.697426,32.069698,11887.2
          -120.626091,32.10997,11887.2
          -120.548691,32.153641,11887.2
          -120.477005,32.19397,11887.2
          -120.405045,32.234344,11887.2
          -120.333199,32.274582,11887.2
          -120.256462,32.317493,11864.34
          -120.185837,32.357018,11711.94
          -120.113083,32.397537,11452.86
          -120.038986,32.438599,11132.82
          -119.969498,32.477097,10835.64
          -119.896881,32.517529,10530.84
          -119.825241,32.556976,10233.66
          -119.758659,32.593781,9951.72
          -119.689835,32.631683,9662.16
          -119.625534,32.667057,9380.22
          -119.559723,32.703178,9098.28
          -119.493073,32.739716,8763
          -119.428841,32.774872,8450.58
          -119.368195,32.807968,8153.4
          -119.30558,32.842091,7848.6
          -119.241737,32.876774,7536.18
          -119.180679,32.909958,7239
          -119.122292,32.941528,6979.92
          -119.061249,32.974625,6705.6
          -119.003799,33.005768,6446.52
          -118.943817,33.038124,6172.2
          -118.887619,33.068527,5913.12
          -118.832275,33.09827,5654.04
          -118.773796,33.129684,5379.72
          -118.717216,33.159943,5059.68
          -118.664955,33.188858,4838.7
          -118.616135,33.224148,4762.5
          -118.570053,33.256805,4701.54
          -118.521065,33.291508,4640.58
          -118.473198,33.325352,4587.24
          -118.458908,33.333637,4564.38
          -118.45549,33.335175,4564.38
          -118.452225,33.336456,4556.76
          -118.447754,33.337921,4556.76
          -118.444206,33.338928,4549.14
          -118.439865,33.339935,4549.14
          -118.435638,33.340668,4541.52
          -118.431793,33.341171,4541.52
          -118.427452,33.341537,4533.9
          -118.423882,33.341675,4533.9
          -118.419052,33.341644,4526.28
          -118.415184,33.341503,4526.28
          -118.411034,33.34127,4518.66
          -118.407448,33.340992,4518.66
          -118.40358,33.340668,4511.04
          -118.398819,33.340248,4511.04
          -118.394501,33.339874,4503.42
          -118.390747,33.33955,4503.42
          -118.386261,33.33913,4495.8
          -118.382393,33.338802,4495.8
          -118.377464,33.338425,4488.18
          -118.373619,33.33815,4488.18
          -118.369614,33.33783,4480.56
          -118.307564,33.334335,4419.6
          -118.246895,33.331238,4366.26
          -118.186043,33.327911,4305.3
          -118.128418,33.324745,4251.96
          -118.11631,33.325119,4236.72
          -118.112694,33.325516,4236.72
          -118.107903,33.326237,4221.48
          -118.104233,33.327026,4213.86
          -118.099998,33.328098,4206.24
          -118.096054,33.329315,4191
          -118.092545,33.330612,4175.76
          -118.089294,33.33197,4168.14
          -118.085892,33.333618,4145.28
          -118.082458,33.335499,4130.04
          -118.079132,33.337509,4114.8
          -118.07618,33.339504,4099.56
          -118.072594,33.342251,4076.7
          -118.07074,33.343739,4061.46
          -118.067543,33.346439,4038.6
          -118.064796,33.348812,4023.36
          -118.061775,33.351467,4008.12
          -118.059082,33.353886,3985.26
          -118.056618,33.356075,3970.02
          -118.053703,33.358635,3954.78
          -118.050789,33.361195,3939.54
          -118.048149,33.363476,3916.68
          -118.045403,33.365845,3901.44
          -118.042381,33.368454,3878.58
          -118.039688,33.370651,3863.34
          -118.010033,33.396435,3672.84
          -118.007568,33.39946,3657.6
          -118.005219,33.402767,3634.74
          -118.003548,33.405579,3619.5
          -118.002022,33.408447,3604.26
          -118.000397,33.412079,3581.4
          -117.99926,33.415329,3566.16
          -117.998489,33.418129,3550.92
          -117.997726,33.421829,3528.06
          -117.997314,33.424973,3512.82
          -117.997147,33.428696,3497.58
          -117.997116,33.431992,3482.34
          -117.997253,33.435215,3467.1
          -117.997482,33.438099,3451.86
          -117.99778,33.441376,3429
          -117.998207,33.445271,3413.76
          -117.998489,33.448288,3398.52
          -117.998878,33.451645,3383.28
          -117.999153,33.454285,3368.04
          -117.999428,33.457443,3352.8
          -117.999756,33.460693,3337.56
          -118,33.463844,3314.7
          -118.000282,33.467846,3299.46
          -118.000526,33.471085,3276.6
          -118.000671,33.473618,3268.98
          -118.001678,33.493973,3185.16
          -118.002304,33.512676,3131.82
          -118.003029,33.534325,3032.76
          -118.003761,33.552292,2926.08
          -118.004494,33.57003,2842.26
          -118.005272,33.587952,2750.82
          -118.006096,33.605453,2644.14
          -118.006897,33.622818,2522.22
          -118.008072,33.643661,2415.54
          -118.010262,33.654739,2385.06
          -118.011017,33.657223,2377.44
          -118.011887,33.659866,2369.82
          -118.013062,33.663025,2362.2
          -118.014015,33.665543,2354.58
          -118.015076,33.668255,2346.96
          -118.016037,33.670761,2339.34
          -118.016968,33.673283,2331.72
          -118.018051,33.676216,2324.1
          -118.019058,33.678818,2324.1
          -118.020004,33.681335,2316.48
          -118.020798,33.683525,2308.86
          -118.026413,33.69949,2278.38
          -118.031395,33.714432,2240.28
          -118.036819,33.73082,2202.18
          -118.042313,33.747162,2164.08
          -118.047066,33.761265,2133.6
          -118.051796,33.775085,2103.12
          -118.057709,33.790127,2087.88
          -118.063568,33.801865,2087.88
          -118.069321,33.813358,2057.4
          -118.075844,33.826035,1973.58
          -118.082718,33.839054,1844.04
          -118.088608,33.849716,1714.5
          -118.090729,33.852695,1676.4
          -118.092384,33.854603,1653.54
          -118.093758,33.856045,1638.3
          -118.09536,33.857582,1615.44
          -118.096786,33.858841,1592.58
          -118.098907,33.860607,1569.72
          -118.100502,33.861923,1554.48
          -118.102242,33.863297,1539.24
          -118.104111,33.864704,1516.38
          -118.105774,33.865963,1501.14
          -118.107452,33.867233,1485.9
          -118.109589,33.86879,1463.04
          -118.111038,33.869827,1455.42
          -118.112724,33.871078,1440.18
          -118.114632,33.872498,1417.32
          -118.116592,33.87392,1402.08
          -118.118271,33.875153,1386.84
          -118.120064,33.87648,1371.6
          -118.125,33.880051,1325.88
          -118.131783,33.885086,1257.3
          -118.138786,33.890259,1188.72
          -118.145012,33.894974,1135.38
          -118.150223,33.898865,1097.28
          -118.156723,33.903717,1059.18
          -118.163338,33.908615,1021.08
          -118.168106,33.91214,998.22
          -118.17466,33.916946,952.5
          -118.179642,33.920334,914.4
          -118.181702,33.921543,899.16
          -118.183578,33.922531,883.92
          -118.185364,33.923313,876.3
          -118.187271,33.924133,868.68
          -118.189255,33.924896,853.44
          -118.191704,33.925781,838.2
          -118.193665,33.926468,830.58
          -118.195663,33.927132,822.96
          -118.197388,33.927689,807.72
          -118.199387,33.928295,800.1
          -118.201904,33.929123,792.48
          -118.203796,33.929737,784.86
          -118.205681,33.930344,777.24
          -118.207741,33.930996,762
          -118.209694,33.931595,754.38
          -118.211685,33.932251,746.76
          -118.213638,33.932858,739.14
          -118.215927,33.933601,739.14
          -118.221916,33.935577,716.28
          -118.230286,33.938305,693.42
          -118.238586,33.941051,670.56
          -118.244507,33.943039,647.7
          -118.252686,33.945557,617.22
          -118.254662,33.946079,609.6
          -118.256836,33.946545,601.98
          -118.258911,33.946884,601.98
          -118.260956,33.947197,594.36
          -118.262886,33.947388,586.74
          -118.264793,33.947571,579.12
          -118.266907,33.947662,563.88
          -118.268967,33.947754,556.26
          -118.271317,33.947754,548.64
          -118.273254,33.947754,533.4
          -118.275085,33.947708,525.78
          -118.277435,33.947567,518.16
          -118.279144,33.947479,510.54
          -118.280983,33.94738,502.92
          -118.283348,33.947205,495.3
          -118.285202,33.947067,487.68
          -118.286705,33.946915,480.06
          -118.288727,33.946747,464.82
          -118.29071,33.946545,457.2
          -118.292427,33.946381,449.58
          -118.294258,33.946217,434.34
          -118.29641,33.946014,426.72
          -118.298088,33.945877,419.1
          -118.299881,33.945694,411.48
          -118.306778,33.945053,373.38
          -118.311935,33.944542,350.52
          -118.318497,33.943909,320.04
          -118.324814,33.943283,297.18
          -118.32962,33.942772,266.7
          -118.336258,33.94212,228.6
          -118.342499,33.941471,198.12
          -118.348907,33.940819,167.64
          -118.355255,33.940166,137.16
          -118.361435,33.93956,106.68
          -118.367729,33.938908,76.2
          -118.373909,33.938305,45.72
          -118.378639,33.93782,30.48
          -118.385254,33.937134,0
          -118.389847,33.93663,0
          -118.394852,33.936115,0
          -118.396629,33.935944,0
          -118.398285,33.935791,0
          -118.398987,33.935719,0
          -118.399193,33.935703,0
          -118.399826,33.935635,0
          -118.400246,33.935593,0
          -118.400642,33.935555,0
          -118.401001,33.935524,0
          -118.401352,33.935486,0
          -118.401718,33.935452,0
          -118.402145,33.935406,0
          -118.402489,33.935371,0
          -118.402786,33.935337,0
          -118.403076,33.935303,0
          -118.403503,33.935265,0
          -118.404068,33.935207,0
          -118.404602,33.935154,0
          -118.404922,33.935116,0
          -118.405251,33.935085,0
          -118.40567,33.935059,0
          -118.405952,33.93502,0
          -118.406242,33.935005,0
          -118.406738,33.93494,0
          -118.40699,33.934914,0
          -118.407341,33.934879,0
          -118.40757,33.934849,0
          -118.408028,33.934811,0
          -118.408455,33.934788,0
          -118.408752,33.934788,0
          -118.408974,33.934788,0
          -118.409225,33.934799,0
          -118.409508,33.934822,0
          -118.409843,33.93486,0
          -118.410271,33.93494,0
          -118.410629,33.93502,0
          -118.410904,33.935104,0
          -118.41127,33.93523,0
          -118.411629,33.935349,0
          -118.411835,33.935383,0
          -118.412064,33.935406,0
          -118.412308,33.935394,0
          -118.412521,33.935486,0
          -118.41259,33.935692,0
          -118.412621,33.935898,0
          -118.412636,33.936115,0
          -118.412674,33.936344,0
          -118.412704,33.936573,0
          -118.412735,33.93679,0
          -118.412773,33.937057,0
          -118.412834,33.93726,0
          -118.413055,33.937397,0
          -118.413292,33.937454,0
          -118.413521,33.937443,0
          -118.413734,33.93742,0
          -118.413994,33.937386,0
          -118.414215,33.93734,0
          -118.414436,33.937313,0
          -118.414696,33.937283,0
          -118.414963,33.937256,0
          -118.415237,33.937237,0
          -118.41581,33.937176,0
          -118.416298,33.93713,0
          -118.416542,33.937134,0
          -118.416763,33.937222,0
          -118.416954,33.937523,0
          -118.416939,33.937733,0
          -118.416939,33.937935,0
          -118.416962,33.938141,0
          -118.416992,33.938385,0
          -118.417038,33.938656,0
          -118.417076,33.938896,0
          -118.417152,33.939396,0
          -118.417175,33.939617,0
          -118.417221,33.939899,0
          -118.417259,33.940155,0
          -118.417297,33.940422,0
          -118.417328,33.940659,0
          -118.417358,33.940876,0
          -118.417381,33.941082,0
          -118.41748,33.941689,0
          -118.417526,33.941994,0
          -118.417557,33.942204,0
          -118.417595,33.942467,0
          -118.417625,33.942673,0
          -118.417648,33.942879,0
          -118.417694,33.943226,0
          -118.417625,33.943474,0
          -118.417412,33.9436,0
          -118.417122,33.943668,0
          -118.416908,33.943775,0
          -118.416824,33.944,0
          -118.416824,33.944206,0
          -118.41687,33.944412,0
          -118.416924,33.944622,0
          -118.41684,33.944832,0
          -118.416611,33.944889,0
          -118.416351,33.944836,0
          -118.416107,33.944855,0
          -118.415901,33.944881,0
          -118.415688,33.944904,0
        </coordinates>
      </LineString>
    </Placemark>
<Placemark>
      <name>DL952-2025-11-10</name>
      <TimeStamp>
        <when>2025-11-10</when>
      </TimeStamp>
      <LineString>
        <altitudeMode>absolute</altitudeMode>
        <coordinates>
          -115.140526,36.080544,0
          -115.140739,36.080669,0
          -115.140953,36.080788,0
          -115.141167,36.080818,0
          -115.14138,36.080841,0
          -115.141586,36.08086,0
          -115.141602,36.08065,0
          -115.141594,36.080441,0
          -115.141602,36.080231,0
          -115.141602,36.080009,0
          -115.141594,36.079788,0
          -115.141602,36.079533,0
          -115.141594,36.079296,0
          -115.141602,36.078949,0
          -115.141602,36.078636,0
          -115.14151,36.078426,0
          -115.141304,36.078285,0
          -115.141098,36.078255,0
          -115.140869,36.078262,0
          -115.140633,36.078262,0
          -115.140411,36.078262,0
          -115.140198,36.078266,0
          -115.139946,36.078262,0
          -115.139709,36.078266,0
          -115.13945,36.078266,0
          -115.13868,36.078266,0
          -115.137779,36.078266,0
          -115.136909,36.078262,0
          -115.135971,36.078262,0
          -115.135109,36.078262,0
          -115.134117,36.078262,0
          -115.133156,36.078266,0
          -115.132187,36.078262,0
          -115.131142,36.078266,0
          -115.130226,36.078278,0
          -115.129311,36.078278,0
          -115.12841,36.078278,0
          -115.12722,36.078274,0
          -115.126205,36.078278,0
          -115.125305,36.078278,0
          -115.12442,36.078278,0
          -115.123497,36.078274,0
          -115.122871,36.078278,0
          -115.122597,36.078209,0
          -115.122375,36.078041,0
          -115.122169,36.077923,0
          -115.121933,36.077763,0
          -115.121681,36.077602,0
          -115.121452,36.077454,0
          -115.121262,36.077229,0
          -115.121216,36.076996,0
          -115.121223,36.076733,0
          -115.1213,36.076469,0
          -115.121536,36.076389,0
          -115.121788,36.076412,0
          -115.122009,36.076412,0
          -115.122223,36.076412,0
          -115.122459,36.076424,0
          -115.122986,36.076412,0
          -115.12336,36.076412,0
          -115.123657,36.076412,0
          -115.124435,36.076401,0
          -115.124832,36.076401,0
          -115.125488,36.076401,0
          -115.125923,36.076401,0
          -115.126465,36.076389,0
          -115.127182,36.076389,0
          -115.12825,36.076401,533.4
          -115.129509,36.076401,541.02
          -115.131226,36.076401,541.02
          -115.132713,36.076401,541.02
          -115.134209,36.076401,541.02
          -115.139809,36.076401,548.64
          -115.148964,36.076401,548.64
          -115.158226,36.076401,655.32
          -115.165237,36.076447,754.38
          -115.174644,36.076447,876.3
          -115.184113,36.076355,990.6
          -115.191422,36.076218,1066.8
          -115.199249,36.076031,1120.14
          -115.203384,36.075806,1135.38
          -115.206299,36.075577,1150.62
          -115.208656,36.075333,1165.86
          -115.210815,36.075119,1173.48
          -115.213799,36.074726,1181.1
          -115.216309,36.074398,1188.72
          -115.218941,36.074074,1203.96
          -115.221405,36.073746,1211.58
          -115.223694,36.073425,1219.2
          -115.226608,36.073013,1226.82
          -115.228897,36.072693,1234.44
          -115.231911,36.072258,1242.06
          -115.235008,36.071838,1257.3
          -115.237366,36.071503,1257.3
          -115.239716,36.071045,1272.54
          -115.242348,36.07045,1272.54
          -115.245354,36.069557,1287.78
          -115.247749,36.068672,1295.4
          -115.250732,36.067326,1303.02
          -115.252953,36.066113,1318.26
          -115.255058,36.064762,1318.26
          -115.256927,36.063461,1325.88
          -115.259438,36.061413,1325.88
          -115.261169,36.059692,1325.88
          -115.263176,36.057358,1325.88
          -115.26458,36.055405,1333.5
          -115.265747,36.053497,1333.5
          -115.267265,36.050705,1341.12
          -115.268494,36.048515,1348.74
          -115.269432,36.046749,1356.36
          -115.270889,36.043953,1363.98
          -115.272064,36.041672,1371.6
          -115.273132,36.039505,1371.6
          -115.274338,36.036942,1379.22
          -115.275536,36.034286,1386.84
          -115.276855,36.031338,1394.46
          -115.278137,36.028408,1409.7
          -115.27919,36.026077,1424.94
          -115.280518,36.022934,1447.8
          -115.281769,36.019958,1470.66
          -115.282806,36.017303,1485.9
          -115.283745,36.01458,1508.76
          -115.284409,36.012222,1524
          -115.284973,36.009109,1546.86
          -115.285324,36.005783,1577.34
          -115.285378,36.002563,1607.82
          -115.285324,36.000458,1630.68
          -115.28492,35.997028,1661.16
          -115.284409,35.994507,1684.02
          -115.283546,35.991348,1714.5
          -115.282578,35.988785,1737.36
          -115.281433,35.986221,1760.22
          -115.280167,35.983887,1790.7
          -115.27874,35.981598,1813.56
          -115.276855,35.978943,1836.42
          -115.275078,35.976837,1859.28
          -115.272789,35.974411,1882.14
          -115.270729,35.972443,1905
          -115.268555,35.970428,1927.86
          -115.26651,35.968586,1950.72
          -115.263939,35.966213,1973.58
          -115.261749,35.964249,1996.44
          -115.259201,35.961929,2019.3
          -115.257111,35.960083,2042.16
          -115.254883,35.958069,2065.02
          -115.252602,35.956062,2087.88
          -115.250473,35.954086,2110.74
          -115.247894,35.951843,2141.22
          -115.245819,35.949966,2156.46
          -115.231911,35.937443,2301.24
          -115.218773,35.925568,2415.54
          -115.20401,35.913025,2545.08
          -115.201492,35.911423,2567.94
          -115.198135,35.909557,2590.8
          -115.19474,35.907715,2621.28
          -115.192116,35.906391,2644.14
          -115.188736,35.904602,2674.62
          -115.186508,35.903461,2689.86
          -115.183823,35.902111,2712.72
          -115.180954,35.900665,2735.58
          -115.177856,35.899132,2758.44
          -115.174484,35.897507,2781.3
          -115.171738,35.896225,2796.54
          -115.169037,35.894939,2819.4
          -115.149986,35.88633,2887.98
          -115.130478,35.877319,2941.32
          -115.113457,35.870781,2971.8
          -115.109192,35.869755,2987.04
          -115.106445,35.869244,2987.04
          -115.10183,35.8685,2994.66
          -115.097641,35.868073,3002.28
          -115.093979,35.867844,3002.28
          -115.090317,35.867752,3009.9
          -115.086754,35.867756,3009.9
          -115.081787,35.867752,3017.52
          -115.077728,35.867752,3025.14
          -115.074249,35.867756,3032.76
          -115.069595,35.867798,3040.38
          -115.065826,35.867844,3048
          -115.060577,35.868034,3055.62
          -115.05661,35.868164,3063.24
          -115.052948,35.868347,3070.86
          -115.048241,35.868637,3078.48
          -115.043396,35.868965,3093.72
          -115.039383,35.869217,3101.34
          -115.013977,35.871048,3147.06
          -114.986595,35.872829,3192.78
          -114.958817,35.874481,3238.5
          -114.930084,35.876087,3276.6
          -114.899925,35.877716,3322.32
          -114.870529,35.879288,3375.66
          -114.842247,35.880791,3467.1
          -114.812454,35.882355,3566.16
          -114.780746,35.884048,3672.84
          -114.705162,35.888077,3893.82
          -114.632431,35.89183,4099.56
          -114.557877,35.89563,4312.92
          -114.478569,35.896957,4594.86
          -114.405098,35.896591,4785.36
          -114.32402,35.896103,4968.24
          -114.242386,35.895546,5204.46
          -114.163399,35.894989,5326.38
          -114.077393,35.894348,5486.4
          -113.994141,35.893753,5623.56
          -113.90934,35.894531,5814.06
          -113.829117,35.899658,5989.32
          -113.749229,35.90453,6103.62
          -113.663673,35.909653,6225.54
          -113.580383,35.914719,6332.22
          -113.493034,35.919941,6492.24
          -113.409515,35.924881,6675.12
          -113.322601,35.929962,6804.66
          -113.238831,35.934788,6896.1
          -113.154945,35.939484,6995.16
          -113.067726,35.944332,7117.08
          -112.983398,35.949097,7246.62
          -112.896591,35.953812,7376.16
          -112.809448,35.958435,7536.18
          -112.725563,35.962921,7696.2
          -112.640541,35.967468,7825.74
          -112.555573,35.971893,7970.52
          -112.467331,35.976406,8153.4
          -112.383705,35.980644,8336.28
          -112.296638,35.984894,8488.68
          -112.208237,35.989197,8641.08
          -112.119942,35.993362,8770.62
          -112.037544,35.997299,8892.54
          -111.949371,36.001419,9075.42
          -111.867172,36.005222,9220.2
          -111.781998,36.009018,9342.12
          -111.700508,36.012627,9464.04
          -111.613441,36.016441,9593.58
          -111.528702,36.020119,9745.98
          -111.440109,36.023849,9860.28
          -111.353821,36.02742,9982.2
          -111.267815,36.031082,10058.4
          -111.179466,36.034653,10058.4
          -111.096207,36.038086,10058.4
          -111.010094,36.041382,10058.4
          -110.924576,36.044605,10058.4
          -110.841354,36.047726,10058.4
          -110.755005,36.050858,10058.4
          -110.668144,36.054062,10058.4
          -110.584831,36.056992,10058.4
          -110.503006,36.05983,10058.4
          -110.421295,36.062576,10058.4
          -110.333298,36.065556,10058.4
          -110.249008,36.068298,10058.4
          -110.159096,36.071186,10050.78
          -110.074478,36.073792,10050.78
          -109.992607,36.076309,10058.4
          -109.907852,36.078781,10058.4
          -109.819397,36.081337,10066.02
          -109.736473,36.08371,10073.64
          -109.653915,36.085922,10073.64
          -109.569809,36.088272,10058.4
          -109.486183,36.090412,10058.4
          -109.402496,36.092556,10050.78
          -109.316475,36.09465,10058.4
          -109.229622,36.096771,10058.4
          -109.142387,36.098793,10058.4
          -109.054092,36.10075,10058.4
          -108.968132,36.102657,10050.78
          -108.882866,36.104416,10043.16
          -108.79612,36.106247,10050.78
          -108.708778,36.107918,10058.4
          -108.619598,36.10968,10066.02
          -108.531654,36.111317,10066.02
          -108.44873,36.112747,10066.02
          -108.359238,36.114212,10066.02
          -108.273071,36.115585,10066.02
          -108.189697,36.116867,10066.02
          -108.106583,36.118065,10058.4
          -108.018745,36.119324,10058.4
          -107.937111,36.120392,10058.4
          -107.848602,36.121536,10058.4
          -107.764435,36.122498,10058.4
          -107.681976,36.123413,10058.4
          -107.595062,36.124374,10058.4
          -107.511978,36.125198,10058.4
          -107.429985,36.125935,10058.4
          -107.346268,36.126663,10050.78
          -107.258293,36.127331,10058.4
          -107.17701,36.127934,10058.4
          -107.089874,36.128448,10058.4
          -107.002319,36.128906,10058.4
          -106.914597,36.129318,10058.4
          -106.830536,36.129684,10058.4
          -106.749176,36.130005,10058.4
          -106.660126,36.130215,10058.4
          -106.572189,36.130417,10058.4
          -106.483757,36.130497,10066.02
          -106.401131,36.130447,10066.02
          -106.318672,36.130447,10073.64
          -106.2323,36.13031,10066.02
          -106.149788,36.130188,10066.02
          -106.067268,36.130032,10066.02
          -105.985695,36.129845,10058.4
          -105.899727,36.129517,10043.16
          -105.812073,36.129135,10043.16
          -105.72773,36.128677,10050.78
          -105.645386,36.128265,10058.4
          -105.562309,36.12775,10058.4
          -105.477333,36.127075,10066.02
          -105.395706,36.126446,10058.4
          -105.307404,36.125702,10058.4
          -105.223732,36.125015,10066.02
          -105.141556,36.124165,10172.7
          -105.05793,36.12328,10309.86
          -104.975708,36.122349,10424.16
          -104.893173,36.121353,10523.22
          -104.8106,36.1203,10645.14
          -104.727234,36.119228,10668
          -104.645752,36.118057,10668
          -104.561295,36.116821,10668
          -104.475464,36.115494,10668
          -104.396645,36.11425,10668
          -104.310318,36.112793,10668
          -104.229874,36.11142,10668
          -104.14846,36.109966,10668
          -104.065483,36.108337,10668
          -103.980392,36.106659,10668
          -103.898102,36.104965,10668
          -103.811935,36.10318,10668
          -103.731598,36.10144,10668
          -103.649345,36.099678,10675.62
          -103.560638,36.09763,10675.62
          -103.480049,36.095627,10675.62
          -103.393623,36.093533,10675.62
          -103.309296,36.091343,10668
          -103.226624,36.089127,10668
          -103.138565,36.086838,10668
          -103.050301,36.084408,10668
          -102.964569,36.082035,10675.62
          -102.878723,36.079567,10675.62
          -102.795242,36.077087,10668
          -102.708435,36.074478,10668
          -102.623177,36.071838,10668
          -102.541534,36.069279,10668
          -102.455513,36.066486,10668
          -102.374344,36.063831,10668
          -102.289291,36.060974,10660.38
          -102.207916,36.058201,10660.38
          -102.121834,36.055172,10668
          -102.033463,36.052002,10668
          -101.949402,36.048981,10675.62
          -101.866402,36.04591,10675.62
          -101.78421,36.042664,10675.62
          -101.697632,36.039368,10675.62
          -101.614265,36.036118,10668
          -101.53009,36.03273,10668
          -101.444153,36.029251,10668
          -101.361969,36.025799,10660.38
          -101.280045,36.022385,10660.38
          -101.192322,36.018631,10660.38
          -101.10466,36.014786,10668
          -101.017654,36.010948,10668
          -100.936478,36.007271,10668
          -100.848083,36.00325,10675.62
          -100.765289,35.999405,10675.62
          -100.677734,35.995285,10668
          -100.594269,35.991257,10668
          -100.504532,35.987,10668
          -100.419365,35.98283,10675.62
          -100.337563,35.978668,10668
          -100.25425,35.974365,10660.38
          -100.167084,35.969891,10660.38
          -100.078873,35.965347,10660.38
          -99.996353,35.96109,10660.38
          -99.913673,35.95665,10668
          -99.824409,35.951828,10675.62
          -99.740868,35.94722,10675.62
          -99.651031,35.942184,10675.62
          -99.566002,35.937378,10668
          -99.477997,35.932343,10675.62
          -99.394012,35.927483,10668
          -99.30851,35.922455,10668
          -99.224602,35.917473,10668
          -99.139137,35.912384,10668
          -99.050224,35.907043,10660.38
          -98.96582,35.901855,10668
          -98.881134,35.896591,10668
          -98.791008,35.890915,10675.62
          -98.705498,35.885445,10675.62
          -98.615509,35.879608,10675.62
          -98.526093,35.873714,10668
          -98.441734,35.868164,10668
          -98.356216,35.862495,10668
          -98.264923,35.8564,10668
          -98.181778,35.850716,10668
          -98.090088,35.844387,10660.38
          -97.999359,35.838089,10668
          -97.915993,35.832275,10668
          -97.828873,35.826092,10668
          -97.742676,35.81987,10668
          -97.651749,35.813324,10668
          -97.564941,35.807007,10668
          -97.476486,35.800461,10668
          -97.384987,35.79364,10668
          -97.301003,35.787312,10668
          -97.216324,35.780842,10668
          -97.129662,35.774139,10660.38
          -97.040428,35.767246,10668
          -96.950394,35.760178,10660.38
          -96.861778,35.753143,10668
          -96.775246,35.746262,10668
          -96.689911,35.73941,10668
          -96.600327,35.732117,10660.38
          -96.511459,35.724838,10660.38
          -96.424141,35.71767,10652.76
          -96.330475,35.709778,10660.38
          -96.244644,35.702545,10668
          -96.15892,35.695267,10668
          -96.068634,35.687393,10668
          -95.97908,35.679794,10668
          -95.893578,35.672375,10668
          -95.807854,35.664742,10668
          -95.715469,35.65654,10668
          -95.630608,35.648941,10668
          -95.543404,35.640976,10668
          -95.453079,35.632759,10668
          -95.365051,35.624725,10660.38
          -95.279518,35.616886,10660.38
          -95.191269,35.608658,10660.38
          -95.104408,35.600464,10652.76
          -95.018883,35.59235,10660.38
          -94.926338,35.583527,10668
          -94.834381,35.574646,10683.24
          -94.747864,35.566315,10668
          -94.657806,35.557526,10668
          -94.570137,35.54887,10668
          -94.482773,35.540215,10668
          -94.39167,35.531067,10668
          -94.302956,35.522152,10675.62
          -94.217262,35.513397,10675.62
          -94.12645,35.504105,10668
          -94.040398,35.495289,10660.38
          -93.954048,35.486298,10660.38
          -93.866547,35.477135,10668
          -93.77964,35.468033,10668
          -93.69381,35.459015,10675.62
          -93.605972,35.449631,10668
          -93.519363,35.44022,10668
          -93.433342,35.430908,10660.38
          -93.341301,35.420944,10668
          -93.251785,35.411179,10668
          -93.16301,35.401253,10668
          -93.07074,35.390965,10675.62
          -92.984276,35.381195,10675.62
          -92.898582,35.371738,10675.62
          -92.811012,35.361832,10668
          -92.718124,35.350933,10668
          -92.631165,35.341049,10668
          -92.540474,35.330521,10668
          -92.452057,35.320114,10668
          -92.359024,35.309128,10668
          -92.270721,35.298794,10668
          -92.175636,35.287537,10668
          -92.089333,35.277145,10675.62
          -91.996063,35.265881,10668
          -91.908875,35.25536,10668
          -91.813446,35.243721,10668
          -91.725143,35.232967,10668
          -91.632904,35.221424,10668
          -91.538147,35.209599,10668
          -91.445206,35.198044,10668
          -91.352661,35.186417,10668
          -91.264496,35.175156,10668
          -91.17382,35.163605,10668
          -91.081238,35.151829,10668
          -90.988152,35.139725,10660.38
          -90.899567,35.128178,10668
          -90.810532,35.116493,10668
          -90.717415,35.104202,10668
          -90.622406,35.09166,10660.38
          -90.529976,35.079391,10668
          -90.434189,35.066635,10660.38
          -90.34407,35.054535,10668
          -90.252403,35.04213,10675.62
          -90.161934,35.029724,10675.62
          -90.067688,35.016685,10675.62
          -89.971329,35.003464,10675.62
          -89.87635,34.990311,10675.62
          -89.785767,34.977585,10675.62
          -89.690437,34.964268,10668
          -89.595856,34.950909,10668
          -89.501205,34.937546,10660.38
          -89.403244,34.923443,10660.38
          -89.30912,34.91008,10668
          -89.214874,34.896397,10668
          -89.121666,34.882801,10675.62
          -89.023956,34.868591,10668
          -88.933472,34.855244,10668
          -88.839539,34.841354,10668
          -88.743668,34.827126,10668
          -88.653831,34.813717,10660.38
          -88.561417,34.799801,10652.76
          -88.468842,34.78574,10660.38
          -88.377396,34.772053,10660.38
          -88.283218,34.757576,10668
          -88.188461,34.743053,10675.62
          -88.093643,34.728481,10675.62
          -87.999084,34.71373,10675.62
          -87.903275,34.698734,10675.62
          -87.807388,34.683655,10614.66
          -87.717705,34.66964,10469.88
          -87.622261,34.65451,10309.86
          -87.527176,34.639252,10165.08
          -87.433403,34.624329,10066.02
          -87.338959,34.609169,10058.4
          -87.244263,34.593807,10058.4
          -87.146988,34.578026,10058.4
          -87.05275,34.562523,10058.4
          -86.958191,34.546692,10058.4
          -86.866608,34.525188,10058.4
          -86.777115,34.502007,10058.4
          -86.690987,34.479675,10050.78
          -86.599228,34.455688,10050.78
          -86.51384,34.433201,10050.78
          -86.425293,34.409866,10050.78
          -86.335144,34.386089,10043.16
          -86.242844,34.361744,9883.14
          -86.151413,34.337349,9585.96
          -86.061058,34.313793,9060.18
          -85.973122,34.291077,8496.3
          -85.883156,34.267822,7978.14
          -85.797333,34.245224,7581.9
          -85.710182,34.222504,7193.28
          -85.627899,34.200951,6819.9
          -85.547623,34.179794,6461.76
          -85.472603,34.16003,6118.86
          -85.395889,34.139694,5775.96
          -85.321594,34.120369,5448.3
          -85.248245,34.101421,5113.02
          -85.175713,34.082565,4792.98
          -85.107254,34.064693,4480.56
          -85.065399,34.05162,4297.68
          -85.061363,34.049789,4282.44
          -85.056488,34.047272,4267.2
          -85.052452,34.045074,4259.58
          -85.048431,34.042675,4251.96
          -85.044998,34.040588,4244.34
          -85.040405,34.037659,4236.72
          -85.036758,34.035324,4229.1
          -85.032608,34.032578,4213.86
          -85.029137,34.030243,4206.24
          -85.025551,34.027817,4198.62
          -85.021133,34.024845,4183.38
          -85.017532,34.022377,4175.76
          -85.013748,34.019817,4160.52
          -85.01049,34.017628,4152.9
          -85.005928,34.014496,4130.04
          -84.948517,33.976059,3779.52
          -84.891357,33.938442,3619.5
          -84.867844,33.922943,3611.88
          -84.845581,33.908184,3611.88
          -84.818153,33.89003,3611.88
          -84.795685,33.875179,3604.26
          -84.769775,33.858078,3611.88
          -84.748016,33.843708,3611.88
          -84.727905,33.830383,3611.88
          -84.707909,33.817173,3611.88
          -84.689621,33.805069,3611.88
          -84.670944,33.79269,3604.26
          -84.653435,33.781002,3611.88
          -84.637131,33.770203,3611.88
          -84.617874,33.757416,3611.88
          -84.59845,33.745811,3611.88
          -84.592438,33.743065,3604.26
          -84.589401,33.741806,3604.26
          -84.586601,33.740753,3596.64
          -84.584084,33.739853,3589.02
          -84.580536,33.738689,3581.4
          -84.577576,33.737778,3573.78
          -84.574547,33.737,3566.16
          -84.5718,33.736313,3558.54
          -84.568405,33.735569,3535.68
          -84.565491,33.734962,3512.82
          -84.562569,33.734451,3482.34
          -84.558792,33.733894,3451.86
          -84.555771,33.733521,3421.38
          -84.552902,33.733242,3390.9
          -84.549438,33.732971,3345.18
          -84.547005,33.732868,3322.32
          -84.543686,33.732777,3291.84
          -84.540016,33.732742,3253.74
          -84.536987,33.732731,3223.26
          -84.534302,33.732731,3200.4
          -84.530548,33.732742,3162.3
          -84.527779,33.732731,3139.44
          -84.524551,33.732742,3101.34
          -84.521637,33.732742,3078.48
          -84.518394,33.732777,3048
          -84.515015,33.732822,3009.9
          -84.49556,33.733009,2819.4
          -84.477242,33.733246,2644.14
          -84.458427,33.733475,2476.5
          -84.438171,33.733612,2308.86
          -84.419693,33.733707,2141.22
          -84.402412,33.733749,1996.44
          -84.382568,33.733704,1813.56
          -84.362701,33.733662,1592.58
          -84.345474,33.733707,1432.56
          -84.334259,33.733662,1363.98
          -84.325851,33.733612,1303.02
          -84.315811,33.733566,1242.06
          -84.307365,33.733566,1203.96
          -84.296974,33.733658,1181.1
          -84.28627,33.733749,1173.48
          -84.276062,33.733753,1173.48
          -84.270287,33.733379,1173.48
          -84.267944,33.733055,1165.86
          -84.26548,33.73259,1165.86
          -84.262611,33.731827,1173.48
          -84.259933,33.730915,1173.48
          -84.257736,33.729996,1173.48
          -84.255814,33.729004,1173.48
          -84.253761,33.727798,1173.48
          -84.251801,33.72649,1173.48
          -84.249687,33.72477,1173.48
          -84.24765,33.722809,1173.48
          -84.246468,33.721481,1173.48
          -84.244843,33.71933,1173.48
          -84.243736,33.717552,1173.48
          -84.242828,33.715759,1173.48
          -84.241821,33.71347,1173.48
          -84.241333,33.711967,1173.48
          -84.240585,33.709488,1173.48
          -84.240135,33.707657,1173.48
          -84.239731,33.705868,1173.48
          -84.239296,33.703857,1173.48
          -84.238754,33.701401,1173.48
          -84.238472,33.699818,1173.48
          -84.238007,33.697449,1173.48
          -84.237617,33.69548,1173.48
          -84.237274,33.693718,1173.48
          -84.23687,33.691578,1173.48
          -84.236465,33.689434,1173.48
          -84.23613,33.687572,1173.48
          -84.235779,33.685154,1173.48
          -84.235725,33.68343,1165.86
          -84.235725,33.681381,1165.86
          -84.236046,33.679092,1165.86
          -84.236465,33.677193,1165.86
          -84.237221,33.674881,1158.24
          -84.238007,33.673141,1150.62
          -84.238846,33.671631,1143
          -84.240021,33.66993,1127.76
          -84.241318,33.668381,1120.14
          -84.242996,33.666763,1104.9
          -84.244598,33.665413,1089.66
          -84.246246,33.664352,1082.04
          -84.247871,33.663437,1066.8
          -84.25,33.66243,1059.18
          -84.251793,33.661606,1043.94
          -84.253532,33.660873,1036.32
          -84.255356,33.660202,1021.08
          -84.257515,33.659363,1013.46
          -84.259254,33.658722,998.22
          -84.260986,33.658081,990.6
          -84.262558,33.657501,975.36
          -84.264687,33.656754,967.74
          -84.266571,33.656105,960.12
          -84.268387,33.655472,944.88
          -84.270569,33.654755,937.26
          -84.272346,33.654102,922.02
          -84.274048,33.653549,922.02
          -84.276237,33.652817,914.4
          -84.277611,33.652378,906.78
          -84.279991,33.651672,891.54
          -84.281784,33.651215,883.92
          -84.283562,33.650799,876.3
          -84.28582,33.650436,868.68
          -84.287666,33.650208,861.06
          -84.289337,33.650051,853.44
          -84.291626,33.649914,845.82
          -84.293274,33.649841,838.2
          -84.29496,33.649796,830.58
          -84.296783,33.649773,822.96
          -84.298615,33.649773,815.34
          -84.300323,33.649773,807.72
          -84.302505,33.649773,800.1
          -84.303978,33.64975,792.48
          -84.305649,33.649773,792.48
          -84.307648,33.649727,792.48
          -84.30983,33.649681,784.86
          -84.3116,33.649632,777.24
          -84.313454,33.649612,769.62
          -84.315033,33.649586,754.38
          -84.317093,33.649586,739.14
          -84.321693,33.649521,716.28
          -84.328934,33.649494,678.18
          -84.335236,33.649494,640.08
          -84.341705,33.649521,601.98
          -84.348091,33.649475,579.12
          -84.354401,33.64954,548.64
          -84.358971,33.649521,518.16
          -84.36058,33.64954,510.54
          -84.366646,33.649567,480.06
          -84.373055,33.649494,449.58
          -84.379463,33.649494,419.1
          -84.385529,33.64954,381
          -84.390335,33.649586,358.14
          -84.396744,33.649586,327.66
          -84.402924,33.649586,297.18
          -84.407898,33.649586,266.7
          -84.413284,33.649567,236.22
          -84.419167,33.649567,236.22
          -84.424187,33.649544,0
          -84.427589,33.649544,0
          -84.429008,33.649555,0
          -84.43045,33.649509,0
          -84.431274,33.649387,0
          -84.431831,33.64925,0
          -84.432037,33.649178,0
          -84.432243,33.649109,0
          -84.432526,33.648994,0
          -84.432892,33.648823,0
          -84.433136,33.648689,0
          -84.433411,33.648594,0
          -84.433662,33.648529,0
          -84.43399,33.648457,0
          -84.434235,33.648445,0
          -84.434608,33.648457,0
          -84.434837,33.648457,0
          -84.435059,33.648411,0
          -84.435341,33.648193,0
          -84.435493,33.64793,0
          -84.43576,33.647541,0
          -84.436012,33.647179,0
          -84.436256,33.64682,0
          -84.436455,33.646538,0
          -84.436684,33.646191,0
          -84.436996,33.64571,0
          -84.437286,33.645294,0
          -84.437347,33.645035,0
          -84.437286,33.644779,0
          -84.43718,33.644508,0
          -84.437187,33.644218,0
          -84.437202,33.644009,0
          -84.437202,33.643799,0
          -84.437218,33.64357,0
          -84.43721,33.643318,0
          -84.437233,33.643101,0
          -84.43721,33.642879,0
          -84.437202,33.64267,0
          -84.43721,33.64246,0
          -84.437202,33.642239,0
          -84.437202,33.642021,0
          -84.437218,33.641396,0
          -84.43734,33.641186,0
          -84.437698,33.641323,0
          -84.437782,33.641544,0
          -84.43811,33.641743,0
          -84.438454,33.641727,0
          -84.43869,33.641731,0
        </coordinates>
      </LineString>
    </Placemark>
<Placemark>
      <name>DL941-2025-11-08</name>
      <TimeStamp>
        <when>2025-11-08</when>
      </TimeStamp>
      <LineString>
        <altitudeMode>absolute</altitudeMode>
        <coordinates>
          -84.429062,33.637436,0
          -84.428856,33.637436,0
          -84.428642,33.637436,0
          -84.428429,33.637402,0
          -84.4282,33.637367,0
          -84.427956,33.63739,0
          -84.427742,33.637333,0
          -84.427437,33.637459,0
          -84.427322,33.637688,0
          -84.427429,33.637913,0
          -84.427673,33.638077,0
          -84.427887,33.638229,0
          -84.42804,33.638565,0
          -84.42807,33.638924,0
          -84.42807,33.63913,0
          -84.42807,33.639542,0
          -84.42807,33.639763,0
          -84.42807,33.640079,0
          -84.428009,33.640457,0
          -84.42762,33.641224,0
          -84.427322,33.641991,0
          -84.427353,33.642281,0
          -84.42733,33.643452,0
          -84.427216,33.644524,0
          -84.426903,33.644711,0
          -84.426643,33.64473,0
          -84.426407,33.644669,0
          -84.426086,33.644699,0
          -84.425819,33.644711,0
          -84.425613,33.644699,0
          -84.425407,33.64468,0
          -84.425034,33.644711,0
          -84.424789,33.644711,0
          -84.424477,33.644711,0
          -84.42424,33.644699,0
          -84.423882,33.644699,0
          -84.423584,33.644703,0
          -84.423279,33.644691,0
          -84.423065,33.644688,0
          -84.422684,33.644714,0
          -84.422379,33.644806,0
          -84.422073,33.644955,0
          -84.421707,33.645119,0
          -84.421501,33.64526,0
          -84.420891,33.645432,0
          -84.420624,33.645451,0
          -84.420341,33.645439,0
          -84.420036,33.645432,0
          -84.419701,33.645432,0
          -84.419388,33.64542,0
          -84.419144,33.645409,0
          -84.418793,33.64542,0
          -84.418411,33.645439,0
          -84.41803,33.645439,0
          -84.417686,33.64542,0
          -84.416931,33.64542,0
          -84.41655,33.64542,0
          -84.416168,33.645424,0
          -84.415901,33.645424,0
          -84.415611,33.645424,0
          -84.415344,33.64542,0
          -84.414711,33.64542,0
          -84.414467,33.645432,0
          -84.414238,33.645432,0
          -84.413979,33.645439,0
          -84.413727,33.645439,0
          -84.413399,33.645432,0
          -84.413132,33.645432,0
          -84.412872,33.645439,0
          -84.41256,33.645432,0
          -84.412308,33.645439,0
          -84.41198,33.645439,0
          -84.411758,33.645424,0
          -84.411552,33.64542,0
          -84.411263,33.645424,0
          -84.410965,33.64542,0
          -84.410255,33.645435,0
          -84.409561,33.645443,0
          -84.409233,33.645435,0
          -84.408913,33.645435,0
          -84.408577,33.645454,0
          -84.408333,33.645489,0
          -84.408043,33.645561,0
          -84.407791,33.645618,0
          -84.407524,33.645653,0
          -84.407272,33.645676,0
          -84.407028,33.645699,0
          -84.406815,33.645699,0
          -84.406601,33.645699,0
          -84.406372,33.645699,0
          -84.406158,33.645699,0
          -84.40593,33.645733,0
          -84.405716,33.645916,0
          -84.40564,33.646141,0
          -84.405647,33.646374,0
          -84.405655,33.646595,0
          -84.405869,33.646816,0
          -84.406082,33.646832,0
          -84.406372,33.64682,0
          -84.406586,33.646809,0
          -84.406906,33.64682,0
          -84.407417,33.646805,0
          -84.407959,33.646797,0
          -84.408493,33.646797,0
          -84.408981,33.646797,0
          -84.409958,33.646793,0
          -84.410606,33.646797,0
          -84.410851,33.646805,0
          -84.413109,33.646793,327.66
          -84.417961,33.64682,0
          -84.420387,33.646801,0
          -84.422096,33.646809,0
          -84.423897,33.646778,0
          -84.425743,33.646809,0
          -84.433403,33.64677,0
          -84.436935,33.64682,457.2
          -84.438797,33.646885,487.68
          -84.44075,33.646957,518.16
          -84.442749,33.647026,563.88
          -84.444672,33.647141,586.74
          -84.446579,33.647232,617.22
          -84.448486,33.647369,647.7
          -84.450279,33.647461,670.56
          -84.452133,33.647587,701.04
          -84.453903,33.647724,723.9
          -84.455627,33.647865,739.14
          -84.457283,33.647964,746.76
          -84.459114,33.648144,762
          -84.460945,33.648285,769.62
          -84.463005,33.648422,777.24
          -84.468956,33.648842,800.1
          -84.470963,33.648983,800.1
          -84.473091,33.649246,807.72
          -84.475113,33.649567,815.34
          -84.4776,33.64996,830.58
          -84.479538,33.650333,838.2
          -84.481544,33.650658,838.2
          -84.483688,33.651077,838.2
          -84.485985,33.651443,838.2
          -84.488564,33.651901,845.82
          -84.490417,33.652241,845.82
          -84.492546,33.652634,853.44
          -84.494781,33.653046,861.06
          -84.497284,33.653545,868.68
          -84.499886,33.654053,868.68
          -84.502197,33.654522,868.68
          -84.504539,33.654968,868.68
          -84.507065,33.655499,868.68
          -84.514572,33.657028,906.78
          -84.525314,33.65913,960.12
          -84.535927,33.661148,1021.08
          -84.544281,33.662704,1089.66
          -84.555824,33.664902,1188.72
          -84.566513,33.666996,1272.54
          -84.575218,33.668655,1348.74
          -84.586487,33.670761,1463.04
          -84.597305,33.672722,1577.34
          -84.614525,33.675701,1737.36
          -84.633865,33.678867,1927.86
          -84.651505,33.681793,2080.26
          -84.66877,33.684631,2232.66
          -84.685707,33.68734,2385.06
          -84.70562,33.690647,2514.6
          -84.726616,33.694427,2644.14
          -84.744705,33.697723,2788.92
          -84.764496,33.701538,2948.94
          -84.782333,33.705963,3116.58
          -84.79982,33.710587,3208.02
          -84.820335,33.716309,3276.6
          -84.839005,33.721371,3322.32
          -84.861542,33.727562,3360.42
          -84.882141,33.733101,3398.52
          -84.903091,33.738689,3444.24
          -84.92897,33.74588,3497.58
          -84.951668,33.75219,3558.54
          -84.974541,33.758331,3634.74
          -85.002289,33.765701,3703.32
          -85.061584,33.781467,3878.58
          -85.124298,33.798183,4191
          -85.183121,33.813778,4457.7
          -85.210014,33.81839,4549.14
          -85.213264,33.81871,4564.38
          -85.217682,33.819038,4587.24
          -85.223007,33.819363,4610.1
          -85.226151,33.819504,4625.34
          -85.231712,33.819809,4648.2
          -85.23558,33.819992,4663.44
          -85.239883,33.820202,4678.68
          -85.244934,33.820404,4693.92
          -85.248802,33.820587,4709.16
          -85.253563,33.820805,4724.4
          -85.318794,33.823925,4991.1
          -85.368813,33.823425,5128.26
          -85.372528,33.82304,5143.5
          -85.377617,33.822483,5158.74
          -85.381966,33.821922,5173.98
          -85.386299,33.821365,5196.84
          -85.391685,33.820679,5212.08
          -85.395699,33.820107,5227.32
          -85.399818,33.81955,5242.56
          -85.4039,33.818985,5257.8
          -85.470772,33.809235,5753.1
          -85.534058,33.800602,6080.76
          -85.598465,33.793076,6278.88
          -85.661659,33.785706,6461.76
          -85.726204,33.778118,6644.64
          -85.792007,33.769459,6896.1
          -85.857071,33.760662,7086.6
          -85.920868,33.752003,7261.86
          -85.987816,33.744694,7421.88
          -85.99308,33.74474,7437.12
          -85.99646,33.744785,7444.74
          -86.000977,33.74501,7459.98
          -86.006416,33.745422,7475.22
          -86.009605,33.745743,7482.84
          -86.014091,33.746246,7490.46
          -86.019226,33.746975,7505.7
          -86.023506,33.74762,7520.94
          -86.027771,33.748306,7528.56
          -86.032501,33.749069,7543.8
          -86.0373,33.749817,7551.42
          -86.041504,33.750504,7566.66
          -86.045837,33.751163,7574.28
          -86.050026,33.751877,7581.9
          -86.05529,33.752701,7589.52
          -86.122223,33.763222,7749.54
          -86.188301,33.773758,7924.8
          -86.25602,33.784515,8077.2
          -86.323357,33.795109,8229.6
          -86.391548,33.805893,8351.52
          -86.458084,33.816467,8458.2
          -86.526428,33.827229,8580.12
          -86.596237,33.838169,8740.14
          -86.664078,33.84874,8900.16
          -86.730835,33.859131,9060.18
          -86.797485,33.869476,9220.2
          -86.863571,33.879684,9380.22
          -86.930069,33.889843,9532.62
          -86.995354,33.899872,9692.64
          -87.061676,33.91,9753.6
          -87.128105,33.920147,9753.6
          -87.196808,33.930542,9753.6
          -87.263199,33.940586,9753.6
          -87.328812,33.950455,9753.6
          -87.396866,33.960648,9753.6
          -87.461769,33.970367,9745.98
          -87.529083,33.980301,9753.6
          -87.597198,33.990444,9753.6
          -87.664398,34.000351,9768.84
          -87.732727,34.010513,9761.22
          -87.798584,34.020081,9761.22
          -87.864731,34.029694,9753.6
          -87.932396,34.039509,9822.18
          -87.998917,34.04924,9928.86
          -88.064499,34.058716,10027.92
          -88.126831,34.067627,10165.08
          -88.190559,34.076706,10287
          -88.254837,34.085873,10355.58
          -88.318024,34.094788,10363.2
          -88.382484,34.103897,10363.2
          -88.44606,34.112873,10363.2
          -88.51004,34.121811,10363.2
          -88.573723,34.130703,10363.2
          -88.63736,34.139694,10363.2
          -88.700699,34.148346,10363.2
          -88.763702,34.156952,10363.2
          -88.826584,34.165665,10363.2
          -88.890602,34.174484,10363.2
          -88.955444,34.183308,10363.2
          -89.02076,34.192154,10363.2
          -89.08432,34.20076,10370.82
          -89.149017,34.209469,10370.82
          -89.213165,34.218082,10363.2
          -89.279053,34.226852,10363.2
          -89.341217,34.235123,10370.82
          -89.407654,34.243919,10370.82
          -89.472885,34.252533,10370.82
          -89.534569,34.260677,10370.82
          -89.601295,34.269424,10370.82
          -89.666374,34.277893,10363.2
          -89.731621,34.286407,10363.2
          -89.795128,34.294601,10363.2
          -89.860382,34.302948,10363.2
          -89.926643,34.311466,10363.2
          -89.992508,34.319893,10363.2
          -90.054649,34.327744,10355.58
          -90.119949,34.336029,10355.58
          -90.182076,34.343819,10355.58
          -90.248337,34.352154,10363.2
          -90.31282,34.360252,10370.82
          -90.376854,34.368168,10370.82
          -90.444664,34.376633,10370.82
          -90.510178,34.384647,10370.82
          -90.573975,34.392513,10363.2
          -90.636459,34.40015,10363.2
          -90.702171,34.408127,10355.58
          -90.769211,34.416229,10355.58
          -90.83416,34.424076,10363.2
          -90.900826,34.432022,10363.2
          -90.963478,34.439484,10363.2
          -91.026268,34.446991,10363.2
          -91.090851,34.454662,10363.2
          -91.159004,34.462692,10370.82
          -91.221054,34.469925,10370.82
          -91.287231,34.477612,10370.82
          -91.353058,34.485306,10370.82
          -91.419083,34.492905,10370.82
          -91.483101,34.50032,10363.2
          -91.545876,34.507507,10363.2
          -91.610619,34.514877,10363.2
          -91.673416,34.521976,10363.2
          -91.739372,34.529388,10363.2
          -91.805511,34.536896,10363.2
          -91.870537,34.544174,10355.58
          -91.932449,34.551071,10355.58
          -91.998367,34.558334,10355.58
          -92.065041,34.565689,10363.2
          -92.1278,34.572533,10363.2
          -92.196411,34.580025,10370.82
          -92.262962,34.58725,10370.82
          -92.330391,34.594528,10370.82
          -92.393936,34.601349,10370.82
          -92.462311,34.608658,10363.2
          -92.529266,34.615723,10363.2
          -92.59758,34.622902,10363.2
          -92.663101,34.629791,10363.2
          -92.730499,34.636822,10363.2
          -92.798264,34.643875,10363.2
          -92.864967,34.650742,10363.2
          -92.931458,34.657581,10363.2
          -92.997894,34.664379,10363.2
          -93.062782,34.67099,10363.2
          -93.1269,34.677475,10363.2
          -93.195129,34.684303,10363.2
          -93.2621,34.691025,10363.2
          -93.325134,34.697292,10363.2
          -93.391861,34.703854,10363.2
          -93.459946,34.710606,10363.2
          -93.525879,34.717117,10363.2
          -93.59034,34.723297,10363.2
          -93.657547,34.729752,10363.2
          -93.724533,34.736256,10363.2
          -93.791542,34.74268,10363.2
          -93.859062,34.749058,10363.2
          -93.926437,34.755432,10370.82
          -93.989609,34.761292,10363.2
          -94.058716,34.767746,10363.2
          -94.123123,34.773743,10363.2
          -94.190727,34.779968,10363.2
          -94.259323,34.786251,10370.82
          -94.323288,34.792145,10363.2
          -94.389557,34.798077,10363.2
          -94.452095,34.803711,10363.2
          -94.518242,34.809624,10363.2
          -94.586678,34.815674,10363.2
          -94.651031,34.82135,10355.58
          -94.716454,34.827126,10355.58
          -94.783539,34.832977,10355.58
          -94.849777,34.838764,10363.2
          -94.913406,34.844257,10363.2
          -94.982018,34.850143,10370.82
          -95.04525,34.855499,10370.82
          -95.108978,34.860901,10370.82
          -95.177475,34.866604,10370.82
          -95.239731,34.871815,10363.2
          -95.307709,34.877403,10355.58
          -95.375519,34.883034,10355.58
          -95.4431,34.888527,10363.2
          -95.505409,34.893509,10363.2
          -95.574051,34.899078,10363.2
          -95.637276,34.904114,10363.2
          -95.703621,34.909431,10363.2
          -95.769943,34.914642,10370.82
          -95.837799,34.919952,10370.82
          -95.900406,34.924839,10363.2
          -95.968712,34.930161,10363.2
          -96.03508,34.935196,10363.2
          -96.10128,34.940231,10363.2
          -96.168991,34.945496,10363.2
          -96.233597,34.950256,10355.58
          -96.301575,34.95533,10363.2
          -96.367325,34.960171,10355.58
          -96.430664,34.964779,10363.2
          -96.498474,34.969715,10363.2
          -96.562729,34.974323,10363.2
          -96.627556,34.979004,10363.2
          -96.694656,34.98381,10363.2
          -96.760849,34.988525,10363.2
          -96.828293,34.993179,10363.2
          -96.895355,34.997879,10363.2
          -96.962196,35.002487,10363.2
          -97.026505,35.006863,10363.2
          -97.091003,35.01123,10363.2
          -97.159882,35.015896,10363.2
          -97.223564,35.020111,10363.2
          -97.290833,35.024551,10363.2
          -97.358147,35.028992,10363.2
          -97.422981,35.033211,10363.2
          -97.490448,35.038986,10363.2
          -97.557449,35.044895,10363.2
          -97.621193,35.050343,10363.2
          -97.688637,35.056091,10363.2
          -97.751076,35.06131,10363.2
          -97.819183,35.066986,10355.58
          -97.886696,35.072502,10355.58
          -97.954391,35.078041,10355.58
          -98.022316,35.083557,10363.2
          -98.090118,35.089077,10370.82
          -98.153931,35.094177,10370.82
          -98.221527,35.099625,10363.2
          -98.29081,35.105072,10355.58
          -98.355957,35.11021,10355.58
          -98.424164,35.115562,10355.58
          -98.495636,35.121151,10363.2
          -98.566132,35.126595,10363.2
          -98.631165,35.131531,10370.82
          -98.699158,35.136658,10370.82
          -98.76915,35.14196,10370.82
          -98.837875,35.147125,10363.2
          -98.906662,35.152222,10363.2
          -98.978233,35.157505,10363.2
          -99.044266,35.1623,10363.2
          -99.112541,35.167236,10363.2
          -99.180649,35.17218,10363.2
          -99.247803,35.176968,10355.58
          -99.318695,35.1819,10363.2
          -99.386787,35.186695,10363.2
          -99.458771,35.191677,10370.82
          -99.525665,35.196285,10370.82
          -99.598572,35.201294,10363.2
          -99.666626,35.205917,10363.2
          -99.738426,35.210724,10363.2
          -99.804794,35.215164,10363.2
          -99.875854,35.219887,10363.2
          -99.943146,35.224216,10363.2
          -100.014381,35.22887,10363.2
          -100.082359,35.233292,10363.2
          -100.153595,35.237823,10363.2
          -100.225296,35.242401,10370.82
          -100.292526,35.246521,10370.82
          -100.362915,35.250889,10363.2
          -100.433388,35.255268,10363.2
          -100.502579,35.259411,10363.2
          -100.569962,35.263508,10370.82
          -100.641891,35.267838,10363.2
          -100.709564,35.271839,10363.2
          -100.781326,35.276028,10355.58
          -100.85112,35.280075,10355.58
          -100.922585,35.284149,10355.58
          -100.989365,35.287945,10363.2
          -101.060371,35.29195,10363.2
          -101.127571,35.295719,10363.2
          -101.198616,35.299622,10363.2
          -101.265221,35.303192,10363.2
          -101.332169,35.306854,10363.2
          -101.403221,35.310711,10363.2
          -101.46904,35.314133,10363.2
          -101.538681,35.317741,10363.2
          -101.607758,35.321323,10370.82
          -101.678581,35.324955,10370.82
          -101.744972,35.328262,10363.2
          -101.814278,35.331657,10363.2
          -101.884117,35.335144,10363.2
          -101.952782,35.338531,10355.58
          -102.023193,35.3419,10355.58
          -102.092499,35.345158,10363.2
          -102.16169,35.348419,10363.2
          -102.231056,35.351723,10363.2
          -102.302399,35.354965,10363.2
          -102.369667,35.358006,10363.2
          -102.437462,35.361034,10363.2
          -102.50988,35.364212,10370.82
          -102.580925,35.367317,10378.44
          -102.650299,35.370392,10370.82
          -102.719887,35.373322,10363.2
          -102.789841,35.376209,10355.58
          -102.86264,35.379227,10355.58
          -102.933769,35.382122,10363.2
          -103.003632,35.384903,10363.2
          -103.071159,35.387569,10363.2
          -103.142807,35.390408,10363.2
          -103.21489,35.393188,10363.2
          -103.284691,35.39576,10363.2
          -103.356918,35.398506,10355.58
          -103.424492,35.40097,10363.2
          -103.492928,35.403351,10355.58
          -103.564224,35.405914,10363.2
          -103.630768,35.408249,10363.2
          -103.699776,35.41066,10363.2
          -103.771538,35.413078,10370.82
          -103.842598,35.415405,10370.82
          -103.915352,35.417828,10370.82
          -103.985764,35.420059,10370.82
          -104.058723,35.422302,10363.2
          -104.129852,35.424454,10370.82
          -104.201118,35.42667,10370.82
          -104.269241,35.428665,10363.2
          -104.340073,35.430771,10355.58
          -104.408401,35.432739,10355.58
          -104.477997,35.434677,10355.58
          -104.546188,35.436493,10355.58
          -104.619644,35.438496,10355.58
          -104.688133,35.440311,10363.2
          -104.76194,35.442173,10363.2
          -104.836334,35.443989,10370.82
          -104.905869,35.445694,10363.2
          -104.979919,35.447479,10363.2
          -105.054192,35.449158,10355.58
          -105.129112,35.450878,10363.2
          -105.203735,35.452507,10370.82
          -105.274384,35.453953,10378.44
          -105.348877,35.45549,10378.44
          -105.425034,35.457001,10370.82
          -105.498024,35.458466,10363.2
          -105.573181,35.459816,10355.58
          -105.649261,35.461212,10355.58
          -105.718864,35.462425,10363.2
          -105.794891,35.463776,10363.2
          -105.866089,35.464966,10370.82
          -105.940018,35.46611,10363.2
          -106.011139,35.467163,10363.2
          -106.084099,35.468262,10363.2
          -106.157799,35.469223,10370.82
          -106.232536,35.470337,10370.82
          -106.306,35.471237,10370.82
          -106.374664,35.472061,10363.2
          -106.447334,35.472931,10355.58
          -106.51474,35.473663,10347.96
          -106.587196,35.474434,10347.96
          -106.659966,35.475128,10347.96
          -106.732407,35.475769,10355.58
          -106.802475,35.476391,10363.2
          -106.876312,35.477005,10363.2
          -106.947868,35.477459,10370.82
          -107.022026,35.477974,10370.82
          -107.09642,35.478439,10370.82
          -107.168884,35.478836,10370.82
          -107.238808,35.479248,10363.2
          -107.309189,35.479568,10355.58
          -107.384377,35.479843,10355.58
          -107.458328,35.48016,10363.2
          -107.533768,35.480347,10363.2
          -107.608688,35.480438,10370.82
          -107.68364,35.480576,10370.82
          -107.755569,35.480621,10370.82
          -107.829178,35.480579,10370.82
          -107.903656,35.480576,10363.2
          -107.979294,35.48053,10355.58
          -108.05217,35.480392,10355.58
          -108.123466,35.480255,10355.58
          -108.198334,35.480026,10363.2
          -108.272896,35.47979,10363.2
          -108.345535,35.479462,10370.82
          -108.420509,35.479092,10370.82
          -108.494606,35.478718,10370.82
          -108.569351,35.478333,10363.2
          -108.64563,35.477875,10363.2
          -108.720413,35.477325,10363.2
          -108.795563,35.476715,10363.2
          -108.866386,35.476089,10355.58
          -108.942825,35.47625,10363.2
          -109.018211,35.476856,10355.58
          -109.093948,35.477188,10363.2
          -109.168968,35.477371,10370.82
          -109.242668,35.477554,10370.82
          -109.319519,35.477833,10370.82
          -109.392914,35.477924,10363.2
          -109.468857,35.478058,10363.2
          -109.544678,35.478065,10363.2
          -109.618088,35.478104,10363.2
          -109.694824,35.478012,10355.58
          -109.771011,35.477879,10355.58
          -109.84639,35.477741,10355.58
          -109.922852,35.477554,10363.2
          -109.999092,35.477276,10370.82
          -110.07608,35.476959,10363.2
          -110.152985,35.476593,10370.82
          -110.224915,35.476273,10363.2
          -110.300049,35.47583,10363.2
          -110.375916,35.475357,10355.58
          -110.453171,35.474808,10363.2
          -110.532303,35.474167,10363.2
          -110.606171,35.473572,10370.82
          -110.68399,35.472839,10370.82
          -110.760773,35.472153,10370.82
          -110.838669,35.471317,10370.82
          -110.916939,35.470413,10370.82
          -110.994705,35.469589,10363.2
          -111.071602,35.468616,10363.2
          -111.148972,35.467686,10355.58
          -111.227303,35.466614,10363.2
          -111.305351,35.465469,10363.2
          -111.377563,35.464417,10363.2
          -111.455322,35.463135,10363.2
          -111.5336,35.461945,10363.2
          -111.610107,35.460655,10271.76
          -111.687126,35.459351,10126.98
          -111.766899,35.457909,9799.32
          -111.843857,35.457535,9326.88
          -111.921059,35.463867,9144
          -112.001328,35.473938,9144
          -112.079308,35.483604,9144
          -112.157196,35.493256,9144
          -112.234985,35.502831,9144
          -112.312943,35.512527,9144
          -112.394287,35.522522,9144
          -112.473297,35.532158,9144
          -112.552299,35.541702,9144
          -112.631317,35.551254,9144
          -112.710373,35.560696,9151.62
          -112.789848,35.570194,9151.62
          -112.867645,35.579453,9144
          -112.948509,35.589046,9083.04
          -113.028831,35.598404,8930.64
          -113.111404,35.608017,8763
          -113.192886,35.617493,8610.6
          -113.274651,35.626987,8450.58
          -113.356186,35.636307,8107.68
          -113.438339,35.645561,7650.48
          -113.515648,35.655384,7231.38
          -113.587471,35.667206,6957.06
          -113.661804,35.679264,6667.5
          -113.733734,35.690964,6400.8
          -113.807999,35.70314,6118.86
          -113.877983,35.714493,5836.92
          -113.948196,35.725754,5577.84
          -114.015427,35.736603,5311.14
          -114.0839,35.747509,5059.68
          -114.146515,35.758347,4922.52
          -114.154381,35.760731,4899.66
          -114.157303,35.761803,4892.04
          -114.161621,35.763477,4876.8
          -114.165054,35.764938,4869.18
          -114.168869,35.766548,4861.56
          -114.172958,35.76828,4846.32
          -114.176392,35.769791,4838.7
          -114.179825,35.771255,4831.08
          -114.183716,35.772926,4823.46
          -114.18763,35.774651,4815.84
          -114.190727,35.776001,4800.6
          -114.198242,35.779221,4777.74
          -114.246765,35.800346,4503.42
          -114.295868,35.821838,4183.38
          -114.3405,35.842896,3962.4
          -114.38324,35.869537,3771.9
          -114.42395,35.894848,3581.4
          -114.440521,35.905197,3505.2
          -114.457085,35.915424,3429
          -114.473076,35.925385,3352.8
          -114.489899,35.935822,3268.98
          -114.509041,35.947731,3185.16
          -114.527954,35.959534,3093.72
          -114.54422,35.969563,3009.9
          -114.560051,35.979294,2933.7
          -114.579102,35.99107,2849.88
          -114.595406,36.001125,2773.68
          -114.612648,36.011646,2689.86
          -114.628944,36.021652,2613.66
          -114.644508,36.031265,2567.94
          -114.661041,36.040649,2522.22
          -114.678101,36.049076,2476.5
          -114.696411,36.058044,2438.4
          -114.712204,36.065735,2423.16
          -114.719467,36.068985,2423.16
          -114.722046,36.069885,2423.16
          -114.725494,36.070816,2423.16
          -114.727943,36.071373,2423.16
          -114.731102,36.071934,2423.16
          -114.733261,36.072189,2423.16
          -114.736633,36.07251,2423.16
          -114.739548,36.072693,2415.54
          -114.742325,36.072819,2407.92
          -114.74527,36.072922,2392.68
          -114.748283,36.073002,2369.82
          -114.751282,36.073105,2354.58
          -114.754372,36.073196,2331.72
          -114.757347,36.073242,2316.48
          -114.760323,36.073288,2308.86
          -114.763702,36.073334,2293.62
          -114.766502,36.073334,2286
          -114.769379,36.07333,2270.76
          -114.771942,36.073334,2263.14
          -114.79258,36.07333,2171.7
          -114.810448,36.07338,2080.26
          -114.829391,36.073421,2004.06
          -114.846222,36.073467,1958.34
          -114.861595,36.073517,1905
          -114.87751,36.073563,1821.18
          -114.894257,36.073563,1714.5
          -114.908401,36.073563,1638.3
          -114.922195,36.073608,1562.1
          -114.937531,36.073654,1485.9
          -114.943756,36.073608,1455.42
          -114.953285,36.073608,1417.32
          -114.960022,36.073608,1386.84
          -114.969406,36.073654,1348.74
          -114.976479,36.0737,1310.64
          -114.98291,36.0737,1280.16
          -114.992409,36.0737,1226.82
          -115.001106,36.0737,1188.72
          -115.009804,36.0737,1150.62
          -115.01593,36.0737,1127.76
          -115.023582,36.0737,1089.66
          -115.031372,36.073654,1059.18
          -115.03933,36.0737,1021.08
          -115.044792,36.0737,998.22
          -115.05249,36.0737,960.12
          -115.060104,36.0737,922.02
          -115.065544,36.0737,899.16
          -115.072731,36.0737,868.68
          -115.08033,36.0737,838.2
          -115.087631,36.073654,800.1
          -115.094582,36.073654,769.62
          -115.09993,36.073654,746.76
          -115.106972,36.073654,708.66
          -115.114281,36.073654,678.18
          -115.121323,36.073654,640.08
          -115.128479,36.073654,601.98
          -115.135201,36.073654,601.98
          -115.140282,36.073654,0
          -115.143837,36.073654,0
          -115.146317,36.073654,0
          -115.146919,36.073689,0
          -115.147385,36.073727,0
          -115.147888,36.073803,0
          -115.148201,36.073853,0
          -115.148575,36.07394,0
          -115.148819,36.074005,0
          -115.149208,36.074135,0
          -115.149521,36.074261,0
          -115.14975,36.074352,0
          -115.149963,36.074455,0
          -115.15023,36.074574,0
          -115.150497,36.074715,0
          -115.150711,36.074844,0
          -115.150948,36.075027,0
          -115.151169,36.075245,0
          -115.151375,36.075459,0
          -115.151512,36.075691,0
          -115.151512,36.075909,0
          -115.151337,36.076126,0
          -115.151108,36.076225,0
          -115.150879,36.076286,0
          -115.150665,36.076321,0
          -115.150391,36.076355,0
          -115.15007,36.076366,0
          -115.149704,36.076389,0
          -115.149338,36.076401,0
          -115.148994,36.076401,0
          -115.148521,36.076412,0
          -115.148186,36.076412,0
          -115.147888,36.076412,0
          -115.147392,36.076412,0
          -115.147064,36.076412,0
          -115.145615,36.076424,0
          -115.144066,36.076424,0
          -115.142502,36.076424,0
          -115.140762,36.076424,0
          -115.139404,36.076424,0
          -115.138382,36.076447,0
          -115.138161,36.076504,0
          -115.137947,36.076664,0
          -115.137871,36.076878,0
          -115.137901,36.07711,0
          -115.137917,36.077354,0
          -115.137924,36.077614,0
          -115.137932,36.077831,0
          -115.138008,36.07806,0
          -115.13826,36.07822,0
          -115.138481,36.078255,0
          -115.138718,36.078255,0
          -115.138977,36.078255,0
          -115.139214,36.078262,0
          -115.13945,36.078289,0
          -115.139671,36.078346,0
          -115.139877,36.078426,0
          -115.140106,36.078552,0
          -115.14035,36.078747,0
          -115.14061,36.078941,0
          -115.140839,36.079113,0
          -115.14106,36.079288,0
          -115.141289,36.079487,0
          -115.14151,36.079708,0
          -115.141586,36.079964,0
          -115.141602,36.080185,0
          -115.141571,36.080418,0
          -115.141479,36.080635,0
          -115.141296,36.080841,0
          -115.14109,36.080883,0
          -115.140884,36.080765,0
          -115.140678,36.080635,0
        </coordinates>
      </LineString>
    </Placemark>
<Placemark>
      <name>DL715-2025-12-14</name>
      <TimeStamp>
        <when>2025-12-14</when>
      </TimeStamp>
      <LineString>
        <altitudeMode>absolute</altitudeMode>
        <coordinates>
          -118.406494,33.946003,0
          -118.406281,33.946018,0
          -118.406059,33.946095,0
          -118.405853,33.946049,0
          -118.405869,33.946251,0
          -118.405891,33.946461,0
          -118.405922,33.946671,0
          -118.405952,33.946884,0
          -118.405975,33.947102,0
          -118.406006,33.947311,0
          -118.406006,33.947533,0
          -118.406006,33.947765,0
          -118.406006,33.948097,0
          -118.405991,33.948463,0
          -118.405777,33.948639,0
          -118.405548,33.948685,0
          -118.405304,33.948727,0
          -118.405037,33.948753,0
          -118.404823,33.948765,0
          -118.404579,33.948795,0
          -118.404366,33.948814,0
          -118.404106,33.948849,0
          -118.403847,33.948872,0
          -118.40358,33.948898,0
          -118.403046,33.948952,0
          -118.402802,33.948975,0
          -118.402504,33.949009,0
          -118.402245,33.949036,0
          -118.402016,33.949059,0
          -118.401802,33.949081,0
          -118.401566,33.949104,0
          -118.401352,33.949127,0
          -118.400902,33.949173,0
          -118.400635,33.949196,0
          -118.400276,33.949242,0
          -118.399956,33.949268,0
          -118.399628,33.94931,0
          -118.399361,33.949425,0
          -118.399178,33.949631,0
          -118.399124,33.949871,0
          -118.399155,33.950138,0
          -118.399216,33.950371,0
          -118.399429,33.950443,0
          -118.399658,33.950409,0
          -118.40078,33.950306,0
          -118.403511,33.95002,0
          -118.408012,33.94957,0
          -118.412552,33.949081,0
          -118.414177,33.948944,7.62
          -118.416077,33.94873,0
          -118.421234,33.948219,7.62
          -118.429581,33.94743,129.54
          -118.435936,33.946869,251.46
          -118.437775,33.946655,289.56
          -118.445663,33.945892,388.62
          -118.452133,33.945194,441.96
          -118.460587,33.944183,487.68
          -118.469696,33.943424,518.16
          -118.472046,33.943283,533.4
          -118.479698,33.942947,571.5
          -118.482056,33.942867,586.74
          -118.484634,33.942818,594.36
          -118.487602,33.942764,594.36
          -118.490128,33.942772,609.6
          -118.49276,33.942764,617.22
          -118.495171,33.942719,632.46
          -118.49791,33.94268,647.7
          -118.501167,33.942635,662.94
          -118.503639,33.942535,678.18
          -118.506546,33.942402,693.42
          -118.508896,33.942215,716.28
          -118.511818,33.941895,731.52
          -118.5149,33.941422,762
          -118.517761,33.940796,784.86
          -118.520119,33.940063,807.72
          -118.523087,33.938919,838.2
          -118.525497,33.93782,861.06
          -118.528191,33.936447,876.3
          -118.530975,33.934906,891.54
          -118.533173,33.933609,906.78
          -118.535645,33.93219,914.4
          -118.538277,33.930542,929.64
          -118.539452,33.92981,937.26
          -118.542938,33.927597,967.74
          -118.545288,33.926105,990.6
          -118.547638,33.924591,1013.46
          -118.550606,33.922714,1036.32
          -118.553078,33.921112,1059.18
          -118.555923,33.919266,1089.66
          -118.558273,33.917728,1120.14
          -118.560501,33.916286,1143
          -118.562965,33.914654,1173.48
          -118.565857,33.912781,1211.58
          -118.575668,33.906368,1333.5
          -118.585808,33.89978,1455.42
          -118.593582,33.894779,1554.48
          -118.610306,33.883072,1752.6
          -118.612686,33.880718,1783.08
          -118.614517,33.87867,1805.94
          -118.616241,33.876389,1836.42
          -118.617668,33.874153,1866.9
          -118.618881,33.871811,1889.76
          -118.620071,33.869175,1920.24
          -118.620789,33.867096,1950.72
          -118.621513,33.864487,1981.2
          -118.622185,33.861374,2019.3
          -118.622528,33.8587,2042.16
          -118.62265,33.856277,2065.02
          -118.62265,33.853813,2080.26
          -118.62236,33.850552,2103.12
          -118.621964,33.848099,2125.98
          -118.621155,33.845058,2148.84
          -118.620468,33.84301,2164.08
          -118.61927,33.839996,2186.94
          -118.617981,33.837479,2217.42
          -118.616417,33.834869,2240.28
          -118.614792,33.832443,2270.76
          -118.612915,33.829651,2301.24
          -118.611427,33.827499,2324.1
          -118.609482,33.824715,2354.58
          -118.607559,33.82196,2385.06
          -118.606049,33.819782,2415.54
          -118.604584,33.817703,2438.4
          -118.602509,33.814709,2468.88
          -118.601166,33.812714,2491.74
          -118.599655,33.810516,2506.98
          -118.59803,33.808182,2529.84
          -118.596291,33.805756,2560.32
          -118.584198,33.788406,2766.06
          -118.573761,33.773529,2933.7
          -118.56311,33.75824,3078.48
          -118.551064,33.741016,3192.78
          -118.53772,33.721802,3276.6
          -118.526505,33.708481,3398.52
          -118.523926,33.706192,3421.38
          -118.521133,33.703819,3444.24
          -118.518547,33.701889,3467.1
          -118.515068,33.699463,3497.58
          -118.512329,33.697723,3512.82
          -118.509178,33.695908,3535.68
          -118.505287,33.693859,3558.54
          -118.502258,33.692413,3581.4
          -118.497963,33.690598,3604.26
          -118.494614,33.689346,3627.12
          -118.491379,33.688271,3649.98
          -118.487549,33.687103,3672.84
          -118.484184,33.686142,3695.7
          -118.480713,33.685135,3718.56
          -118.476448,33.683941,3749.04
          -118.472916,33.682938,3771.9
          -118.468895,33.681755,3794.76
          -118.465179,33.680683,3817.62
          -118.460587,33.679321,3848.1
          -118.456718,33.678177,3870.96
          -118.453156,33.677097,3893.82
          -118.449829,33.676117,3916.68
          -118.39254,33.659088,4145.28
          -118.362869,33.652939,4206.24
          -118.357658,33.652428,4229.1
          -118.352905,33.652054,4244.34
          -118.349136,33.651867,4259.58
          -118.344727,33.65168,4274.82
          -118.339691,33.651634,4290.06
          -118.335228,33.65168,4305.3
          -118.330994,33.65181,4328.16
          -118.326569,33.652084,4351.02
          -118.321518,33.652496,4381.5
          -118.317093,33.652908,4411.98
          -118.312912,33.653358,4434.84
          -118.308517,33.653824,4457.7
          -118.303467,33.654335,4488.18
          -118.29921,33.654739,4511.04
          -118.294785,33.655197,4526.28
          -118.290581,33.655609,4549.14
          -118.285904,33.656059,4572
          -118.280823,33.656525,4594.86
          -118.212334,33.662888,4869.18
          -118.141876,33.669559,5135.88
          -118.068222,33.676483,5440.68
          -117.99585,33.683243,5737.86
          -117.921295,33.690132,6019.8
          -117.845467,33.697083,6225.54
          -117.767326,33.704178,6431.28
          -117.693214,33.710896,6652.26
          -117.614655,33.717926,6926.58
          -117.537979,33.72477,7178.04
          -117.456894,33.731937,7406.64
          -117.381577,33.738556,7597.14
          -117.3004,33.745716,7772.4
          -117.221947,33.750885,7924.8
          -117.140381,33.74968,8100.06
          -117.058182,33.748184,8275.32
          -116.972183,33.746414,8442.96
          -116.888031,33.744553,8595.36
          -116.801933,33.74263,8747.76
          -116.719093,33.740688,8930.64
          -116.63887,33.738781,9098.28
          -116.553223,33.736633,9265.92
          -116.468353,33.734451,9425.94
          -116.38826,33.732376,9563.1
          -116.303398,33.730042,9700.26
          -116.219322,33.727707,9837.42
          -116.134064,33.725418,9989.82
          -116.072014,33.729034,10058.4
          -116.065346,33.729904,10058.4
          -116.060356,33.730637,10058.4
          -116.055336,33.731426,10058.4
          -116.048973,33.732513,10058.4
          -116.043945,33.733429,10058.4
          -116.038719,33.734436,10058.4
          -116.033478,33.735523,10058.4
          -116.027733,33.736816,10058.4
          -116.023026,33.737915,10058.4
          -116.017586,33.739243,10058.4
          -116.011337,33.740875,10058.4
          -116.006432,33.742218,10058.4
          -115.999718,33.744087,10058.4
          -115.994553,33.745514,10058.4
          -115.98967,33.746887,10058.4
          -115.906158,33.769924,10058.4
          -115.825722,33.79216,10058.4
          -115.743713,33.814774,10058.4
          -115.659943,33.837891,10058.4
          -115.579033,33.860096,10058.4
          -115.496063,33.882813,10058.4
          -115.415192,33.904861,10058.4
          -115.333069,33.927155,10058.4
          -115.248657,33.949997,10058.4
          -115.167549,33.971558,10058.4
          -115.083908,33.993889,10058.4
          -115.00135,34.009003,10058.4
          -114.91716,34.021088,10058.4
          -114.832634,34.033493,10058.4
          -114.752655,34.045326,10058.4
          -114.667511,34.05785,10058.4
          -114.583397,34.070095,10058.4
          -114.498138,34.082523,10058.4
          -114.413635,34.094696,10058.4
          -114.329391,34.106827,10058.4
          -114.245087,34.118866,10058.4
          -114.160172,34.130951,10058.4
          -114.075851,34.142761,10058.4
          -113.988983,34.154938,10058.4
          -113.90448,34.166782,10058.4
          -113.822784,34.178055,10058.4
          -113.734726,34.190277,10058.4
          -113.651489,34.201675,10058.4
          -113.56424,34.213615,10058.4
          -113.477264,34.225533,10058.4
          -113.392693,34.236877,10058.4
          -113.30555,34.248573,10058.4
          -113.220406,34.259979,10058.4
          -113.132217,34.271667,10058.4
          -113.041809,34.283661,10058.4
          -112.959183,34.294601,10058.4
          -112.870842,34.306091,10058.4
          -112.786598,34.317032,10058.4
          -112.702072,34.327881,10058.4
          -112.611038,34.3396,10058.4
          -112.522644,34.350906,10058.4
          -112.438339,34.361572,10058.4
          -112.35054,34.372684,10058.4
          -112.261162,34.383949,10058.4
          -112.178192,34.394375,10058.4
          -112.093849,34.404804,10058.4
          -112.003616,34.415928,10058.4
          -111.920189,34.426163,10058.4
          -111.833153,34.436737,10058.4
          -111.74366,34.447586,10058.4
          -111.654907,34.458294,10058.4
          -111.56723,34.468643,10058.4
          -111.478889,34.479218,10058.4
          -111.390999,34.489655,10058.4
          -111.301147,34.500275,10058.4
          -111.219193,34.509842,10058.4
          -111.135338,34.519455,10058.4
          -111.050812,34.529114,10058.4
          -110.963058,34.5392,10058.4
          -110.881927,34.548386,10058.4
          -110.796371,34.558052,10058.4
          -110.710182,34.567795,10058.4
          -110.623917,34.577374,10058.4
          -110.537201,34.587021,10058.4
          -110.448975,34.596634,10058.4
          -110.362183,34.60619,10058.4
          -110.275383,34.61573,10058.4
          -110.186981,34.62532,10058.4
          -110.102013,34.634445,10058.4
          -110.013,34.643875,10058.4
          -109.924622,34.653114,10058.4
          -109.83699,34.662323,10058.4
          -109.7528,34.671066,10058.4
          -109.664093,34.680206,10058.4
          -109.576462,34.689194,10058.4
          -109.488174,34.698212,10058.4
          -109.399612,34.707092,10058.4
          -109.315857,34.715542,10058.4
          -109.226128,34.72467,10058.4
          -109.137848,34.733368,10058.4
          -109.048752,34.742168,10058.4
          -108.957642,34.751038,10058.4
          -108.869408,34.759552,10058.4
          -108.778549,34.768238,10058.4
          -108.688034,34.776802,10058.4
          -108.597778,34.785461,10058.4
          -108.512589,34.793423,10058.4
          -108.424461,34.801666,10058.4
          -108.335281,34.809814,10058.4
          -108.244858,34.818096,10058.4
          -108.156197,34.826065,10058.4
          -108.068504,34.834015,10058.4
          -107.980331,34.841835,10058.4
          -107.89241,34.84964,10058.4
          -107.803963,34.857422,10058.4
          -107.715286,34.865067,10058.4
          -107.624817,34.872887,10058.4
          -107.5383,34.880241,10058.4
          -107.449722,34.887829,10058.4
          -107.35994,34.89537,10058.4
          -107.270393,34.902912,10058.4
          -107.180954,34.910313,10058.4
          -107.092369,34.917526,10058.4
          -107.002243,34.92485,10058.4
          -106.914352,34.931763,10058.4
          -106.829544,34.938492,10058.4
          -106.739563,34.945648,10058.4
          -106.65258,34.952454,10058.4
          -106.566353,34.959103,10058.4
          -106.482124,34.965546,10058.4
          -106.392502,34.972275,10058.4
          -106.308197,34.978638,10058.4
          -106.224007,34.984955,10058.4
          -106.136002,34.991501,10058.4
          -106.05114,34.997772,10058.4
          -105.962738,35.00407,10058.4
          -105.874512,35.010361,10058.4
          -105.784439,35.016724,10058.4
          -105.70182,35.022629,10058.4
          -105.617126,35.028652,10058.4
          -105.533211,35.034348,10058.4
          -105.448402,35.039978,10058.4
          -105.36158,35.045746,10058.4
          -105.271667,35.051743,10058.4
          -105.182884,35.057556,10058.4
          -105.094238,35.063377,10058.4
          -105.005951,35.069057,10058.4
          -104.921341,35.074493,10058.4
          -104.836807,35.079765,10058.4
          -104.752518,35.08498,10058.4
          -104.662918,35.090473,10058.4
          -104.57135,35.096054,10058.4
          -104.481323,35.101456,10058.4
          -104.395172,35.106537,10058.4
          -104.302254,35.11198,10058.4
          -104.21199,35.117249,10058.4
          -104.126846,35.122101,10058.4
          -104.041672,35.126923,10058.4
          -103.950806,35.13195,10058.4
          -103.865723,35.136604,10058.4
          -103.77697,35.141399,10058.4
          -103.692337,35.145821,10058.4
          -103.601692,35.150528,10058.4
          -103.516884,35.154877,10058.4
          -103.423279,35.159775,10058.4
          -103.335609,35.164169,10058.4
          -103.245049,35.168728,10058.4
          -103.154556,35.173233,10058.4
          -103.064003,35.17757,10058.4
          -102.972221,35.181885,10058.4
          -102.793465,35.190281,10058.4
          -102.701485,35.194427,10058.4
          -102.615852,35.198238,10058.4
          -102.527847,35.202011,10058.4
          -102.436584,35.205875,10058.4
          -102.34491,35.20974,10058.4
          -102.253761,35.213463,10058.4
          -102.162323,35.217186,10058.4
          -102.072685,35.220795,10058.4
          -101.979584,35.224548,10058.4
          -101.887146,35.228127,10058.4
          -101.798027,35.23143,10058.4
          -101.705872,35.234737,10058.4
          -101.618042,35.237595,10058.4
          -101.528259,35.240067,10058.4
          -101.440201,35.242401,10058.4
          -101.351509,35.244781,10058.4
          -101.262817,35.247116,10058.4
          -101.178879,35.24926,10058.4
          -101.089645,35.251591,10058.4
          -101.000412,35.253685,10058.4
          -100.912003,35.255768,10058.4
          -100.826851,35.257828,10058.4
          -100.738609,35.259781,10058.4
          -100.649757,35.261627,10058.4
          -100.560608,35.263508,10058.4
          -100.471085,35.265228,10058.4
          -100.386169,35.266953,10058.4
          -100.296524,35.268627,10058.4
          -100.211334,35.270187,10058.4
          -100.12236,35.271652,10058.4
          -100.033554,35.273003,10058.4
          -99.949287,35.274353,10058.4
          -99.864746,35.275589,10058.4
          -99.776428,35.276867,10058.4
          -99.688339,35.278152,10058.4
          -99.602623,35.279251,10058.4
          -99.513992,35.280304,10058.4
          -99.432053,35.281219,10058.4
          -99.3405,35.282089,10058.4
          -99.252205,35.283005,10058.4
          -99.163513,35.283691,10058.4
          -99.078712,35.28447,10058.4
          -98.990082,35.285156,10058.4
          -98.904533,35.285805,10058.4
          -98.813782,35.286457,10058.4
          -98.722733,35.286831,10058.4
          -98.632797,35.287109,10058.4
          -98.542572,35.287388,10058.4
          -98.455696,35.287766,10058.4
          -98.36644,35.28804,10058.4
          -98.276329,35.28841,10058.4
          -98.188995,35.288544,10058.4
          -98.099434,35.288506,10058.4
          -98.013763,35.288364,10058.4
          -97.924179,35.28804,10058.4
          -97.830971,35.287666,10058.4
          -97.742157,35.287445,10058.4
          -97.651917,35.287445,10058.4
          -97.566071,35.287388,10058.4
          -97.479935,35.287064,10058.4
          -97.391228,35.286549,10058.4
          -97.301056,35.285851,10058.4
          -97.210922,35.285156,10058.4
          -97.118683,35.284424,10058.4
          -97.033371,35.283783,10058.4
          -96.940956,35.282867,10058.4
          -96.848984,35.281803,10058.4
          -96.763626,35.280853,10058.4
          -96.671738,35.279892,10058.4
          -96.582329,35.278683,10058.4
          -96.488571,35.27742,10058.4
          -96.396851,35.276077,10058.4
          -96.309875,35.274902,10058.4
          -96.223068,35.273666,10058.4
          -96.130547,35.272259,10058.4
          -96.039108,35.270737,10058.4
          -95.946518,35.269135,10058.4
          -95.858696,35.267555,10058.4
          -95.771774,35.265884,10058.4
          -95.681419,35.264099,10058.4
          -95.595535,35.26236,10058.4
          -95.502487,35.260391,10058.4
          -95.410934,35.25824,10058.4
          -95.322128,35.25618,10058.4
          -95.230698,35.25412,10058.4
          -95.14283,35.251961,10058.4
          -95.051361,35.249725,10058.4
          -94.960152,35.247444,10058.4
          -94.872086,35.245258,10058.4
          -94.780281,35.24279,10058.4
          -94.687775,35.240139,10058.4
          -94.60006,35.237576,10058.4
          -94.507492,35.234783,10058.4
          -94.420509,35.232147,10058.4
          -94.329926,35.229401,10058.4
          -94.241791,35.226654,10058.4
          -94.150368,35.223724,10058.4
          -94.055725,35.220539,10058.4
          -93.9636,35.217361,10058.4
          -93.874054,35.214207,10058.4
          -93.782211,35.210903,10058.4
          -93.688881,35.207657,10058.4
          -93.600822,35.204498,10058.4
          -93.507668,35.200928,10058.4
          -93.420616,35.197449,10058.4
          -93.326401,35.193726,10058.4
          -93.234917,35.190079,10058.4
          -93.143097,35.186325,10058.4
          -93.052689,35.182709,10058.4
          -92.960365,35.178909,10058.4
          -92.867317,35.174919,10058.4
          -92.776108,35.170868,10058.4
          -92.684364,35.166641,10058.4
          -92.597977,35.16272,10058.4
          -92.50351,35.15844,10058.4
          -92.408699,35.154099,10058.4
          -92.315872,35.149612,10058.4
          -92.223526,35.145172,10058.4
          -92.131065,35.140686,10058.4
          -92.036339,35.13588,10058.4
          -91.944412,35.131111,10058.4
          -91.850914,35.126312,10058.4
          -91.758041,35.121429,10058.4
          -91.664314,35.116447,10058.4
          -91.572128,35.111652,10058.4
          -91.478279,35.106628,10058.4
          -91.386627,35.101505,10058.4
          -91.297302,35.096478,10058.4
          -91.203751,35.091122,10058.4
          -91.112823,35.085911,10058.4
          -91.021667,35.080601,10058.4
          -90.929352,35.07518,10058.4
          -90.839333,35.069824,10058.4
          -90.747292,35.064102,10058.4
          -90.654259,35.058304,10058.4
          -90.561447,35.052532,10058.4
          -90.468582,35.046761,10058.4
          -90.375992,35.040848,10058.4
          -90.283905,35.034988,10058.4
          -90.190598,35.029022,10058.4
          -90.096466,35.022858,10058.4
          -90.00206,35.016407,10058.4
          -89.909706,35.004768,10058.4
          -89.818039,34.991966,10058.4
          -89.725456,34.979095,10058.4
          -89.632935,34.965946,10058.4
          -89.542862,34.953144,10058.4
          -89.449112,34.939682,10058.4
          -89.357689,34.926636,10058.4
          -89.265633,34.913296,10058.4
          -89.174179,34.899902,10058.4
          -89.082306,34.88649,10058.4
          -88.989655,34.872887,10058.4
          -88.899292,34.859528,10058.4
          -88.807182,34.84584,10058.4
          -88.714256,34.831966,10058.4
          -88.624252,34.818562,10058.4
          -88.532822,34.804779,10058.4
          -88.442238,34.791092,10058.4
          -88.348801,34.776764,10058.4
          -88.257324,34.762665,10058.4
          -88.166199,34.748592,10058.4
          -88.072685,34.734055,10058.4
          -87.982178,34.719917,10058.4
          -87.892113,34.705811,10058.4
          -87.798843,34.691006,10058.4
          -87.707054,34.676376,10058.4
          -87.614006,34.661636,10058.4
          -87.521782,34.64711,10058.4
          -87.430573,34.632492,10058.4
          -87.338104,34.616291,10058.4
          -87.245468,34.598785,10058.4
          -87.151291,34.580978,10058.4
          -87.059311,34.563995,10058.4
          -86.966263,34.548065,10058.4
          -86.878052,34.528027,10058.4
          -86.788391,34.505032,9997.44
          -86.69928,34.481964,9837.42
          -86.609375,34.458481,9677.4
          -86.52002,34.434875,9525
          -86.429611,34.41095,9364.98
          -86.342178,34.387672,9204.96
          -86.256462,34.365005,9052.56
          -86.167847,34.341568,8892.54
          -86.082626,34.319099,8724.9
          -85.995941,34.296711,8389.62
          -85.910896,34.274734,8046.72
          -85.82682,34.253082,7703.82
          -85.744034,34.231339,7360.92
          -85.66584,34.210785,7033.26
          -85.591446,34.191269,6713.22
          -85.514442,34.170914,6377.94
          -85.438766,34.150864,6042.66
          -85.366226,34.131683,5722.62
          -85.292984,34.112873,5379.72
          -85.218887,34.093742,4991.1
          -85.145813,34.074703,4610.1
          -85.074036,34.054047,4213.86
          -85.07,34.052307,4198.62
          -85.064842,34.049881,4175.76
          -85.060959,34.047935,4160.52
          -85.055817,34.045166,4145.28
          -85.05217,34.04306,4130.04
          -85.048195,34.040634,4122.42
          -85.04483,34.038483,4114.8
          -85.040291,34.035461,4107.18
          -85.036476,34.032898,4099.56
          -85.033791,34.031067,4091.94
          -85.029259,34.028057,4076.7
          -85.025658,34.025665,4069.08
          -85.020782,34.022415,4053.84
          -85.016968,34.019943,4046.22
          -85.013519,34.017673,4038.6
          -85.010086,34.015442,4030.98
          -84.952126,33.977734,3863.34
          -84.894554,33.939743,3703.32
          -84.840889,33.904228,3550.92
          -84.81546,33.88765,3512.82
          -84.793854,33.873596,3512.82
          -84.772804,33.859772,3520.44
          -84.747299,33.843063,3512.82
          -84.725708,33.828766,3512.82
          -84.704422,33.814663,3512.82
          -84.683418,33.800694,3512.82
          -84.662132,33.786404,3512.82
          -84.644562,33.774673,3512.82
          -84.625687,33.76215,3528.06
          -84.609245,33.752243,3520.44
          -84.60125,33.748371,3520.44
          -84.598259,33.747025,3512.82
          -84.594612,33.745483,3512.82
          -84.591866,33.744366,3505.2
          -84.588943,33.743298,3497.58
          -84.586143,33.742271,3482.34
          -84.582886,33.741203,3459.48
          -84.57991,33.740223,3444.24
          -84.576988,33.739388,3421.38
          -84.574097,33.738602,3406.14
          -84.571213,33.73785,3383.28
          -84.567711,33.737045,3360.42
          -84.564857,33.7365,3345.18
          -84.561478,33.735847,3329.94
          -84.558502,33.735336,3314.7
          -84.555542,33.734848,3299.46
          -84.552406,33.734436,3284.22
          -84.549438,33.73407,3268.98
          -84.546494,33.733753,3253.74
          -84.5438,33.733566,3238.5
          -84.539909,33.733292,3215.64
          -84.53727,33.733154,3200.4
          -84.533852,33.733017,3177.54
          -84.530983,33.732964,3162.3
          -84.527603,33.732964,3147.06
          -84.524658,33.732971,3131.82
          -84.521973,33.732971,3116.58
          -84.518738,33.732964,3101.34
          -84.515358,33.732971,3086.1
          -84.511993,33.732971,3070.86
          -84.509064,33.732964,3055.62
          -84.506279,33.732925,3040.38
          -84.487442,33.732914,2948.94
          -84.469391,33.732971,2865.12
          -84.448425,33.7332,2766.06
          -84.43045,33.733379,2651.76
          -84.410706,33.733429,2514.6
          -84.389938,33.733196,2377.44
          -84.372826,33.733055,2316.48
          -84.353928,33.733017,2225.04
          -84.337219,33.733017,2125.98
          -84.321838,33.732964,2049.78
          -84.303589,33.732834,1958.34
          -84.288399,33.732788,1866.9
          -84.269714,33.732914,1760.22
          -84.252861,33.733063,1668.78
          -84.242546,33.73233,1615.44
          -84.240082,33.731735,1600.2
          -84.237785,33.731003,1584.96
          -84.23555,33.730076,1577.34
          -84.232964,33.728714,1562.1
          -84.231033,33.72747,1554.48
          -84.229149,33.726013,1546.86
          -84.227303,33.724319,1539.24
          -84.225708,33.72258,1531.62
          -84.223991,33.720245,1516.38
          -84.222733,33.718063,1508.76
          -84.221878,33.716156,1501.14
          -84.221138,33.71402,1493.52
          -84.220566,33.711826,1485.9
          -84.220215,33.709641,1478.28
          -84.220047,33.707638,1470.66
          -84.219933,33.704845,1463.04
          -84.219879,33.702518,1455.42
          -84.219818,33.700188,1455.42
          -84.219788,33.698364,1447.8
          -84.219734,33.695618,1440.18
          -84.219681,33.693466,1424.94
          -84.21962,33.691177,1417.32
          -84.219589,33.689156,1402.08
          -84.219528,33.686874,1394.46
          -84.219513,33.685364,1386.84
          -84.219757,33.681942,1371.6
          -84.220161,33.679798,1356.36
          -84.220688,33.677719,1348.74
          -84.221527,33.675659,1341.12
          -84.222595,33.673599,1341.12
          -84.223877,33.671654,1333.5
          -84.225197,33.670025,1333.5
          -84.227074,33.668106,1333.5
          -84.228424,33.666916,1325.88
          -84.230576,33.665321,1325.88
          -84.232635,33.664158,1318.26
          -84.234535,33.663208,1310.64
          -84.236938,33.662201,1303.02
          -84.238876,33.661457,1295.4
          -84.240707,33.660854,1287.78
          -84.243385,33.659912,1264.92
          -84.245522,33.659271,1257.3
          -84.247398,33.658665,1242.06
          -84.249573,33.658012,1226.82
          -84.251572,33.657394,1211.58
          -84.254318,33.656616,1196.34
          -84.256279,33.656021,1181.1
          -84.258469,33.65538,1165.86
          -84.260727,33.654709,1150.62
          -84.263123,33.654007,1135.38
          -84.265305,33.653366,1112.52
          -84.267265,33.652771,1104.9
          -84.275833,33.650425,1036.32
          -84.278366,33.649887,1021.08
          -84.280777,33.649475,998.22
          -84.282516,33.649292,990.6
          -84.284935,33.649075,975.36
          -84.287109,33.648983,960.12
          -84.28894,33.648983,952.5
          -84.290924,33.648972,944.88
          -84.292992,33.649017,937.26
          -84.295181,33.649075,929.64
          -84.297195,33.649155,914.4
          -84.299072,33.649166,906.78
          -84.301064,33.649246,891.54
          -84.30336,33.649261,883.92
          -84.305359,33.649353,868.68
          -84.307312,33.649399,861.06
          -84.309143,33.649448,853.44
          -84.311028,33.649494,838.2
          -84.312729,33.649521,822.96
          -84.320122,33.649567,754.38
          -84.326683,33.649475,693.42
          -84.331169,33.649494,662.94
          -84.332825,33.649494,655.32
          -84.334488,33.649494,647.7
          -84.336205,33.64954,632.46
          -84.337784,33.649567,624.84
          -84.339798,33.649567,609.6
          -84.343185,33.649586,579.12
          -84.34462,33.649567,571.5
          -84.346466,33.649521,556.26
          -84.347755,33.649521,541.02
          -84.349724,33.649475,525.78
          -84.352684,33.649448,495.3
          -84.359497,33.64954,434.34
          -84.365555,33.64954,396.24
          -84.370308,33.649586,373.38
          -84.376793,33.649567,342.9
          -84.381561,33.649567,320.04
          -84.388176,33.649521,281.94
          -84.394623,33.64954,251.46
          -84.401062,33.649521,220.98
          -84.40773,33.64954,190.5
          -84.414886,33.64954,152.4
          -84.421501,33.649559,0
          -84.425056,33.649551,0
          -84.427605,33.649555,0
          -84.429718,33.64954,0
          -84.43,33.649532,0
          -84.430664,33.649483,0
          -84.431847,33.649239,0
          -84.432159,33.649132,0
          -84.432388,33.64904,0
          -84.432709,33.648903,0
          -84.433014,33.648766,0
          -84.433311,33.64864,0
          -84.433563,33.64856,0
          -84.433884,33.648495,0
          -84.434151,33.648457,0
          -84.434837,33.64843,0
          -84.435081,33.648441,0
          -84.435455,33.648445,0
          -84.435814,33.648445,0
          -84.436432,33.648441,0
          -84.436684,33.648441,0
          -84.437386,33.648445,0
          -84.437683,33.648445,0
          -84.437897,33.648445,0
          -84.438156,33.648434,0
          -84.438744,33.648251,0
          -84.439018,33.64806,0
          -84.439308,33.64793,0
          -84.439522,33.647869,0
          -84.439751,33.647839,0
          -84.440002,33.64785,0
          -84.440338,33.64782,0
          -84.440666,33.647839,0
          -84.440918,33.647861,0
          -84.441147,33.647839,0
          -84.441391,33.647839,0
          -84.44162,33.647839,0
          -84.441948,33.647839,0
          -84.442162,33.647839,0
          -84.442436,33.647839,0
          -84.442688,33.647789,0
          -84.442917,33.647629,0
          -84.443161,33.647339,0
          -84.443336,33.646969,0
          -84.443352,33.646759,0
          -84.44323,33.64629,0
          -84.443031,33.64603,0
          -84.442802,33.645821,0
          -84.442459,33.645748,0
          -84.442238,33.645748,0
          -84.442001,33.645771,0
          -84.441757,33.64576,0
          -84.441521,33.64571,0
          -84.441193,33.645569,0
          -84.440941,33.64542,0
          -84.440689,33.645248,0
          -84.440453,33.645069,0
          -84.440422,33.644829,0
          -84.44046,33.64455,0
          -84.440308,33.644341,0
          -84.440102,33.644241,0
          -84.439827,33.644249,0
          -84.439552,33.644329,0
          -84.439293,33.644348,0
          -84.43882,33.644402,0
          -84.438599,33.644421,0
          -84.438362,33.64447,0
          -84.438103,33.644482,0
          -84.437866,33.644531,0
          -84.437622,33.644539,0
          -84.437317,33.644566,0
          -84.437042,33.644581,0
          -84.436752,33.644592,0
          -84.436249,33.644581,0
          -84.435646,33.6446,0
          -84.435127,33.6446,0
          -84.434921,33.6446,0
          -84.434601,33.6446,0
          -84.434288,33.6446,0
          -84.433983,33.6446,0
          -84.433769,33.6446,0
          -84.433563,33.6446,0
          -84.433258,33.6446,0
          -84.432938,33.6446,0
          -84.432648,33.6446,0
          -84.432381,33.6446,0
          -84.432152,33.6446,0
          -84.431938,33.6446,0
          -84.431702,33.644569,0
          -84.431473,33.644428,0
          -84.431313,33.644161,0
          -84.431297,33.643929,0
          -84.431297,33.643688,0
          -84.431313,33.643459,0
          -84.431297,33.643242,0
          -84.431297,33.642929,0
          -84.431297,33.642719,0
          -84.431297,33.642471,0
          -84.431313,33.642231,0
          -84.431313,33.64201,0
          -84.431305,33.641674,0
          -84.431305,33.641384,0
          -84.431305,33.641148,0
          -84.431305,33.640835,0
          -84.431305,33.640297,0
          -84.431305,33.639858,0
          -84.431305,33.639019,0
          -84.43129,33.638546,0
          -84.43129,33.638065,0
          -84.43129,33.637714,0
          -84.43129,33.637493,0
          -84.43129,33.637264,0
          -84.431335,33.636993,0
          -84.431541,33.636772,0
          -84.431755,33.636692,0
          -84.432007,33.636658,0
          -84.432213,33.636646,0
          -84.43248,33.636646,0
          -84.432739,33.636646,0
          -84.432945,33.636635,0
          -84.433212,33.636635,0
          -84.433533,33.636646,0
          -84.434006,33.636646,0
          -84.434212,33.636681,0
          -84.434425,33.636806,0
          -84.43454,33.637024,0
          -84.43457,33.637241,0
          -84.434586,33.63747,0
          -84.434586,33.637699,0
          -84.434586,33.637917,0
          -84.434555,33.638145,0
          -84.434196,33.638355,0
          -84.433929,33.638531,0
          -84.433937,33.638741,0
          -84.433968,33.63903,0
          -84.433922,33.639336,0
          -84.433922,33.639648,0
          -84.433922,33.640675,0
          -84.433922,33.641079,0
          -84.433922,33.641304,0
          -84.433754,33.64151,0
          -84.433365,33.641521,0
          -84.433151,33.641521,0
        </coordinates>
      </LineString>
    </Placemark>
<Placemark>
      <name>DL301-2025-12-03</name>
      <TimeStamp>
        <when>2025-12-03</when>
      </TimeStamp>
      <LineString>
        <altitudeMode>absolute</altitudeMode>
        <coordinates>
          -84.426109,33.641235,0
          -84.426384,33.641243,0
          -84.426598,33.641232,0
          -84.426857,33.641209,0
          -84.427071,33.641186,0
          -84.42733,33.641277,0
          -84.427322,33.641006,0
          -84.42733,33.640766,0
          -84.42733,33.638729,0
          -84.427322,33.638203,0
          -84.42733,33.63768,0
          -84.427322,33.63747,0
          -84.42733,33.63726,0
          -84.427322,33.637024,0
          -84.427284,33.636806,0
          -84.427101,33.6366,0
          -84.426826,33.636517,0
          -84.426582,33.636528,0
          -84.426369,33.636539,0
          -84.426147,33.636543,0
          -84.42588,33.636551,0
          -84.425514,33.636555,0
          -84.425064,33.636551,0
          -84.424438,33.636551,0
          -84.423935,33.636555,0
          -84.423149,33.636562,0
          -84.42231,33.636562,0
          -84.421455,33.636566,0
          -84.420349,33.636555,0
          -84.418648,33.636555,0
          -84.417511,33.636562,0
          -84.416382,33.636555,0
          -84.415169,33.636551,0
          -84.414169,33.636551,0
          -84.413124,33.636551,0
          -84.412033,33.636555,0
          -84.410957,33.636555,0
          -84.409973,33.636555,0
          -84.409134,33.636551,0
          -84.408401,33.636551,0
          -84.407791,33.636532,0
          -84.407509,33.63636,0
          -84.407417,33.636097,0
          -84.407417,33.635853,0
          -84.407425,33.635605,0
          -84.40741,33.635307,0
          -84.407417,33.634933,0
          -84.40744,33.634724,0
          -84.407677,33.634644,0
          -84.407959,33.634712,0
          -84.408234,33.634701,0
          -84.409615,33.634701,0
          -84.412148,33.634712,0
          -84.415283,33.634735,251.46
          -84.42057,33.634735,243.84
          -84.426727,33.634689,243.84
          -84.434448,33.634689,342.9
          -84.440079,33.634689,434.34
          -84.447899,33.634689,563.88
          -84.45488,33.634689,670.56
          -84.462219,33.634689,762
          -84.470047,33.634785,815.34
          -84.478981,33.634918,861.06
          -84.487831,33.635101,899.16
          -84.495506,33.635201,922.02
          -84.506149,33.635387,975.36
          -84.514389,33.635483,1013.46
          -84.526291,33.635529,1104.9
          -84.534859,33.635513,1203.96
          -84.545959,33.635422,1348.74
          -84.554871,33.63533,1470.66
          -84.56636,33.635239,1615.44
          -84.583519,33.635056,1821.18
          -84.604202,33.634964,2042.16
          -84.624771,33.634922,2255.52
          -84.643433,33.634964,2476.5
          -84.661331,33.634968,2705.1
          -84.679245,33.635155,2910.84
          -84.699211,33.635296,3131.82
          -84.717178,33.635342,3253.74
          -84.72953,33.636658,3322.32
          -84.731773,33.637161,3337.56
          -84.73555,33.638229,3352.8
          -84.738808,33.639297,3375.66
          -84.741585,33.64032,3390.9
          -84.744446,33.641418,3406.14
          -84.747864,33.642746,3421.38
          -84.750893,33.64389,3436.62
          -84.754364,33.645218,3451.86
          -84.757233,33.646328,3467.1
          -84.760757,33.64769,3482.34
          -84.763611,33.648743,3497.58
          -84.766678,33.649914,3512.82
          -84.770454,33.651352,3528.06
          -84.773369,33.652519,3535.68
          -84.793335,33.660202,3604.26
          -84.814743,33.668301,3665.22
          -84.870361,33.689716,3947.16
          -84.924484,33.710758,4297.68
          -84.982666,33.733521,4709.16
          -85.038986,33.755352,5128.26
          -85.095161,33.777145,5387.34
          -85.153313,33.799812,5730.24
          -85.200935,33.816101,5890.26
          -85.205811,33.817062,5897.88
          -85.209961,33.81778,5905.5
          -85.21402,33.818386,5920.74
          -85.218933,33.819031,5935.98
          -85.222717,33.819408,5943.6
          -85.227646,33.819782,5958.84
          -85.23159,33.820061,5974.08
          -85.236359,33.820404,5989.32
          -85.239555,33.820587,6004.56
          -85.244659,33.820953,6027.42
          -85.250153,33.821274,6050.28
          -85.253792,33.821503,6065.52
          -85.257828,33.821732,6088.38
          -85.262764,33.822052,6118.86
          -85.329857,33.825348,6438.9
          -85.396225,33.82814,6720.84
          -85.462143,33.830658,6995.16
          -85.529999,33.83342,7284.72
          -85.597061,33.836449,7536.18
          -85.652557,33.841709,7726.68
          -85.656799,33.842686,7741.92
          -85.659843,33.84343,7757.16
          -85.666176,33.845215,7780.02
          -85.670319,33.846497,7795.26
          -85.675423,33.848145,7810.5
          -85.679169,33.849342,7825.74
          -85.683578,33.850834,7840.98
          -85.687866,33.852219,7856.22
          -85.692101,33.853626,7871.46
          -85.696793,33.855114,7886.7
          -85.70137,33.856606,7909.56
          -85.706085,33.858078,7924.8
          -85.710007,33.85936,7940.04
          -85.777771,33.880051,8138.16
          -85.844307,33.900742,8336.28
          -85.912003,33.922195,8526.78
          -85.981415,33.944138,8702.04
          -86.050072,33.965771,8877.3
          -86.119705,33.987511,9044.94
          -86.190033,34.007248,9258.3
          -86.259216,34.026382,9403.08
          -86.330681,34.046585,9525
          -86.401917,34.066788,9738.36
          -86.472816,34.086853,9974.58
          -86.54351,34.106781,10203.18
          -86.612625,34.12619,10462.26
          -86.680557,34.145279,10759.44
          -86.747147,34.163864,10995.66
          -86.812729,34.182083,11148.06
          -86.878395,34.200348,11330.94
          -86.94429,34.218658,11551.92
          -87.010345,34.236935,11582.4
          -87.076035,34.255047,11582.4
          -87.141876,34.273178,11582.4
          -87.207008,34.291122,11582.4
          -87.273727,34.309418,11582.4
          -87.339737,34.327469,11582.4
          -87.405823,34.345459,11582.4
          -87.471199,34.363232,11582.4
          -87.536713,34.381016,11582.4
          -87.603264,34.39917,11582.4
          -87.668541,34.416824,11582.4
          -87.734184,34.434494,11582.4
          -87.799644,34.452103,11582.4
          -87.863495,34.469193,11582.4
          -87.929764,34.486923,11582.4
          -87.995216,34.50444,11582.4
          -88.062683,34.522396,11582.4
          -88.127457,34.539574,11582.4
          -88.19252,34.556797,11582.4
          -88.259621,34.574615,11582.4
          -88.323959,34.591618,11582.4
          -88.391235,34.609268,11582.4
          -88.458595,34.626904,11582.4
          -88.520966,34.643246,11582.4
          -88.589111,34.661026,11582.4
          -88.656021,34.678482,11582.4
          -88.724045,34.69622,11582.4
          -88.787354,34.712585,11582.4
          -88.852325,34.729366,11582.4
          -88.917961,34.746277,11582.4
          -88.985222,34.763626,11582.4
          -89.052315,34.780853,11582.4
          -89.117958,34.797638,11582.4
          -89.186279,34.815125,11582.4
          -89.253433,34.832153,11582.4
          -89.319298,34.848953,11582.4
          -89.384933,34.865623,11582.4
          -89.452911,34.88271,11582.4
          -89.519737,34.899536,11582.4
          -89.586182,34.916321,11582.4
          -89.649521,34.932148,11582.4
          -89.716812,34.948952,11582.4
          -89.784737,34.965851,11582.4
          -89.851738,34.98262,11582.4
          -89.918945,34.999283,11582.4
          -89.986549,35.016083,11582.4
          -90.052986,35.031536,11582.4
          -90.12114,35.046154,11582.4
          -90.189903,35.061264,11582.4
          -90.254631,35.075668,11582.4
          -90.322723,35.090843,11582.4
          -90.388168,35.105209,11582.4
          -90.45462,35.119755,11582.4
          -90.521278,35.134369,11582.4
          -90.587479,35.148895,11582.4
          -90.655457,35.1637,11582.4
          -90.723328,35.178455,11582.4
          -90.791298,35.193192,11582.4
          -90.857491,35.20752,11582.4
          -90.924568,35.221981,11582.4
          -90.991455,35.236412,11582.4
          -91.058746,35.250824,11582.4
          -91.124985,35.26495,11582.4
          -91.192833,35.279381,11582.4
          -91.25811,35.293301,11582.4
          -91.326836,35.307823,11582.4
          -91.394974,35.322208,11582.4
          -91.461472,35.336197,11582.4
          -91.527672,35.350204,11582.4
          -91.593475,35.363983,11582.4
          -91.658295,35.377419,11582.4
          -91.724335,35.391129,11582.4
          -91.791237,35.40498,11582.4
          -91.856339,35.41843,11582.4
          -91.923073,35.432213,11582.4
          -91.990105,35.445992,11582.4
          -92.055756,35.459427,11582.4
          -92.121216,35.472839,11582.4
          -92.187424,35.486298,11582.4
          -92.253716,35.49976,11582.4
          -92.322266,35.51368,11582.4
          -92.389938,35.527317,11582.4
          -92.456734,35.540771,11582.4
          -92.524734,35.554413,11582.4
          -92.592712,35.56805,11582.4
          -92.660385,35.581459,11582.4
          -92.727768,35.594864,11582.4
          -92.796371,35.608459,11582.4
          -92.865501,35.622097,11582.4
          -92.934517,35.635693,11582.4
          -93.00087,35.648758,11582.4
          -93.068398,35.661945,11582.4
          -93.136482,35.675171,11582.4
          -93.20343,35.688171,11582.4
          -93.272438,35.701584,11582.4
          -93.34156,35.714905,11582.4
          -93.409882,35.728088,11582.4
          -93.479401,35.741409,11582.4
          -93.548347,35.754585,11582.4
          -93.617363,35.767731,11582.4
          -93.686905,35.780888,11582.4
          -93.756523,35.794052,11582.4
          -93.826454,35.807236,11582.4
          -93.896408,35.820412,11582.4
          -93.96595,35.833492,11582.4
          -94.036674,35.846695,11582.4
          -94.102875,35.858963,11582.4
          -94.174515,35.872223,11582.4
          -94.245628,35.885399,11582.4
          -94.31591,35.898331,11582.4
          -94.386406,35.91124,11582.4
          -94.456184,35.923988,11582.4
          -94.52774,35.937057,11582.4
          -94.597488,35.949734,11582.4
          -94.668312,35.96249,11582.4
          -94.73671,35.974823,11582.4
          -94.806404,35.987301,11582.4
          -94.877228,36.000008,11582.4
          -94.948196,36.01268,11582.4
          -95.017433,36.025726,11582.4
          -95.084671,36.041107,11582.4
          -95.154922,36.05685,11582.4
          -95.226685,36.072769,11582.4
          -95.296669,36.088394,11582.4
          -95.364426,36.103401,11582.4
          -95.435196,36.119064,11582.4
          -95.501991,36.133755,11582.4
          -95.573051,36.149303,11582.4
          -95.6437,36.164803,11582.4
          -95.712662,36.17981,11582.4
          -95.784416,36.195389,11582.4
          -95.853539,36.20668,11582.4
          -95.921692,36.2173,11582.4
          -95.994354,36.228836,11582.4
          -96.066208,36.240219,11582.4
          -96.136841,36.251266,11582.4
          -96.20945,36.262573,11582.4
          -96.276527,36.272991,11582.4
          -96.345177,36.283585,11582.4
          -96.416412,36.294479,11582.4
          -96.488594,36.305576,11582.4
          -96.559296,36.31636,11582.4
          -96.632652,36.32753,11582.4
          -96.704231,36.338398,11582.4
          -96.771088,36.348545,11582.4
          -96.84082,36.359024,11582.4
          -96.91198,36.369633,11582.4
          -96.981926,36.380035,11582.4
          -97.052307,36.390472,11582.4
          -97.122864,36.400864,11582.4
          -97.195107,36.411484,11582.4
          -97.266754,36.422005,11582.4
          -97.337814,36.432339,11582.4
          -97.407883,36.44249,11582.4
          -97.480255,36.452957,11582.4
          -97.547668,36.462646,11582.4
          -97.615044,36.472328,11582.4
          -97.685875,36.482384,11582.4
          -97.757111,36.492485,11582.4
          -97.827698,36.502487,11582.4
          -97.899742,36.51265,11582.4
          -97.971207,36.522629,11582.4
          -98.039658,36.532196,11582.4
          -98.10762,36.541626,11582.4
          -98.174973,36.550964,11582.4
          -98.243927,36.56044,11582.4
          -98.314934,36.57019,11582.4
          -98.38485,36.579723,11582.4
          -98.452171,36.588848,11582.4
          -98.519958,36.597973,11582.4
          -98.591248,36.607609,11582.4
          -98.659386,36.616734,11582.4
          -98.728699,36.625992,11582.4
          -98.796219,36.634964,11582.4
          -98.865379,36.644108,11582.4
          -98.936234,36.653412,11582.4
          -99.008263,36.662868,11582.4
          -99.075935,36.671665,11582.4
          -99.147377,36.680923,11582.4
          -99.218445,36.690125,11582.4
          -99.285316,36.698666,11582.4
          -99.354973,36.707565,11582.4
          -99.425751,36.716537,11582.4
          -99.492249,36.724968,11582.4
          -99.563255,36.733978,11582.4
          -99.630722,36.742447,11582.4
          -99.699669,36.751007,11582.4
          -99.768135,36.75951,11582.4
          -99.838028,36.768173,11582.4
          -99.907669,36.776688,11582.4
          -99.977936,36.785294,11582.4
          -100.046646,36.793633,11582.4
          -100.117241,36.802197,11582.4
          -100.187531,36.810654,11582.4
          -100.258423,36.819141,11582.4
          -100.329956,36.827728,11582.4
          -100.401245,36.836197,11590.02
          -100.473595,36.844654,11582.4
          -100.544945,36.853043,11582.4
          -100.613747,36.861134,11582.4
          -100.688324,36.869793,11582.4
          -100.761574,36.878265,11582.4
          -100.834732,36.886688,11582.4
          -100.904343,36.894608,11582.4
          -100.977737,36.902893,11582.4
          -101.050087,36.911087,11582.4
          -101.122108,36.919182,11582.4
          -101.194366,36.9272,11582.4
          -101.267555,36.935383,11582.4
          -101.33976,36.943405,11582.4
          -101.409241,36.951004,11582.4
          -101.482468,36.958969,11582.4
          -101.552361,36.966526,11582.4
          -101.623009,36.974213,11582.4
          -101.692856,36.981655,11582.4
          -101.764664,36.989319,11582.4
          -101.837051,36.997017,11582.4
          -101.912514,37.004974,11582.4
          -101.989426,37.012985,11582.4
          -102.064331,37.020813,11582.4
          -102.140358,37.028732,11582.4
          -102.210526,37.035934,11582.4
          -102.2854,37.043571,11582.4
          -102.360397,37.051159,11582.4
          -102.436226,37.058792,11582.4
          -102.511383,37.06636,11582.4
          -102.587234,37.073868,11582.4
          -102.658875,37.080952,11582.4
          -102.734734,37.088379,11582.4
          -102.811577,37.095932,11582.4
          -102.888542,37.103394,11582.4
          -102.966316,37.11084,11582.4
          -103.040176,37.117962,11582.4
          -103.118095,37.125317,11582.4
          -103.198143,37.132874,11582.4
          -103.279663,37.140491,11582.4
          -103.359253,37.147942,11582.4
          -103.434761,37.154938,11582.4
          -103.513123,37.162094,11582.4
          -103.593422,37.169403,11582.4
          -103.672005,37.17643,11582.4
          -103.748436,37.183273,11582.4
          -103.828445,37.190395,11582.4
          -103.903725,37.197052,11582.4
          -103.98571,37.204193,11582.4
          -104.060455,37.210739,11582.4
          -104.140396,37.21756,11582.4
          -104.215141,37.223969,11582.4
          -104.294731,37.230698,11582.4
          -104.372269,37.237228,11582.4
          -104.454033,37.244019,11582.4
          -104.52906,37.250217,11582.4
          -104.610359,37.256836,11582.4
          -104.692665,37.263622,11582.4
          -104.774582,37.270233,11582.4
          -104.856087,37.276752,11582.4
          -104.933754,37.282883,11582.4
          -105.013771,37.289135,11582.4
          -105.095154,37.295517,11582.4
          -105.172409,37.301514,11582.4
          -105.251236,37.307522,11582.4
          -105.329269,37.313435,11582.4
          -105.409439,37.319458,11582.4
          -105.490135,37.325455,11582.4
          -105.570839,37.331451,11582.4
          -105.650436,37.337265,11582.4
          -105.731224,37.343136,11582.4
          -105.809502,37.348629,11582.4
          -105.889038,37.351048,11582.4
          -105.972252,37.353012,11582.4
          -106.05365,37.35519,11582.4
          -106.131874,37.357101,11582.4
          -106.211906,37.358917,11582.4
          -106.294159,37.360779,11582.4
          -106.377281,37.362625,11582.4
          -106.460503,37.36441,11582.4
          -106.543556,37.366131,11582.4
          -106.627571,37.367855,11582.4
          -106.711342,37.369438,11582.4
          -106.795174,37.371017,11582.4
          -106.875061,37.372421,11582.4
          -106.959007,37.373859,11582.4
          -107.042664,37.37521,11582.4
          -107.128166,37.37656,11582.4
          -107.207626,37.377731,11582.4
          -107.290627,37.378933,11582.4
          -107.375595,37.380096,11582.4
          -107.458946,37.381168,11582.4
          -107.542419,37.382145,11582.4
          -107.627563,37.383121,11582.4
          -107.712532,37.384052,11582.4
          -107.79744,37.384918,11582.4
          -107.879662,37.385651,11582.4
          -107.96653,37.386429,11582.4
          -108.048447,37.387081,11582.4
          -108.135742,37.387711,11582.4
          -108.220169,37.38829,11582.4
          -108.301315,37.38871,11582.4
          -108.389008,37.389084,11582.4
          -108.468735,37.389454,11582.4
          -108.554504,37.389679,11582.4
          -108.642456,37.385513,11582.4
          -108.724037,37.380981,11582.4
          -108.77581,37.378281,11582.4
          -108.898468,37.371643,11582.4
          -108.98539,37.366737,11582.4
          -109.069229,37.361984,11582.4
          -109.158867,37.356857,11582.4
          -109.239517,37.352188,11582.4
          -109.324715,37.347137,11582.4
          -109.411385,37.34198,11582.4
          -109.499794,37.33667,11582.4
          -109.588142,37.331264,11582.4
          -109.674644,37.325912,11582.4
          -109.764343,37.320328,11582.4
          -109.851303,37.314789,11582.4
          -109.937202,37.309292,11582.4
          -110.025627,37.303566,11582.4
          -110.116844,37.297577,11582.4
          -110.202919,37.291855,11582.4
          -110.292168,37.285873,11582.4
          -110.3787,37.279999,11582.4
          -110.461678,37.27433,11582.4
          -110.549751,37.268185,11582.4
          -110.639336,37.261917,11582.4
          -110.723137,37.256058,11582.4
          -110.811028,37.249741,11582.4
          -110.899094,37.243332,11582.4
          -110.987511,37.236877,11582.4
          -111.075302,37.230431,11582.4
          -111.1661,37.22319,11582.4
          -111.249054,37.210369,11582.4
          -111.337608,37.188492,11582.4
          -111.425674,37.164413,11582.4
          -111.507317,37.142578,11582.4
          -111.591362,37.119778,11582.4
          -111.678177,37.096035,11582.4
          -111.764992,37.072155,11582.4
          -111.851166,37.048462,11582.4
          -111.933189,37.025833,11582.4
          -112.021736,37.001347,11582.4
          -112.104256,36.978443,11582.4
          -112.19133,36.954025,11582.4
          -112.273705,36.930962,11582.4
          -112.35601,36.907928,11582.4
          -112.43808,36.885014,11582.4
          -112.520958,36.861691,11582.4
          -112.602737,36.8386,11582.4
          -112.687515,36.814545,11582.4
          -112.770042,36.791023,11582.4
          -112.852768,36.767532,11582.4
          -112.933548,36.744286,11582.4
          -113.015839,36.720703,11582.4
          -113.09967,36.696625,11582.4
          -113.181915,36.672874,11582.4
          -113.264137,36.648899,11582.4
          -113.339867,36.621433,11582.4
          -113.418617,36.583557,11582.4
          -113.488129,36.543739,11582.4
          -113.562462,36.501656,11582.4
          -113.634171,36.461105,11582.4
          -113.706161,36.419956,11582.4
          -113.776871,36.37944,11582.4
          -113.84758,36.338863,11582.4
          -113.92244,36.295807,11582.4
          -113.995575,36.253647,11582.4
          -114.069115,36.211124,11582.4
          -114.142166,36.1689,11582.4
          -114.215813,36.126205,11582.4
          -114.289078,36.082592,11582.4
          -114.3564,36.034504,11475.72
          -114.422089,35.986771,11323.32
          -114.48864,35.939117,11163.3
          -114.553185,35.892426,11003.28
          -114.620949,35.843128,10972.8
          -114.690514,35.79245,10972.8
          -114.759094,35.742435,10972.8
          -114.825127,35.694206,10972.8
          -114.892502,35.644867,10972.8
          -114.95636,35.598221,10972.8
          -115.022278,35.549927,10972.8
          -115.088081,35.501678,10965.18
          -115.15377,35.452103,10972.8
          -115.219513,35.401062,10972.8
          -115.285271,35.350372,10972.8
          -115.351303,35.299629,10972.8
          -115.412636,35.252289,10972.8
          -115.478081,35.201843,10972.8
          -115.543999,35.150894,10972.8
          -115.608063,35.101181,10972.8
          -115.673279,35.050205,10927.08
          -115.732056,35.004089,10774.68
          -115.795609,34.954121,10614.66
          -115.858955,34.904297,10454.64
          -115.922012,34.854546,10294.62
          -115.982323,34.806923,10134.6
          -116.043205,34.759003,9974.58
          -116.104919,34.710526,9806.94
          -116.165253,34.66312,9646.92
          -116.225395,34.615871,9486.9
          -116.284164,34.569458,9334.5
          -116.343781,34.522396,9105.9
          -116.402664,34.475796,8862.06
          -116.459595,34.430687,8831.58
          -116.489296,34.411461,8724.9
          -116.493469,34.409367,8709.66
          -116.498909,34.406845,8686.8
          -116.503448,34.404922,8671.56
          -116.507767,34.403137,8648.7
          -116.512184,34.401405,8633.46
          -116.516174,34.399841,8610.6
          -116.521797,34.397682,8587.74
          -116.525871,34.396133,8572.5
          -116.530777,34.394283,8549.64
          -116.5345,34.392841,8526.78
          -116.53994,34.390778,8496.3
          -116.543083,34.389534,8481.06
          -116.547623,34.387802,8450.58
          -116.614548,34.360485,7985.76
          -116.679626,34.333374,7620
          -116.743927,34.307278,7277.1
          -116.805298,34.2827,7040.88
          -116.868134,34.257385,6804.66
          -116.928612,34.232758,6637.02
          -116.981972,34.211243,6408.42
          -117.007538,34.203793,6195.06
          -117.011147,34.202862,6164.58
          -117.015381,34.201813,6126.48
          -117.018967,34.200943,6103.62
          -117.07267,34.186981,5814.06
          -117.129562,34.171463,5524.5
          -117.181091,34.157379,5356.86
          -117.236282,34.142212,5059.68
          -117.291885,34.126923,4754.88
          -117.345978,34.111908,4511.04
          -117.400185,34.097122,4229.1
          -117.452705,34.084305,3947.16
          -117.505783,34.071167,3771.9
          -117.559952,34.057526,3512.82
          -117.581406,34.051937,3406.14
          -117.606812,34.045422,3276.6
          -117.629471,34.039646,3162.3
          -117.654434,34.033173,3078.48
          -117.67897,34.026848,3048
          -117.700943,34.02182,3002.28
          -117.715363,34.019772,2948.94
          -117.718849,34.019444,2926.08
          -117.723213,34.019073,2903.22
          -117.726692,34.018799,2895.6
          -117.729942,34.018524,2880.36
          -117.734299,34.018188,2865.12
          -117.737564,34.017929,2857.5
          -117.74115,34.017654,2842.26
          -117.745224,34.017303,2819.4
          -117.748657,34.016975,2811.78
          -117.770805,34.015022,2712.72
          -117.794098,34.012741,2621.28
          -117.816711,34.010513,2522.22
          -117.842155,34.008041,2423.16
          -117.867676,34.005524,2316.48
          -117.89257,34.003105,2209.8
          -117.913849,34.000992,2125.98
          -117.934174,33.998917,2042.16
          -117.954041,33.996918,1958.34
          -117.97657,33.99477,1866.9
          -117.996414,33.992752,1790.7
          -118.017044,33.990646,1699.26
          -118.036659,33.988678,1623.06
          -118.056503,33.986801,1539.24
          -118.077393,33.98481,1447.8
          -118.085976,33.983971,1417.32
          -118.097084,33.98291,1371.6
          -118.108803,33.98172,1318.26
          -118.117279,33.9809,1287.78
          -118.128136,33.979843,1242.06
          -118.136375,33.979019,1211.58
          -118.147202,33.977921,1165.86
          -118.158409,33.97673,1120.14
          -118.169464,33.975594,1074.42
          -118.180099,33.974522,1028.7
          -118.190918,33.973404,982.98
          -118.198868,33.97266,952.5
          -118.20813,33.971695,914.4
          -118.217651,33.970734,876.3
          -118.227463,33.969772,830.58
          -118.236038,33.968903,792.48
          -118.24556,33.967911,754.38
          -118.254036,33.967072,723.9
          -118.262726,33.96619,693.42
          -118.272171,33.96521,647.7
          -118.280411,33.96442,609.6
          -118.287216,33.96373,579.12
          -118.29557,33.962906,533.4
          -118.301636,33.962276,502.92
          -118.309189,33.961533,464.82
          -118.31636,33.9608,434.34
          -118.321518,33.960251,403.86
          -118.328362,33.959579,373.38
          -118.334488,33.958973,342.9
          -118.339348,33.958508,320.04
          -118.345352,33.957855,297.18
          -118.351791,33.957184,266.7
          -118.357391,33.95668,236.22
          -118.361778,33.956181,213.36
          -118.367706,33.955582,182.88
          -118.373108,33.955063,152.4
          -118.378922,33.954483,137.16
          -118.384895,33.953854,99.06
          -118.390465,33.953293,76.2
          -118.395844,33.952744,53.34
          -118.400612,33.95224,22.86
          -118.406128,33.951664,0
          -118.411652,33.951096,0
          -118.412773,33.950993,0
          -118.413246,33.950943,0
          -118.413895,33.950878,0
          -118.414406,33.950825,0
          -118.41481,33.950787,0
          -118.415756,33.950684,0
          -118.416168,33.950642,0
          -118.416542,33.950603,0
          -118.417145,33.950546,0
          -118.417595,33.9505,0
          -118.418015,33.950455,0
          -118.418457,33.950409,0
          -118.419151,33.95034,0
          -118.419556,33.950294,0
          -118.420044,33.950237,0
          -118.420357,33.950211,0
          -118.420815,33.950169,0
          -118.421082,33.950134,0
          -118.421463,33.9501,0
          -118.421761,33.950069,0
          -118.421989,33.950058,0
          -118.422432,33.950008,0
          -118.422714,33.949989,0
          -118.422958,33.949955,0
          -118.423218,33.949928,0
          -118.42347,33.949894,0
          -118.423706,33.94986,0
          -118.424141,33.949791,0
          -118.424492,33.949722,0
          -118.424759,33.949642,0
          -118.425018,33.949551,0
          -118.425331,33.949425,0
          -118.425537,33.949326,0
          -118.425835,33.949184,0
          -118.426048,33.949047,0
          -118.426285,33.948898,0
          -118.426506,33.948753,0
          -118.426727,33.948605,0
          -118.426979,33.948372,0
          -118.427193,33.948174,0
          -118.427391,33.947948,0
          -118.427513,33.947742,0
          -118.427643,33.947502,0
          -118.427757,33.947227,0
          -118.427795,33.946953,0
          -118.427795,33.946682,0
          -118.427681,33.946461,0
          -118.427452,33.946335,0
          -118.427193,33.946301,0
          -118.426941,33.946335,0
          -118.426689,33.946381,0
          -118.426437,33.946415,0
          -118.426147,33.946449,0
          -118.425903,33.946472,0
          -118.425682,33.946499,0
          -118.425461,33.946522,0
          -118.425247,33.946552,0
          -118.424438,33.946636,0
          -118.423676,33.946712,0
          -118.422935,33.946777,0
          -118.422119,33.946846,0
          -118.421257,33.946949,0
          -118.420303,33.947044,0
          -118.419357,33.947147,0
          -118.418365,33.94725,0
          -118.417328,33.947365,0
          -118.416435,33.947453,0
          -118.415482,33.947544,0
          -118.41481,33.947605,0
          -118.414581,33.947636,0
          -118.414276,33.947685,0
          -118.413925,33.947777,0
          -118.413605,33.947857,0
          -118.413391,33.947891,0
          -118.413147,33.947918,0
          -118.412865,33.947952,0
          -118.412621,33.947975,0
          -118.412354,33.948006,0
          -118.412079,33.948032,0
          -118.411804,33.948063,0
          -118.411575,33.948078,0
          -118.411263,33.948116,0
          -118.410912,33.948154,0
          -118.41069,33.948174,0
          -118.410446,33.9482,0
          -118.410233,33.948219,0
          -118.409958,33.948242,0
          -118.409615,33.948277,0
          -118.409401,33.948299,0
          -118.409142,33.948311,0
          -118.408936,33.948235,0
          -118.408798,33.947971,0
          -118.408897,33.947731,0
          -118.409058,33.947525,0
          -118.409157,33.9473,0
          -118.409142,33.94709,0
          -118.409111,33.946846,0
          -118.409088,33.946625,0
          -118.40905,33.946404,0
          -118.408974,33.946186,0
          -118.408722,33.946152,0
          -118.408501,33.946171,0
          -118.408287,33.946125,0
          -118.408081,33.946083,0
          -118.407867,33.946049,0
        </coordinates>
      </LineString>
    </Placemark>
<Placemark>
      <name>DL37-2025-10-26</name>
      <TimeStamp>
        <when>2025-10-26</when>
      </TimeStamp>
      <LineString>
        <altitudeMode>absolute</altitudeMode>
        <coordinates>
          -0.454429,51.468567,0
          -0.454502,51.468304,0
          -0.454392,51.468086,0
          -0.454121,51.467865,0
          -0.453987,51.467644,0
          -0.45435,51.467503,0
          -0.453987,51.467503,0
          -0.453112,51.467503,0
          -0.452369,51.467503,0
          -0.451293,51.467503,0
          -0.449905,51.467514,0
          -0.44836,51.467514,0
          -0.447043,51.467525,0
          -0.445652,51.467525,0
          -0.444686,51.467525,0
          -0.443183,51.467525,0
          -0.442478,51.467537,0
          -0.441791,51.467537,0
          -0.441216,51.467537,0
          -0.440938,51.46756,0
          -0.440734,51.467606,0
          -0.440521,51.467793,0
          -0.440521,51.468048,0
          -0.44054,51.468342,0
          -0.440548,51.468624,0
          -0.440559,51.468853,0
          -0.440559,51.469086,0
          -0.440559,51.469608,0
          -0.440559,51.469994,0
          -0.440578,51.471344,0
          -0.440585,51.473225,0
          -0.440598,51.474007,0
          -0.440604,51.4743,0
          -0.440288,51.475044,0
          -0.439917,51.475067,0
          -0.439546,51.475056,0
          -0.439224,51.475056,0
          -0.438989,51.475056,0
          -0.438118,51.475044,0
          -0.437737,51.474903,0
          -0.437489,51.474613,0
          -0.437222,51.474533,0
          -0.436985,51.474529,0
          -0.436783,51.474533,0
          -0.436535,51.474533,0
          -0.436077,51.474533,0
          -0.435834,51.474541,0
          -0.435066,51.474545,0
          -0.434498,51.474541,0
          -0.433867,51.474541,0
          -0.433552,51.474564,0
          -0.433273,51.474636,0
          -0.433025,51.474789,0
          -0.432816,51.474937,0
          -0.432587,51.475113,0
          -0.432494,51.47533,0
          -0.432531,51.475708,0
          -0.432531,51.475971,0
          -0.432549,51.476208,0
          -0.432606,51.476509,0
          -0.432816,51.476707,0
          -0.433329,51.477047,0
          -0.434053,51.477516,0
          -0.434341,51.477673,0
          -0.434628,51.477711,0
          -0.435166,51.477676,0
          -0.43576,51.477676,0
          -0.437775,51.477673,0
          -0.45185,51.477631,60.96
          -0.47142,51.477604,99.06
          -0.480499,51.477604,198.12
          -0.487407,51.477539,297.18
          -0.496445,51.477371,426.72
          -0.505297,51.47731,525.78
          -0.51517,51.477219,563.88
          -0.525562,51.477036,609.6
          -0.52803,51.476906,617.22
          -0.530624,51.476765,624.84
          -0.533218,51.476532,640.08
          -0.535965,51.476254,647.7
          -0.538998,51.475845,662.94
          -0.541763,51.47551,670.56
          -0.544434,51.475136,685.8
          -0.547256,51.474716,693.42
          -0.549836,51.474335,701.04
          -0.553251,51.473785,716.28
          -0.556072,51.473373,723.9
          -0.559158,51.472904,731.52
          -0.562233,51.472412,746.76
          -0.565128,51.471954,762
          -0.568161,51.471504,769.62
          -0.571213,51.470993,784.86
          -0.574493,51.470482,800.1
          -0.577698,51.470016,822.96
          -0.580673,51.469505,838.2
          -0.593338,51.467503,891.54
          -0.606327,51.465454,952.5
          -0.617218,51.46373,1013.46
          -0.631332,51.46159,1089.66
          -0.644455,51.459682,1173.48
          -0.654948,51.458496,1272.54
          -0.659103,51.458286,1310.64
          -0.66252,51.458221,1348.74
          -0.665283,51.458237,1371.6
          -0.66925,51.458332,1417.32
          -0.672379,51.458424,1447.8
          -0.67543,51.458519,1470.66
          -0.678864,51.458611,1501.14
          -0.682983,51.458611,1539.24
          -0.686417,51.458519,1562.1
          -0.68985,51.458378,1592.58
          -0.693512,51.458191,1615.44
          -0.696487,51.458054,1630.68
          -0.699387,51.457867,1645.92
          -0.702977,51.457718,1668.78
          -0.706406,51.457588,1684.02
          -0.709915,51.457447,1699.26
          -0.714188,51.45726,1722.12
          -0.717545,51.457123,1737.36
          -0.72403,51.456841,1760.22
          -0.728378,51.456516,1783.08
          -0.731812,51.456097,1790.7
          -0.735416,51.455566,1805.94
          -0.738979,51.454834,1821.18
          -0.742264,51.454048,1844.04
          -0.745511,51.45314,1859.28
          -0.749594,51.451767,1889.76
          -0.753021,51.450466,1912.62
          -0.755997,51.449207,1927.86
          -0.75882,51.447857,1950.72
          -0.761694,51.446365,1973.58
          -0.765406,51.444305,2004.06
          -0.767746,51.44297,2019.3
          -0.770676,51.441147,2042.16
          -0.773497,51.439453,2065.02
          -0.776243,51.437759,2080.26
          -0.779213,51.435791,2103.12
          -0.782182,51.433823,2125.98
          -0.78478,51.431992,2141.22
          -0.787601,51.430069,2164.08
          -0.790405,51.428074,2186.94
          -0.793614,51.425766,2209.8
          -0.79628,51.423836,2232.66
          -0.79881,51.421967,2255.52
          -0.81543,51.409779,2400.3
          -0.831833,51.397907,2499.36
          -0.851589,51.383698,2636.52
          -0.868454,51.371605,2758.44
          -0.888631,51.357056,2918.46
          -0.909271,51.342136,3048
          -0.923309,51.332081,3139.44
          -0.947571,51.314857,3215.64
          -0.965881,51.301964,3268.98
          -0.989438,51.285004,3337.56
          -1.008453,51.271191,3390.9
          -1.03241,51.253922,3444.24
          -1.053619,51.238651,3497.58
          -1.078873,51.22031,3596.64
          -1.099777,51.205227,3710.94
          -1.154158,51.165848,3992.88
          -1.208954,51.1259,4244.34
          -1.264877,51.085217,4495.8
          -1.3217,51.043808,4732.02
          -1.373215,51.009289,4899.66
          -1.378784,51.006729,4914.9
          -1.383238,51.004898,4930.14
          -1.387863,51.003189,4945.38
          -1.393185,51.001328,4960.62
          -1.397045,51.000092,4975.86
          -1.403275,50.998257,4991.1
          -1.408329,50.996887,5013.96
          -1.412337,50.995926,5021.58
          -1.41777,50.994671,5044.44
          -1.423035,50.993462,5059.68
          -1.428148,50.99231,5082.54
          -1.433563,50.991085,5097.78
          -1.438599,50.990017,5120.64
          -1.443811,50.988968,5135.88
          -1.448669,50.988014,5158.74
          -1.454946,50.986862,5173.98
          -1.459474,50.986038,5189.22
          -1.464596,50.985123,5204.46
          -1.469421,50.984299,5219.7
          -1.475143,50.98336,5234.94
          -1.555159,50.97084,5448.3
          -1.635181,50.957565,5737.86
          -1.715575,50.943832,5951.22
          -1.795578,50.930012,6126.48
          -1.882629,50.914833,6339.84
          -1.965332,50.900311,6537.96
          -2.048356,50.885834,6728.46
          -2.130457,50.871368,6888.48
          -2.214584,50.856457,7018.02
          -2.3003,50.841248,7139.94
          -2.390823,50.825035,7254.24
          -2.479347,50.809113,7391.4
          -2.566718,50.794647,7566.66
          -2.65564,50.784489,7680.96
          -2.744949,50.774048,7802.88
          -2.834396,50.763493,7962.9
          -2.924881,50.752785,8122.92
          -3.012543,50.742313,8366.76
          -3.102341,50.731697,8473.44
          -3.191071,50.720898,8633.46
          -3.282834,50.709869,8702.04
          -3.376069,50.698471,8778.24
          -3.470789,50.686798,8862.06
          -3.566325,50.674896,9029.7
          -3.663073,50.662811,9144
          -3.759782,50.651138,9250.68
          -3.856647,50.645065,9403.08
          -3.95493,50.640175,9517.38
          -4.051579,50.635197,9692.64
          -4.149363,50.630173,9875.52
          -4.247878,50.625046,10050.78
          -4.342925,50.62001,10218.42
          -4.438477,50.614853,10363.2
          -4.533884,50.609756,10485.12
          -4.62955,50.607964,10645.14
          -4.723471,50.606506,10843.26
          -4.815872,50.605122,10972.8
          -4.909256,50.60368,10972.8
          -5.004272,50.602188,10972.8
          -5.097223,50.600555,10972.8
          -5.191618,50.598816,10972.8
          -5.282345,50.597115,10972.8
          -5.376026,50.595253,10972.8
          -5.468965,50.593391,10972.8
          -5.561106,50.5914,10972.8
          -5.655357,50.58934,10972.8
          -5.749487,50.5872,10972.8
          -5.844293,50.5849,10972.8
          -5.936737,50.582657,10972.8
          -6.024049,50.58046,10972.8
          -6.118939,50.577984,10972.8
          -6.212471,50.57547,10972.8
          -6.309188,50.572815,10972.8
          -6.403916,50.570114,10972.8
          -6.499425,50.567368,10972.8
          -6.596251,50.564388,10972.8
          -6.694163,50.561363,10972.8
          -6.785069,50.558487,10972.8
          -6.879,50.555405,10972.8
          -6.972415,50.552261,11056.62
          -7.063764,50.549168,11163.3
          -7.157304,50.545944,11247.12
          -7.252928,50.542511,11277.6
          -7.345661,50.539078,11277.6
          -7.44237,50.535507,11277.6
          -7.539512,50.531799,11277.6
          -7.631044,50.528172,11277.6
          -7.725123,50.524429,11277.6
          -7.82176,50.520493,11277.6
          -7.918613,50.51651,11277.6
          -8.01496,50.512436,11277.6
          -8.105525,50.508591,11277.6
          -8.200427,50.504379,11277.6
          -8.294901,50.500149,11277.6
          -8.386327,50.495956,11277.6
          -8.483035,50.49147,11277.6
          -8.578986,50.486973,11277.6
          -8.677826,50.482224,11277.6
          -8.773811,50.477509,11277.6
          -8.870448,50.472702,11277.6
          -8.968555,50.467747,11277.6
          -9.066022,50.462719,11277.6
          -9.161731,50.457687,11277.6
          -9.253235,50.452835,11277.6
          -9.346842,50.447777,11277.6
          -9.440219,50.442673,11277.6
          -9.533757,50.437489,11277.6
          -9.630601,50.432053,11277.6
          -9.722828,50.426788,11277.6
          -9.817369,50.421295,11277.6
          -9.914294,50.415573,11277.6
          -10.007358,50.410023,11277.6
          -10.105121,50.40411,11277.6
          -10.196054,50.398525,11277.6
          -10.292482,50.392517,11277.6
          -10.385495,50.386654,11277.6
          -10.484743,50.380322,11277.6
          -10.578349,50.374271,11277.6
          -10.677597,50.367798,11277.6
          -10.776937,50.361237,11277.6
          -10.876761,50.35453,11277.6
          -10.977799,50.347595,11277.6
          -11.074219,50.340984,11277.6
          -11.172873,50.334049,11277.6
          -11.265034,50.327545,11277.6
          -11.364614,50.320454,11277.6
          -11.462426,50.313354,11277.6
          -11.556652,50.306442,11277.6
          -11.654787,50.299179,11277.6
          -11.750023,50.292068,11277.6
          -11.84675,50.284702,11277.6
          -11.94503,50.277145,11277.6
          -12.036968,50.27005,11277.6
          -12.131653,50.262634,11277.6
          -12.232608,50.254631,11277.6
          -12.332524,50.24667,11277.6
          -12.430669,50.238693,11277.6
          -12.522029,50.231186,11277.6
          -12.621195,50.223038,11277.6
          -12.714868,50.21521,11277.6
          -12.811098,50.2071,11277.6
          -12.90552,50.199047,11277.6
          -12.999202,50.190994,11277.6
          -13.093102,50.1828,11277.6
          -13.187157,50.174606,11277.6
          -13.286518,50.165817,11277.6
          -13.38236,50.157166,11277.6
          -13.476142,50.148769,11277.6
          -13.576504,50.139599,11277.6
          -13.675304,50.130524,11277.6
          -13.772253,50.12149,11277.6
          -13.872986,50.112076,11277.6
          -13.968967,50.103008,11277.6
          -14.069511,50.093399,11277.6
          -14.17214,50.083504,11277.6
          -14.267265,50.074219,11277.6
          -14.36195,50.064926,11277.6
          -14.458082,50.055386,11277.6
          -14.556957,50.045517,11277.6
          -14.653811,50.035721,11277.6
          -14.712104,50.029831,11277.6
          -45.793339,48.10601,11582.4
          -45.840313,48.105686,11582.4
          -46.409821,48.100159,11582.4
          -46.455551,48.099518,11582.4
          -46.622597,48.097305,11582.4
          -46.709148,48.09605,11582.4
          -46.797672,48.094746,11582.4
          -46.885918,48.093349,11582.4
          -46.977264,48.091827,11582.4
          -47.062893,48.090279,11582.4
          -47.153744,48.08865,11582.4
          -47.239029,48.087017,11582.4
          -47.327316,48.08519,11582.4
          -47.415894,48.083405,11582.4
          -47.504745,48.081528,11582.4
          -47.588688,48.079662,11590.02
          -47.676956,48.077591,11582.4
          -47.768211,48.075485,11582.4
          -47.854042,48.073334,11582.4
          -47.942139,48.071091,11582.4
          -48.029892,48.068893,11582.4
          -48.116615,48.066605,11582.4
          -48.204979,48.064114,11582.4
          -48.293015,48.061615,11582.4
          -48.380058,48.059135,11582.4
          -48.467285,48.056534,11582.4
          -48.553936,48.053921,11582.4
          -48.644783,48.051079,11582.4
          -48.732193,48.048294,11582.4
          -48.819946,48.04541,11582.4
          -48.906555,48.042515,11582.4
          -48.998459,48.039349,11582.4
          -49.086208,48.036278,11582.4
          -49.173569,48.033142,11582.4
          -49.264687,48.0298,11582.4
          -49.352165,48.02655,11582.4
          -49.442348,48.023102,11582.4
          -49.53017,48.019703,11582.4
          -49.622566,48.015976,11582.4
          -49.715034,48.012302,11582.4
          -49.803349,48.008671,11582.4
          -49.893562,48.004852,11582.4
          -49.979279,47.998306,11582.4
          -50.062866,47.984695,11582.4
          -50.141884,47.96603,11597.64
          -50.213013,47.953033,11681.46
          -50.220222,47.952301,11696.7
          -50.226181,47.951786,11696.7
          -50.232719,47.951248,11704.32
          -50.238155,47.950901,11711.94
          -50.243637,47.950607,11719.56
          -50.250832,47.950294,11727.18
          -50.25634,47.95015,11727.18
          -50.263412,47.950012,11734.8
          -50.269112,47.949966,11742.42
          -50.275085,47.949966,11750.04
          -50.281746,47.950016,11757.66
          -50.287582,47.950058,11757.66
          -50.294846,47.950153,11765.28
          -50.382889,47.95079,11849.1
          -50.471878,47.951523,11948.16
          -50.560139,47.952156,12001.5
          -50.648945,47.952717,12024.36
          -50.739326,47.953308,12077.7
          -50.831699,47.953785,12138.66
          -50.92321,47.954178,12192
          -51.018959,47.954533,12192
          -51.114304,47.954819,12192
          -51.204117,47.954956,12192
          -51.298737,47.955048,12192
          -51.387451,47.955048,12192
          -51.483974,47.954998,12192
          -51.572159,47.95491,12192
          -51.665462,47.95467,12192
          -51.772648,47.954391,12192
          -51.870117,47.953972,12192
          -51.968971,47.953445,12192
          -52.064552,47.952942,12192
          -52.154423,47.952297,12192
          -52.247269,47.951614,12192
          -52.340034,47.950882,12192
          -52.434448,47.950012,12192
          -52.527283,47.949188,12192
          -52.620941,47.948181,12192
          -52.715149,47.947128,12192
          -52.806473,47.94603,12192
          -52.896286,47.944839,12192
          -52.989395,47.943604,12192
          -53.079895,47.942322,12192
          -53.169674,47.940983,12192
          -53.266731,47.939392,12192
          -53.354256,47.937958,12192
          -53.445107,47.936329,12192
          -53.540359,47.934586,12192
          -53.630608,47.932884,12192
          -53.720398,47.931068,12192
          -53.816254,47.929092,12192
          -53.907028,47.927124,12192
          -53.995338,47.925156,12192
          -54.089539,47.922958,12192
          -54.179569,47.920826,12192
          -54.270058,47.918564,12192
          -54.360001,47.916264,12192
          -54.455074,47.91375,12192
          -54.552681,47.911098,12192
          -54.642632,47.908585,12192
          -54.738888,47.905838,12192
          -54.834892,47.902954,12192
          -54.926289,47.900204,12192
          -55.022758,47.897186,12192
          -55.11834,47.894108,12192
          -55.207424,47.891174,12192
          -55.30291,47.887939,12192
          -55.397255,47.884689,12192
          -55.488922,47.881439,12192
          -55.581207,47.878143,12192
          -55.677544,47.874573,12192
          -55.775898,47.870876,12192
          -55.868435,47.867245,12192
          -55.964565,47.863522,12192
          -56.05719,47.859741,12192
          -56.148582,47.855988,12192
          -56.241196,47.85207,12192
          -56.329994,47.848297,12192
          -56.42712,47.844017,12192
          -56.523602,47.839779,12192
          -56.614609,47.835663,12192
          -56.706894,47.831406,12192
          -56.803093,47.82692,12192
          -56.893318,47.822617,12192
          -56.984985,47.818176,12192
          -57.083553,47.813339,12192
          -57.174118,47.808823,12192
          -57.267292,47.804073,12192
          -57.363491,47.799091,12192
          -57.45406,47.794296,12192
          -57.548447,47.789246,12192
          -57.647049,47.783936,12192
          -57.737099,47.778984,12192
          -57.829002,47.773861,12192
          -57.92363,47.768509,12192
          -58.015915,47.763153,12192
          -58.11507,47.757381,12192
          -58.209652,47.751797,12192
          -58.299911,47.746353,12192
          -58.392193,47.740765,12192
          -58.4851,47.735046,12192
          -58.576286,47.72937,12192
          -58.672417,47.723282,12192
          -58.769371,47.717056,12192
          -58.866646,47.710735,12192
          -58.957031,47.704788,12192
          -59.053486,47.698307,12192
          -59.148701,47.687553,12192
          -59.237858,47.668747,12192
          -59.329483,47.648079,12192
          -59.421272,47.627197,12192
          -59.514107,47.605957,12192
          -59.601379,47.585861,12192
          -59.687828,47.565903,12192
          -59.779568,47.544685,12192
          -59.86718,47.524296,12192
          -59.961124,47.502323,12192
          -60.053593,47.480583,12192
          -60.145821,47.458878,12192
          -60.234093,47.437988,12192
          -60.327026,47.415894,12192
          -60.414574,47.395065,12192
          -60.506104,47.373138,12192
          -60.593719,47.352081,12192
          -60.680031,47.331207,12192
          -60.772728,47.308731,12192
          -60.859314,47.287582,12192
          -60.948627,47.265789,12192
          -61.035439,47.244507,12192
          -61.1269,47.221985,12192
          -61.215397,47.200153,12192
          -61.307865,47.1772,12192
          -61.396389,47.155136,12192
          -61.481621,47.13382,12192
          -61.571434,47.111252,12192
          -61.66309,47.088146,12192
          -61.75415,47.065109,12192
          -61.844364,47.042152,12192
          -61.930847,47.020088,12192
          -62.022148,46.996719,12192
          -62.106125,46.975159,12192
          -62.198391,46.951328,12192
          -62.281704,46.929729,12192
          -62.371033,46.906494,12192
          -62.456451,46.884247,12192
          -62.54731,46.860443,12192
          -62.631065,46.838394,12192
          -62.721977,46.814373,12192
          -62.80904,46.791321,12192
          -62.894852,46.768478,12192
          -62.987968,46.743622,12192
          -63.078758,46.719315,12192
          -63.165157,46.695969,12192
          -63.251507,46.672668,12192
          -63.343014,46.647903,12192
          -63.434456,46.623047,12192
          -63.524826,46.598282,12192
          -63.614056,46.573837,12192
          -63.703888,46.549164,12192
          -63.787491,46.526001,12192
          -63.876434,46.501358,12192
          -63.963638,46.47715,12192
          -64.047745,46.453629,12192
          -64.139122,46.427994,12192
          -64.225876,46.403595,12192
          -64.317917,46.377594,12192
          -64.408241,46.351971,12192
          -64.497505,46.326599,12192
          -64.583267,46.302158,12192
          -64.672119,46.276649,12192
          -64.76226,46.250702,12192
          -64.849892,46.225395,12192
          -64.936836,46.200211,12192
          -65.023064,46.175213,12192
          -65.107246,46.150585,12192
          -65.191772,46.125912,12192
          -65.282166,46.099319,12192
          -65.369324,46.073639,12192
          -65.459427,46.046997,12192
          -65.546768,46.021076,12192
          -65.63279,45.995499,12192
          -65.721931,45.9688,12192
          -65.808655,45.94273,12192
          -65.89814,45.915848,12192
          -65.984917,45.889614,12192
          -66.069633,45.863892,12192
          -66.155617,45.837799,12192
          -66.241531,45.811615,12192
          -66.326935,45.785431,12192
          -66.413864,45.758755,12192
          -66.498367,45.732697,12192
          -66.582909,45.706558,12192
          -66.664902,45.681061,12192
          -66.75206,45.653915,12192
          -66.837662,45.627151,12192
          -66.924179,45.60006,12192
          -67.006714,45.574127,12192
          -67.095016,45.546291,12192
          -67.185318,45.517731,12192
          -67.266472,45.491962,12192
          -67.354095,45.464031,12192
          -67.443954,45.435242,12192
          -67.526222,45.408875,12192
          -67.612808,45.380985,12192
          -67.698692,45.352074,12192
          -67.780685,45.316277,12192
          -67.857315,45.275116,12192
          -67.93396,45.233185,12192
          -68.009995,45.191376,12192
          -68.082016,45.151611,12192
          -68.155296,45.111118,12192
          -68.230255,45.06955,12192
          -68.303047,45.029114,12192
          -68.377701,44.987476,12192
          -68.453201,44.945255,12192
          -68.528625,44.90303,12192
          -68.600105,44.862812,12192
          -68.676254,44.819916,12192
          -68.753784,44.776085,12192
          -68.828362,44.733856,12192
          -68.902916,44.691467,12192
          -68.974846,44.650486,12192
          -69.046196,44.609848,12192
          -69.121727,44.566589,12192
          -69.196182,44.523865,12192
          -69.26712,44.483036,12192
          -69.338509,44.441895,12192
          -69.412827,44.398872,12192
          -69.485847,44.356613,12192
          -69.561073,44.312889,12192
          -69.630478,44.272434,12192
          -69.705574,44.228531,12192
          -69.775414,44.18771,12192
          -69.848656,44.144741,12192
          -69.921722,44.101685,12192
          -69.991478,44.060528,12192
          -70.065437,44.016815,12192
          -70.135757,43.975113,12192
          -70.20401,43.934559,12192
          -70.274895,43.892288,12192
          -70.347092,43.849136,12192
          -70.421188,43.804817,12192
          -70.490578,43.763123,12192
          -70.561523,43.720512,12192
          -70.633194,43.677219,12192
          -70.702896,43.63504,12192
          -70.7761,43.589767,12192
          -70.84063,43.541191,12192
          -70.897591,43.487473,12192
          -70.945259,43.430538,12192
          -70.992889,43.36972,12192
          -71.039192,43.310349,12192
          -71.083832,43.2528,12192
          -71.127594,43.196274,12192
          -71.174728,43.137028,12192
          -71.229858,43.081284,12192
          -71.294502,43.02951,12192
          -71.363914,42.985081,12192
          -71.432022,42.944458,12192
          -71.501511,42.902916,12192
          -71.571327,42.861145,12192
          -71.64106,42.81926,12192
          -71.711472,42.776943,12192
          -71.779922,42.735672,12192
          -71.845779,42.695938,12192
          -71.91452,42.654327,12192
          -71.982109,42.613358,12192
          -72.051659,42.571091,12192
          -72.120811,42.528946,12192
          -72.190712,42.486225,12192
          -72.259125,42.444283,12192
          -72.328491,42.401779,12192
          -72.397652,42.359253,12192
          -72.466133,42.317047,12192
          -72.534111,42.274979,12192
          -72.602638,42.232517,12192
          -72.669632,42.190887,12192
          -72.735878,42.149887,12192
          -72.805519,42.10968,12192
          -72.873276,42.070187,12192
          -72.940727,42.03067,12192
          -73.006836,41.989792,12192
          -73.067574,41.9431,12192
          -73.122253,41.890079,12192
          -73.169518,41.834541,12192
          -73.21666,41.778584,12192
          -73.26445,41.721771,12192
          -73.317833,41.667789,12192
          -73.378937,41.619141,12192
          -73.443413,41.576569,12192
          -73.508118,41.534187,12192
          -73.573715,41.491264,12192
          -73.637268,41.449741,12192
          -73.702782,41.406738,12192
          -73.768196,41.363712,12192
          -73.834595,41.319717,12192
          -73.89978,41.275223,12192
          -73.963257,41.232101,12192
          -74.027687,41.18821,12192
          -74.091309,41.145035,12192
          -74.158081,41.103699,12192
          -74.224609,41.0625,12192
          -74.289925,41.021973,12192
          -74.356468,40.980774,12192
          -74.422195,40.939945,12192
          -74.488304,40.898746,12192
          -74.553955,40.85788,12192
          -74.618454,40.817562,12192
          -74.683838,40.776627,12192
          -74.74823,40.736233,12192
          -74.81311,40.695419,12192
          -74.876511,40.655418,12192
          -74.938805,40.616131,12192
          -75.002014,40.576126,12192
          -75.064636,40.536438,12192
          -75.127884,40.496628,12192
          -75.18837,40.458504,12192
          -75.250664,40.419167,12192
          -75.312401,40.380016,12192
          -75.373047,40.34166,12192
          -75.434448,40.302567,12192
          -75.494614,40.264194,12192
          -75.557739,40.224609,12192
          -75.623512,40.190594,12192
          -75.688416,40.157867,12192
          -75.751984,40.125839,12192
          -75.817078,40.093002,12192
          -75.881714,40.060272,12192
          -75.945984,40.027725,12192
          -76.010162,39.995121,12192
          -76.07489,39.962173,12192
          -76.139565,39.929157,12192
          -76.204163,39.896107,12192
          -76.269104,39.86282,12192
          -76.331543,39.830746,12192
          -76.395508,39.797882,12192
          -76.459946,39.764694,12192
          -76.522888,39.732147,12192
          -76.585396,39.699829,12192
          -76.648193,39.667301,12192
          -76.711021,39.634689,12192
          -76.773354,39.602234,12192
          -76.835991,39.569641,12192
          -76.900879,39.535698,12192
          -76.960815,39.500225,12192
          -77.016731,39.457672,12192
          -77.066879,39.410843,12192
          -77.116272,39.364059,12192
          -77.166077,39.316715,12192
          -77.21521,39.269791,12192
          -77.264816,39.222382,12192
          -77.313843,39.175339,12192
          -77.362495,39.128632,12192
          -77.411621,39.081535,12192
          -77.461197,39.033829,12192
          -77.510452,38.986221,12192
          -77.559532,38.938797,12192
          -77.607971,38.89188,12192
          -77.657036,38.844315,12192
          -77.70546,38.797302,12192
          -77.754272,38.749802,12192
          -77.802979,38.702229,12192
          -77.853149,38.656281,12192
          -77.906067,38.618107,12192
          -77.966629,38.582153,12192
          -78.026306,38.546974,12192
          -78.086975,38.511177,12192
          -78.148193,38.475006,12192
          -78.208626,38.43924,12192
          -78.270981,38.402344,12192
          -78.330475,38.36705,12192
          -78.392769,38.330044,12192
          -78.455162,38.292892,12192
          -78.515945,38.25663,12192
          -78.576965,38.220131,12192
          -78.638969,38.183029,12192
          -78.701401,38.145554,12192
          -78.763382,38.108322,12192
          -78.824974,38.071243,12192
          -78.886612,38.034061,12184.38
          -78.948166,37.996811,12192
          -79.010391,37.95916,12199.62
          -79.06884,37.923706,12199.62
          -79.128502,37.885162,12192
          -79.183197,37.845703,12184.38
          -79.241043,37.804234,12192
          -79.297333,37.763718,12100.56
          -79.353233,37.723282,11955.78
          -79.40889,37.683105,11795.76
          -79.461075,37.645294,11643.36
          -79.509666,37.610157,11574.78
          -79.561378,37.572685,11574.78
          -79.614006,37.534332,11582.4
          -79.664848,37.49736,11582.4
          -79.716446,37.459717,11582.4
          -79.768105,37.421997,11582.4
          -79.81884,37.384846,11582.4
          -79.870071,37.347279,11582.4
          -79.922554,37.308838,11582.4
          -79.973045,37.271622,11582.4
          -80.021248,37.236156,11582.4
          -80.074203,37.197098,11582.4
          -80.121483,37.16217,11582.4
          -80.174484,37.123032,11582.4
          -80.226112,37.08477,11582.4
          -80.277161,37.046921,11582.4
          -80.329407,37.007957,11582.4
          -80.37944,36.96867,11582.4
          -80.428864,36.929947,11582.4
          -80.478127,36.891357,11582.4
          -80.527161,36.852848,11582.4
          -80.576134,36.814407,11582.4
          -80.625801,36.77536,11582.4
          -80.674713,36.736839,11582.4
          -80.723076,36.69873,11582.4
          -80.770966,36.660919,11582.4
          -80.819778,36.62233,11582.4
          -80.867783,36.58429,11582.4
          -80.916992,36.545277,11582.4
          -80.964211,36.50771,11582.4
          -81.012596,36.469257,11582.4
          -81.059586,36.431828,11582.4
          -81.107025,36.393997,11582.4
          -81.154747,36.355865,11590.02
          -81.201294,36.318661,11582.4
          -81.249908,36.279785,11582.4
          -81.299004,36.240498,11582.4
          -81.346336,36.202465,11582.4
          -81.392899,36.165024,11582.4
          -81.440773,36.126492,11582.4
          -81.488968,36.087616,11582.4
          -81.536789,36.048981,11582.4
          -81.583481,36.011322,11582.4
          -81.631912,35.972214,11582.4
          -81.680664,35.932663,11582.4
          -81.728584,35.89373,11582.4
          -81.777481,35.853928,11582.4
          -81.825996,35.814453,11582.4
          -81.874619,35.774696,11582.4
          -81.920929,35.735825,11498.58
          -81.970161,35.694534,11338.56
          -82.0158,35.656357,11186.16
          -82.064957,35.61525,11026.14
          -82.116104,35.57222,10858.5
          -82.166405,35.529968,10698.48
          -82.216019,35.48822,10553.7
          -82.266327,35.445759,10386.06
          -82.318336,35.402325,10218.42
          -82.371254,35.360275,10058.4
          -82.424759,35.317291,9898.38
          -82.478943,35.273621,9745.98
          -82.533272,35.229664,9578.34
          -82.587662,35.185577,9425.94
          -82.64299,35.14056,9265.92
          -82.699066,35.092937,9098.28
          -82.755074,35.045609,8938.26
          -82.810852,34.998596,8778.24
          -82.866501,34.951511,8610.6
          -82.921555,34.904434,8450.58
          -82.975533,34.857697,8290.56
          -83.029175,34.811344,8122.92
          -83.081581,34.765915,7970.52
          -83.133095,34.721237,7810.5
          -83.186234,34.675003,7642.86
          -83.238472,34.629501,7475.22
          -83.290939,34.583817,7307.58
          -83.342453,34.538864,7147.56
          -83.394073,34.494045,6979.92
          -83.444191,34.450424,6819.9
          -83.49054,34.410019,6667.5
          -83.539482,34.367203,6446.52
          -83.589478,34.323441,6073.14
          -83.635101,34.283478,5737.86
          -83.682579,34.238892,5364.48
          -83.728378,34.195541,5006.34
          -83.773788,34.152676,4648.2
          -83.818192,34.110733,4320.54
          -83.861389,34.070698,4145.28
          -83.906311,34.034714,3985.26
          -83.9534,33.996773,3817.62
          -83.996643,33.96199,3657.6
          -84.039299,33.927567,3589.02
          -84.058525,33.912048,3589.02
          -84.074722,33.898956,3596.64
          -84.089073,33.887329,3596.64
          -84.103378,33.875736,3596.64
          -84.117439,33.864441,3596.64
          -84.133362,33.851532,3589.02
          -84.14669,33.840729,3596.64
          -84.162712,33.827789,3589.02
          -84.176514,33.816559,3596.64
          -84.189804,33.805801,3596.64
          -84.205887,33.792801,3589.02
          -84.219398,33.781906,3596.64
          -84.233131,33.770737,3596.64
          -84.248596,33.758148,3589.02
          -84.262558,33.747208,3589.02
          -84.270798,33.742264,3589.02
          -84.272804,33.741249,3589.02
          -84.276291,33.739712,3589.02
          -84.279152,33.738602,3589.02
          -84.281731,33.737663,3589.02
          -84.284988,33.736641,3581.4
          -84.288116,33.735764,3573.78
          -84.290924,33.735123,3566.16
          -84.29409,33.734451,3558.54
          -84.297028,33.734024,3543.3
          -84.30027,33.733612,3528.06
          -84.304214,33.733288,3505.2
          -84.306854,33.733196,3497.58
          -84.310165,33.733101,3482.34
          -84.313286,33.733017,3467.1
          -84.316574,33.733009,3451.86
          -84.320183,33.732964,3436.62
          -84.323151,33.732971,3421.38
          -84.326248,33.732964,3398.52
          -84.329041,33.732971,3383.28
          -84.332176,33.732971,3360.42
          -84.335861,33.732964,3337.56
          -84.338959,33.733017,3322.32
          -84.342041,33.733009,3299.46
          -84.364471,33.733101,3108.96
          -84.382896,33.733055,2971.8
          -84.406013,33.733009,2827.02
          -84.424553,33.733063,2697.48
          -84.444397,33.733017,2552.7
          -84.466927,33.733017,2392.68
          -84.486237,33.733055,2270.76
          -84.50827,33.733101,2141.22
          -84.527687,33.733109,1996.44
          -84.551468,33.733055,1821.18
          -84.571747,33.733017,1714.5
          -84.591927,33.733017,1630.68
          -84.614403,33.733017,1600.2
          -84.634132,33.733017,1562.1
          -84.655838,33.733009,1508.76
          -84.665237,33.732971,1485.9
          -84.676567,33.732971,1470.66
          -84.685532,33.732971,1463.04
          -84.697189,33.732925,1463.04
          -84.705391,33.732868,1463.04
          -84.717255,33.732834,1463.04
          -84.728104,33.732777,1463.04
          -84.736862,33.732731,1455.42
          -84.748367,33.732651,1463.04
          -84.757393,33.732651,1463.04
          -84.768677,33.73259,1455.42
          -84.77639,33.732559,1463.04
          -84.787788,33.732544,1463.04
          -84.799973,33.732498,1463.04
          -84.808334,33.732449,1455.42
          -84.819092,33.732449,1455.42
          -84.829422,33.732468,1455.42
          -84.840073,33.732559,1463.04
          -84.850159,33.732605,1463.04
          -84.859772,33.732635,1470.66
          -84.869164,33.732651,1463.04
          -84.879395,33.732635,1455.42
          -84.886719,33.732265,1463.04
          -84.889008,33.731892,1463.04
          -84.891243,33.731415,1463.04
          -84.893486,33.730728,1463.04
          -84.895416,33.729984,1463.04
          -84.897804,33.72876,1463.04
          -84.899429,33.727753,1463.04
          -84.900772,33.726837,1463.04
          -84.902863,33.724957,1463.04
          -84.90406,33.723652,1463.04
          -84.905373,33.721802,1463.04
          -84.905991,33.720657,1463.04
          -84.906937,33.718552,1463.04
          -84.907547,33.716854,1463.04
          -84.907951,33.715271,1463.04
          -84.90834,33.713654,1463.04
          -84.908676,33.71196,1463.04
          -84.909012,33.710175,1463.04
          -84.909241,33.708527,1455.42
          -84.909439,33.706844,1455.42
          -84.909668,33.705265,1455.42
          -84.909836,33.703682,1463.04
          -84.910065,33.702003,1463.04
          -84.910248,33.700516,1463.04
          -84.910416,33.698639,1463.04
          -84.910583,33.697495,1463.04
          -84.910812,33.69516,1463.04
          -84.910973,33.693878,1463.04
          -84.911209,33.691856,1463.04
          -84.911385,33.690319,1463.04
          -84.911926,33.685181,1463.04
          -84.912659,33.678497,1463.04
          -84.912811,33.675144,1455.42
          -84.912659,33.673141,1455.42
          -84.912376,33.671494,1455.42
          -84.911926,33.670029,1455.42
          -84.91127,33.668488,1455.42
          -84.910583,33.667328,1455.42
          -84.90918,33.665497,1463.04
          -84.907951,33.664261,1463.04
          -84.906693,33.663181,1463.04
          -84.904869,33.661789,1463.04
          -84.903412,33.660736,1463.04
          -84.902,33.659687,1463.04
          -84.900452,33.658619,1463.04
          -84.899147,33.657761,1455.42
          -84.897469,33.656708,1455.42
          -84.895844,33.655792,1455.42
          -84.894104,33.654922,1455.42
          -84.89193,33.653961,1455.42
          -84.890099,33.653263,1455.42
          -84.887985,33.652565,1455.42
          -84.8862,33.652039,1463.04
          -84.88446,33.651581,1463.04
          -84.8825,33.651123,1463.04
          -84.880661,33.650749,1463.04
          -84.87825,33.650333,1463.04
          -84.876366,33.650005,1463.04
          -84.874306,33.649727,1463.04
          -84.872017,33.649475,1463.04
          -84.869957,33.649307,1463.04
          -84.868011,33.649166,1463.04
          -84.865891,33.649029,1463.04
          -84.864059,33.648972,1463.04
          -84.861534,33.64888,1463.04
          -84.85952,33.648834,1463.04
          -84.857368,33.64875,1463.04
          -84.855263,33.648697,1463.04
          -84.853195,33.648701,1455.42
          -84.851242,33.648655,1463.04
          -84.849182,33.648655,1463.04
          -84.847015,33.648655,1463.04
          -84.845009,33.648655,1463.04
          -84.84304,33.648651,1463.04
          -84.84153,33.648651,1463.04
          -84.839111,33.648701,1463.04
          -84.832947,33.648697,1463.04
          -84.824867,33.64875,1463.04
          -84.818916,33.648796,1463.04
          -84.810699,33.648834,1463.04
          -84.80455,33.648888,1463.04
          -84.796852,33.648972,1463.04
          -84.789276,33.649029,1463.04
          -84.781158,33.649109,1463.04
          -84.774994,33.649155,1463.04
          -84.766678,33.649216,1463.04
          -84.75872,33.649261,1463.04
          -84.75106,33.649246,1463.04
          -84.744949,33.649292,1463.04
          -84.736877,33.649292,1463.04
          -84.730881,33.649292,1463.04
          -84.722916,33.649292,1463.04
          -84.715057,33.649307,1463.04
          -84.706779,33.649292,1463.04
          -84.700943,33.649292,1463.04
          -84.693375,33.649307,1463.04
          -84.685478,33.649292,1470.66
          -84.677574,33.649246,1455.42
          -84.671692,33.649216,1424.94
          -84.66317,33.649246,1379.22
          -84.65554,33.649292,1341.12
          -84.649719,33.649307,1310.64
          -84.641586,33.649338,1272.54
          -84.633797,33.649384,1234.44
          -84.628082,33.649399,1203.96
          -84.620232,33.649429,1165.86
          -84.612808,33.649448,1120.14
          -84.605263,33.649475,1082.04
          -84.599648,33.649494,1059.18
          -84.59198,33.649475,1021.08
          -84.584747,33.649475,982.98
          -84.577629,33.649475,952.5
          -84.570755,33.649494,914.4
          -84.563599,33.649494,876.3
          -84.558792,33.649494,853.44
          -84.552322,33.649494,822.96
          -84.546127,33.649475,784.86
          -84.541924,33.649475,762
          -84.536209,33.649475,739.14
          -84.53064,33.649494,708.66
          -84.525162,33.649521,685.8
          -84.519058,33.649567,647.7
          -84.513168,33.649567,624.84
          -84.507179,33.64954,594.36
          -84.501228,33.649521,563.88
          -84.495049,33.64954,533.4
          -84.489609,33.64954,510.54
          -84.483604,33.649586,472.44
          -84.477409,33.649567,441.96
          -84.47287,33.649612,426.72
          -84.467468,33.64954,396.24
          -84.464462,33.649521,373.38
          -84.462891,33.64954,365.76
          -84.461487,33.649521,358.14
          -84.460533,33.649521,358.14
          -84.458687,33.649521,350.52
          -84.45768,33.649521,342.9
          -84.455887,33.649521,335.28
          -84.449844,33.64954,312.42
          -84.444008,33.64954,274.32
          -84.437943,33.64954,236.22
          -84.432228,33.649567,228.6
          -84.426826,33.649559,0
          -84.423531,33.649559,0
          -84.42231,33.649529,0
          -84.421753,33.64954,0
          -84.421501,33.649551,0
          -84.421021,33.649559,0
          -84.420593,33.649559,0
          -84.420189,33.649559,0
          -84.419777,33.649551,0
          -84.419258,33.649529,0
          -84.418961,33.649521,0
          -84.418678,33.649502,0
          -84.418457,33.649502,0
          -84.418243,33.649479,0
          -84.41803,33.649429,0
          -84.417732,33.649361,0
          -84.41748,33.649288,0
          -84.417099,33.649189,0
          -84.416832,33.64909,0
          -84.416321,33.648849,0
          -84.416092,33.64867,0
          -84.415947,33.64843,0
          -84.415962,33.64819,0
          -84.416168,33.648003,0
          -84.416748,33.6479,0
          -84.416992,33.6479,0
          -84.416458,33.647934,0
          -84.417336,33.647907,0
          -84.417656,33.647907,0
          -84.418419,33.6479,0
          -84.41864,33.6479,0
          -84.418961,33.6479,0
          -84.41925,33.6479,0
          -84.419579,33.6479,0
          -84.419952,33.6479,0
          -84.420311,33.6479,0
          -84.420563,33.6479,0
          -84.420837,33.6479,0
          -84.421059,33.6479,0
          -84.421333,33.6479,0
          -84.42157,33.6479,0
          -84.421791,33.6479,0
          -84.422043,33.6479,0
          -84.422256,33.647732,0
          -84.422379,33.647442,0
          -84.422363,33.647179,0
          -84.422409,33.64695,0
          -84.422401,33.646721,0
          -84.422401,33.646431,0
          -84.422401,33.646229,0
          -84.422401,33.646,0
          -84.422394,33.645779,0
          -84.422379,33.64547,0
          -84.42234,33.645161,0
          -84.422424,33.644886,0
          -84.422646,33.644749,0
          -84.422951,33.644703,0
          -84.42321,33.644699,0
          -84.423454,33.644699,0
          -84.423706,33.644703,0
          -84.423965,33.644699,0
          -84.424194,33.644699,0
          -84.424454,33.644699,0
          -84.424866,33.644699,0
          -84.425293,33.644691,0
          -84.425545,33.644691,0
          -84.426224,33.644699,0
          -84.426987,33.64468,0
          -84.427193,33.64463,0
          -84.427338,33.644409,0
          -84.42733,33.644169,0
          -84.427338,33.643921,0
          -84.427338,33.643719,0
          -84.427338,33.643478,0
          -84.427338,33.64323,0
          -84.427338,33.643021,0
          -84.427338,33.642761,0
          -84.427338,33.642529,0
          -84.427353,33.642319,0
          -84.427338,33.642029,0
          -84.427345,33.641335,0
          -84.427338,33.640926,0
          -84.42733,33.640614,0
          -84.426834,33.640045,0
          -84.426193,33.640057,0
        </coordinates>
      </LineString>
    </Placemark>
<Placemark>
      <name>DL11-2025-12-04</name>
      <TimeStamp>
        <when>2025-12-04</when>
      </TimeStamp>
      <LineString>
        <altitudeMode>absolute</altitudeMode>
        <coordinates>
          -118.407913,33.946056,0
          -118.408134,33.946095,0
          -118.40834,33.946182,0
          -118.408554,33.946289,0
          -118.408768,33.946289,0
          -118.408981,33.946182,0
          -118.40905,33.946404,0
          -118.409073,33.946621,0
          -118.409119,33.946827,0
          -118.409142,33.947044,0
          -118.409157,33.947273,0
          -118.409073,33.947521,0
          -118.408905,33.947731,0
          -118.408875,33.947952,0
          -118.409042,33.948174,0
          -118.409256,33.948254,0
          -118.409508,33.94828,0
          -118.409737,33.948269,0
          -118.409973,33.948257,0
          -118.410194,33.948235,0
          -118.410431,33.948208,0
          -118.410675,33.948185,0
          -118.41095,33.948154,0
          -118.411179,33.948132,0
          -118.4114,33.948109,0
          -118.411659,33.948078,0
          -118.411919,33.948063,0
          -118.412216,33.948029,0
          -118.412491,33.947998,0
          -118.412704,33.947906,0
          -118.412918,33.947685,0
          -118.412956,33.947468,0
          -118.412918,33.947262,0
          -118.412872,33.947056,0
          -118.412834,33.946804,0
          -118.412804,33.946541,0
          -118.41275,33.946205,0
          -118.41272,33.945992,0
          -118.412659,33.945648,0
          -118.412636,33.945396,0
          -118.41259,33.945137,0
          -118.412544,33.944786,0
          -118.412483,33.944412,0
          -118.412437,33.944046,0
          -118.412361,33.943611,0
          -118.412338,33.943371,0
          -118.412308,33.943169,0
          -118.412277,33.942947,0
          -118.412369,33.942741,0
          -118.412636,33.942585,0
          -118.412888,33.94249,0
          -118.413086,33.942261,0
          -118.413109,33.94202,0
          -118.413101,33.941818,0
          -118.413063,33.941563,0
          -118.41301,33.941299,0
          -118.412994,33.941097,0
          -118.412949,33.940819,0
          -118.412903,33.940418,0
          -118.412857,33.940189,0
          -118.412834,33.939972,0
          -118.412788,33.939713,0
          -118.412766,33.939491,0
          -118.41272,33.939262,0
          -118.412689,33.939049,0
          -118.412643,33.938805,0
          -118.412605,33.938519,0
          -118.412575,33.938255,0
          -118.412537,33.938004,0
          -118.412491,33.93779,0
          -118.412247,33.93758,0
          -118.412033,33.937569,0
          -118.411774,33.937584,0
          -118.411514,33.937618,0
          -118.411285,33.937641,0
          -118.411034,33.937664,0
          -118.410774,33.937695,0
          -118.410515,33.937717,0
          -118.410057,33.937767,0
          -118.409622,33.937809,0
          -118.409157,33.937851,0
          -118.408585,33.937912,0
          -118.408043,33.937965,0
          -118.407509,33.938023,0
          -118.40699,33.938072,0
          -118.406281,33.938141,0
          -118.405922,33.938187,0
          -118.405685,33.93821,0
          -118.40535,33.938244,0
          -118.404549,33.938324,0
          -118.404198,33.93837,0
          -118.403511,33.938427,0
          -118.403275,33.938454,0
          -118.402992,33.938484,0
          -118.40274,33.938507,0
          -118.402504,33.93853,0
          -118.402222,33.938564,0
          -118.401932,33.938595,0
          -118.401688,33.938622,0
          -118.40136,33.938652,0
          -118.401016,33.938686,0
          -118.400681,33.938725,0
          -118.40036,33.938759,0
          -118.400116,33.938782,0
          -118.399788,33.938816,0
          -118.399437,33.93885,0
          -118.39904,33.938896,0
          -118.398727,33.938919,0
          -118.398369,33.938965,0
          -118.39814,33.93898,0
          -118.397911,33.939014,0
          -118.397598,33.939034,0
          -118.397278,33.939068,0
          -118.396973,33.939106,0
          -118.396614,33.93914,0
          -118.396255,33.939178,0
          -118.396011,33.939205,0
          -118.395699,33.939236,0
          -118.39534,33.93927,0
          -118.395088,33.939297,0
          -118.394836,33.93932,0
          -118.394119,33.939384,0
          -118.393867,33.939411,0
          -118.393578,33.939445,0
          -118.393311,33.939468,0
          -118.393036,33.939503,0
          -118.392776,33.939526,0
          -118.39257,33.939548,0
          -118.392342,33.939571,0
          -118.392136,33.939594,0
          -118.391167,33.939697,0
          -118.3908,33.939735,0
          -118.39048,33.939766,0
          -118.390205,33.939793,0
          -118.389984,33.939816,0
          -118.38974,33.939846,0
          -118.389503,33.939865,0
          -118.389229,33.939899,0
          -118.388809,33.939938,0
          -118.388519,33.939972,0
          -118.388268,33.939995,0
          -118.388,33.940014,0
          -118.387703,33.940052,0
          -118.387466,33.940075,0
          -118.387238,33.940098,0
          -118.386848,33.940144,0
          -118.386597,33.940166,0
          -118.38636,33.940189,0
          -118.386024,33.940224,0
          -118.385811,33.940247,0
          -118.385536,33.940269,0
          -118.385323,33.940292,0
          -118.385109,33.940319,0
          -118.384842,33.940342,0
          -118.384583,33.940361,0
          -118.38427,33.940395,0
          -118.38401,33.940422,0
          -118.383682,33.940456,0
          -118.383392,33.940487,0
          -118.383041,33.940521,0
          -118.38282,33.940552,0
          -118.382607,33.940567,0
          -118.382309,33.940601,0
          -118.381805,33.940647,0
          -118.381454,33.940681,0
          -118.381149,33.940723,0
          -118.380905,33.940746,0
          -118.380676,33.940758,0
          -118.380402,33.940784,0
          -118.38018,33.940693,0
          -118.380035,33.940468,0
          -118.379997,33.940224,0
          -118.380043,33.940014,0
          -118.380272,33.939827,0
          -118.380478,33.939781,0
          -118.380699,33.939789,0
          -118.380951,33.939766,0
          -118.381187,33.939743,0
          -118.381676,33.939701,0
          -118.382172,33.939651,0
          -118.382446,33.939617,0
          -118.38311,33.93956,0
          -118.38343,33.939526,0
          -118.383835,33.93948,0
          -118.384338,33.939434,0
          -118.384949,33.939362,0
          -118.385567,33.939304,0
          -118.386307,33.939228,0
          -118.386864,33.939171,0
          -118.387085,33.93914,0
          -118.388557,33.939003,0
          -118.389793,33.938873,0
          -118.390846,33.93877,0
          -118.392708,33.938553,0
          -118.394218,33.938416,0
          -118.39579,33.938278,0
          -118.397598,33.938072,0
          -118.39949,33.937866,0
          -118.401199,33.937698,0
          -118.403412,33.937454,0
          -118.411499,33.936626,38.1
          -118.417625,33.935978,129.54
          -118.425293,33.935093,236.22
          -118.433403,33.934067,335.28
          -118.441605,33.932999,388.62
          -118.449722,33.931973,411.48
          -118.456604,33.931183,419.1
          -118.466263,33.930157,441.96
          -118.476509,33.92926,480.06
          -118.484802,33.928574,502.92
          -118.495956,33.927643,541.02
          -118.507462,33.926758,579.12
          -118.519249,33.925968,617.22
          -118.531944,33.925186,693.42
          -118.541451,33.924664,769.62
          -118.554039,33.92392,868.68
          -118.566399,33.922989,967.74
          -118.578743,33.921982,1059.18
          -118.59198,33.920845,1165.86
          -118.604362,33.919739,1264.92
          -118.614563,33.918777,1341.12
          -118.627228,33.917633,1417.32
          -118.639359,33.917122,1455.42
          -118.643433,33.917038,1463.04
          -118.647636,33.916901,1470.66
          -118.650436,33.916763,1470.66
          -118.654083,33.916489,1470.66
          -118.656883,33.916122,1470.66
          -118.660416,33.915573,1470.66
          -118.663391,33.914886,1478.28
          -118.66658,33.913925,1478.28
          -118.669327,33.912918,1478.28
          -118.671913,33.91177,1478.28
          -118.675659,33.90976,1478.28
          -118.678207,33.908092,1478.28
          -118.68026,33.906601,1485.9
          -118.682159,33.905018,1485.9
          -118.684906,33.902599,1493.52
          -118.686874,33.900787,1501.14
          -118.688965,33.898735,1516.38
          -118.691132,33.896622,1531.62
          -118.693314,33.894451,1546.86
          -118.695717,33.892124,1569.72
          -118.697662,33.890217,1592.58
          -118.700241,33.887794,1615.44
          -118.702301,33.885838,1645.92
          -118.704643,33.883698,1676.4
          -118.706528,33.881977,1699.26
          -118.709106,33.879646,1729.74
          -118.711105,33.877834,1752.6
          -118.72757,33.863846,1943.1
          -118.742195,33.851715,2095.5
          -118.756714,33.839893,2217.42
          -118.771019,33.828209,2377.44
          -118.788048,33.814133,2545.08
          -118.802567,33.802002,2667
          -118.819885,33.787491,2781.3
          -118.837799,33.77253,2933.7
          -118.85318,33.759705,3055.62
          -118.868706,33.746704,3131.82
          -118.885468,33.733017,3185.16
          -118.904053,33.719833,3238.5
          -118.92392,33.706833,3291.84
          -118.944565,33.693439,3337.56
          -118.965233,33.679962,3383.28
          -118.986908,33.665741,3482.34
          -119.011116,33.649681,3672.84
          -119.063545,33.615417,3909.06
          -119.125153,33.58395,4168.14
          -119.187469,33.553551,4442.46
          -119.249252,33.522919,4815.84
          -119.309845,33.492146,5128.26
          -119.369583,33.461746,5394.96
          -119.42968,33.431122,5692.14
          -119.48938,33.400764,5981.7
          -119.548012,33.371017,6210.3
          -119.612167,33.337967,6469.38
          -119.670204,33.306358,6682.74
          -119.731529,33.273491,6835.14
          -119.792625,33.240952,6995.16
          -119.857361,33.206455,7193.28
          -119.925056,33.170197,7345.68
          -119.989761,33.135452,7520.94
          -120.058762,33.098362,7703.82
          -120.128998,33.060562,7863.84
          -120.195084,33.024902,7993.38
          -120.266434,32.986359,8138.16
          -120.337677,32.947811,8244.84
          -120.408867,32.909172,8366.76
          -120.47789,32.871735,8450.58
          -120.548943,32.833061,8511.54
          -120.625565,32.791256,8602.98
          -120.701462,32.749786,8740.14
          -120.779793,32.706848,8854.44
          -120.852409,32.667007,8938.26
          -120.927063,32.626007,9029.7
          -121.00045,32.585541,9136.38
          -121.07505,32.54425,9204.96
          -121.151955,32.501747,9281.16
          -121.227402,32.459946,9364.98
          -121.305435,32.416718,9433.56
          -121.381889,32.374104,9517.38
          -121.459572,32.330715,9601.2
          -121.540627,32.285374,9692.64
          -121.619202,32.241348,9799.32
          -121.700493,32.195667,9898.38
          -121.784683,32.148323,10027.92
          -121.865623,32.102795,10134.6
          -121.945831,32.057499,10203.18
          -122.017975,32.016628,10271.76
          -122.177277,31.926083,10363.2
          -122.302658,31.854675,10363.2
          -122.406586,31.795271,10363.2
          -122.485603,31.749985,10363.2
          -122.854118,31.537605,10363.2
          -123.835739,31.069702,10363.2
          -124.030426,31.026415,10363.2
          -124.046577,31.022831,10363.2
          -128.446564,29.972458,10972.8
          -131.496796,29.136045,10972.8
          -135.965729,27.751856,10972.8
          -138.914642,26.754269,10972.8
          -143.337128,25.084738,10972.8
          -148.806915,22.76795,10972.8
          -151.048325,21.743992,10972.8
          -151.115921,21.712336,10972.8
          -151.183609,21.680649,10972.8
          -151.269501,21.64032,10972.8
          -151.338211,21.608002,10972.8
          -151.405182,21.576544,10972.8
          -151.473343,21.544422,10972.8
          -151.536972,21.513931,10972.8
          -151.611893,21.477293,10972.8
          -151.680191,21.444031,10972.8
          -151.752121,21.409048,10972.8
          -151.820267,21.37587,10972.8
          -151.891785,21.341036,10972.8
          -151.960938,21.307297,10972.8
          -152.02916,21.273907,10972.8
          -152.10704,21.235781,10972.8
          -152.171982,21.203979,10972.8
          -152.240906,21.170189,10972.8
          -152.31485,21.13385,10972.8
          -152.382675,21.100479,10972.8
          -152.451431,21.066605,10972.8
          -152.521301,21.032135,10972.8
          -152.587357,20.999529,10972.8
          -152.653336,20.966896,10972.8
          -152.722549,20.932632,10972.8
          -152.790359,20.898975,10972.8
          -152.855972,20.866425,10972.8
          -152.922089,20.833511,10972.8
          -152.985275,20.796654,10972.8
          -153.04744,20.750427,10972.8
          -153.104065,20.699266,10972.8
          -153.158432,20.64949,10972.8
          -153.212692,20.600063,10972.8
          -153.267273,20.549927,10972.8
          -153.322647,20.498978,10972.8
          -153.378372,20.447651,10972.8
          -153.434204,20.396212,10972.8
          -153.488449,20.346169,10972.8
          -153.541382,20.297241,10972.8
          -153.596664,20.246174,10972.8
          -153.64949,20.197266,10972.8
          -153.703247,20.147507,10972.8
          -153.756851,20.097719,10972.8
          -153.812943,20.045673,10972.8
          -153.867004,19.995483,10972.8
          -153.922302,19.94405,10972.8
          -153.975052,19.895004,10972.8
          -154.030624,19.843264,10972.8
          -154.082703,19.79471,10972.8
          -154.138489,19.742619,10972.8
          -154.190521,19.693972,10972.8
          -154.24585,19.642204,10972.8
          -154.299683,19.591835,10972.8
          -154.353958,19.541,10972.8
          -154.408966,19.489334,10972.8
          -154.460983,19.440586,10972.8
          -154.515808,19.389053,10972.8
          -154.568069,19.339874,10972.8
          -154.623383,19.287802,10972.8
          -154.678665,19.235687,10972.8
          -154.734634,19.18292,10972.8
          -154.786713,19.133698,10972.8
          -154.842514,19.081017,10972.8
          -154.894287,19.031998,10972.8
          -154.94838,18.980791,10972.8
          -155.001266,18.930655,10972.8
          -155.0522,18.882339,10972.8
          -155.10762,18.829729,10972.8
          -155.159409,18.780523,10972.8
          -155.211441,18.731037,10972.8
          -155.264374,18.680649,10972.8
          -155.318726,18.62883,10972.8
          -155.371002,18.578999,10972.8
          -155.422058,18.530273,10972.8
          -155.474243,18.480423,10972.8
          -155.528,18.42897,10972.8
          -155.579605,18.379623,10972.8
          -155.63147,18.32999,10972.8
          -155.68515,18.278412,10972.8
          -155.736191,18.229485,10972.8
          -155.789017,18.178802,10972.8
          -155.837982,18.131744,10972.8
          -155.906693,18.065714,10972.8
          -155.986923,17.988419,10972.8
          -156.039352,17.937744,10972.8
          -156.091095,17.887791,10972.8
          -156.147507,17.83337,10972.8
          -156.19928,17.78334,10972.8
          -156.253937,17.730444,10972.8
          -156.306366,17.679655,10972.8
          -156.359879,17.627796,10972.8
          -156.38974,17.598841,10972.8
          -156.520599,17.465065,10972.8
          -156.591217,17.40309,10972.8
          -156.720947,17.261007,10972.8
          -156.825134,17.155077,10972.8
          -156.92186,17.05846,11064.24
          -157.108063,16.872364,11460.48
          -157.206787,16.774494,11582.4
          -157.419144,16.572992,11582.4
          -157.504852,16.483992,11582.4
          -157.597534,16.396772,11582.4
          -157.692993,16.304918,11582.4
          -157.792358,16.20787,11582.4
          -157.884613,16.116831,11582.4
          -158.041763,15.975425,11582.4
          -158.150848,15.866772,11582.4
          -160.000336,14.005548,11582.4
          -161.708038,11.345374,11582.4
          -163.61615,8.26715,11582.4
          -165.595062,5.252067,11582.4
          -167.949326,2.467093,11887.2
          -170.247375,-0.264953,11887.2
          -172.790161,-2.790194,11887.2
          170.867615,-18.1604,12192
          170.820267,-18.206581,12192
          170.770798,-18.254745,12192
          170.724884,-18.299423,12192
          170.675446,-18.347488,12192
          170.628662,-18.392929,12192
          170.562241,-18.457403,12192
          170.513458,-18.504747,12192
          170.465073,-18.551626,12192
          170.416382,-18.598783,12192
          170.368271,-18.645264,12192
          170.32045,-18.691498,12192
          170.271454,-18.738811,12192
          170.246689,-18.76268,12192
          170.17807,-18.828873,12192
          170.130249,-18.874969,12199.62
          170.082489,-18.920929,12298.68
          170.032959,-18.968641,12390.12
          169.984467,-19.01524,12443.46
          169.939026,-19.061325,12496.8
          169.893463,-19.108566,12496.8
          169.847702,-19.155212,12496.8
          169.799545,-19.204056,12496.8
          169.753922,-19.25029,12496.8
          169.708511,-19.296368,12496.8
          169.659775,-19.345667,12496.8
          169.612381,-19.393661,12496.8
          169.565735,-19.440773,12496.8
          169.518356,-19.488602,12496.8
          169.472839,-19.534607,12496.8
          169.425812,-19.581966,12496.8
          169.378326,-19.629776,12496.8
          169.330383,-19.678049,12496.8
          169.285095,-19.723663,12496.8
          169.238937,-19.770037,12496.8
          169.192047,-19.817047,12496.8
          169.147125,-19.862137,12496.8
          169.099411,-19.909973,12496.8
          169.051636,-19.957809,12496.8
          169.00386,-20.005646,12496.8
          168.955399,-20.054077,12496.8
          168.906357,-20.103104,12496.8
          168.860641,-20.148697,12496.8
          168.812393,-20.196808,12496.8
          168.764771,-20.244278,12496.8
          168.716599,-20.29216,12496.8
          168.667999,-20.3405,12496.8
          168.596542,-20.411528,12496.8
          168.546661,-20.460983,12496.8
          168.486832,-20.520273,12496.8
          168.43576,-20.570755,12496.8
          168.388504,-20.617567,12496.8
          168.340424,-20.6651,12496.8
          168.295044,-20.709961,12496.8
          168.249527,-20.754822,12496.8
          168.202255,-20.801422,12496.8
          168.125275,-20.87719,12496.8
          168.076492,-20.925184,12496.8
          168.029739,-20.971085,12496.8
          167.982376,-21.01767,12496.8
          167.939758,-21.061537,12496.8
          167.892014,-21.111374,12496.8
          167.845932,-21.15889,12496.8
          167.801025,-21.204987,12496.8
          167.754715,-21.252493,12496.8
          167.709351,-21.298998,12496.8
          167.6651,-21.344341,12496.8
          167.618973,-21.391638,12496.8
          167.573395,-21.43819,12496.8
          167.527206,-21.485441,12496.8
          167.480881,-21.532654,12496.8
          167.435257,-21.579243,12496.8
          167.389099,-21.626266,12496.8
          167.329422,-21.687012,12496.8
          167.281235,-21.735939,12496.8
          167.236328,-21.78154,12496.8
          167.189835,-21.828827,12496.8
          167.143799,-21.875427,12496.8
          167.095291,-21.92452,12496.8
          167.05043,-21.970049,12496.8
          167.006317,-22.014679,12496.8
          166.960281,-22.061096,12496.8
          166.9133,-22.108496,12496.8
          166.867493,-22.154663,12496.8
          166.820221,-22.202251,12496.8
          166.773117,-22.249695,12496.8
          166.725769,-22.297256,12496.8
          166.677734,-22.345505,12496.8
          166.631592,-22.391876,12496.8
          166.584427,-22.43911,12496.8
          166.537277,-22.486313,12496.8
          166.490265,-22.533417,12496.8
          166.442459,-22.581186,12496.8
          166.397324,-22.626205,12496.8
          166.351379,-22.672073,12496.8
          166.301834,-22.721495,12496.8
          166.254349,-22.768616,12496.8
          166.206268,-22.816498,12496.8
          166.157791,-22.864691,12496.8
          166.11174,-22.910385,12496.8
          166.064453,-22.957329,12496.8
          166.016403,-23.004868,12496.8
          165.968613,-23.052109,12496.8
          165.920914,-23.099258,12496.8
          165.875595,-23.144051,12496.8
          165.827682,-23.19136,12496.8
          165.779678,-23.238691,12496.8
          165.7323,-23.285248,12496.8
          165.684113,-23.332672,12496.8
          165.638626,-23.377371,12496.8
          165.590866,-23.424295,12496.8
          165.542603,-23.471592,12496.8
          165.494949,-23.518295,12496.8
          165.447281,-23.564941,12496.8
          165.400345,-23.610901,12496.8
          165.354294,-23.655846,12496.8
          165.306137,-23.702774,12496.8
          165.259247,-23.748459,12496.8
          165.214218,-23.792337,12496.8
          165.166977,-23.838272,12496.8
          165.119171,-23.884789,12496.8
          165.072693,-23.929899,12496.8
          165.028687,-23.97254,12496.8
          164.981583,-24.018301,12496.8
          164.936493,-24.064341,12496.8
          164.893845,-24.10866,12496.8
          164.84845,-24.155165,12496.8
          164.805145,-24.199219,12496.8
          164.759171,-24.246035,12496.8
          164.713303,-24.292681,12496.8
          164.668228,-24.338516,12496.8
          164.624069,-24.383286,12496.8
          164.577744,-24.430252,12496.8
          164.532333,-24.476236,12496.8
          164.487961,-24.521118,12496.8
          164.442688,-24.566874,12496.8
          164.396515,-24.613518,12496.8
          164.345398,-24.665085,12496.8
          164.299393,-24.711418,12496.8
          164.255783,-24.75531,12496.8
          164.186111,-24.825331,12496.8
          164.11412,-24.897537,12496.8
          163.870361,-25.141281,12496.8
          163.86409,-25.147522,12496.8
          163.785904,-25.225388,12496.8
          163.627975,-25.382309,12496.8
          163.465424,-25.543119,12496.8
          161.289612,-27.604393,12496.8
          161.196091,-27.690161,12496.8
          161.125977,-27.754383,12496.8
          161.055649,-27.81867,12496.8
          160.984955,-27.88315,12496.8
          160.914337,-27.947502,12496.8
          160.867188,-27.990396,12496.8
          160.820236,-28.033054,12496.8
          160.726532,-28.118004,12496.8
          160.656494,-28.181391,12496.8
          160.586304,-28.24482,12496.8
          160.539215,-28.28722,12496.8
          160.468201,-28.35125,12496.8
          160.396744,-28.415493,12496.8
          160.34874,-28.458624,12496.8
          160.252457,-28.544863,12496.8
          160.180099,-28.609535,12496.8
          160.107407,-28.674446,12496.8
          160.034622,-28.739269,12496.8
          159.961746,-28.804092,12496.8
          159.889069,-28.868658,12496.8
          159.865005,-28.890074,12496.8
          159.768372,-28.975517,12496.8
          159.696426,-29.039118,12496.8
          159.623886,-29.10302,12496.8
          159.551361,-29.166834,12496.8
          159.478638,-29.230629,12496.8
          159.405792,-29.294571,12496.8
          159.381317,-29.316051,12496.8
          159.28392,-29.401152,12496.8
          159.210953,-29.464817,12496.8
          159.162216,-29.507303,12496.8
          159.089111,-29.570839,12496.8
          159.015732,-29.634483,12496.8
          158.966675,-29.677032,12496.8
          158.917725,-29.719412,12496.8
          158.82019,-29.803677,12496.8
          158.747269,-29.866526,12496.8
          158.698547,-29.908476,12496.8
          158.641769,-29.957228,12496.8
          158.576538,-30.013189,12496.8
          158.503204,-30.075996,12496.8
          158.454422,-30.117838,12496.8
          158.405212,-30.159767,12496.8
          158.314438,-30.237122,12496.8
          158.252289,-30.289993,12496.8
          158.198013,-30.336092,12496.8
          158.145233,-30.380875,12496.8
          158.093475,-30.424713,12496.8
          158.040161,-30.469803,12496.8
          157.989777,-30.512384,12496.8
          157.907898,-30.58136,12496.8
          157.859421,-30.622179,12496.8
          157.77623,-30.692131,12496.8
          157.720642,-30.738785,12496.8
          157.664627,-30.785646,12496.8
          157.613098,-30.82869,12496.8
          157.558701,-30.874146,12496.8
          157.507156,-30.91713,12496.8
          157.478638,-30.940899,12496.8
          157.39502,-31.010447,12496.8
          157.337418,-31.056198,12496.8
          157.28598,-31.094925,12496.8
          157.212692,-31.150955,12496.8
          157.1586,-31.19256,12496.8
          157.102844,-31.235388,12496.8
          157.047516,-31.277847,12496.8
          156.991394,-31.320858,12496.8
          156.960114,-31.344772,12496.8
          156.857681,-31.423004,12496.8
          156.803802,-31.464052,12496.8
          156.748093,-31.506369,12496.8
          156.691422,-31.549438,12496.8
          156.638062,-31.58993,12496.8
          156.609467,-31.611603,12496.8
          156.504883,-31.690704,12496.8
          156.451843,-31.730703,12496.8
          156.395874,-31.772919,12496.8
          156.341934,-31.813522,12496.8
          156.287415,-31.854486,12496.8
          156.232422,-31.895779,12496.8
          156.177185,-31.937164,12496.8
          156.123016,-31.977663,12496.8
          156.065384,-32.020725,12496.8
          156.01059,-32.061584,12496.8
          155.956482,-32.101959,12496.8
          155.898849,-32.144806,12496.8
          155.840393,-32.188267,12496.8
          155.784042,-32.22995,12496.8
          155.726044,-32.272934,12496.8
          155.667969,-32.315865,12496.8
          155.610855,-32.357994,12496.8
          155.552338,-32.401104,12496.8
          155.497086,-32.441757,12496.8
          155.438385,-32.484898,12496.8
          155.382446,-32.525955,12496.8
          155.326675,-32.56678,12496.8
          155.267303,-32.610123,12496.8
          155.207947,-32.653461,12496.8
          155.14975,-32.695908,12496.8
          155.09288,-32.737301,12496.8
          155.033737,-32.780273,12496.8
          154.974075,-32.823532,12496.8
          154.915131,-32.862625,12496.8
          154.851303,-32.896362,12496.8
          154.784897,-32.931931,12496.8
          154.718704,-32.967499,12496.8
          154.656555,-33.000648,12496.8
          154.591537,-33.035248,12496.8
          154.528366,-33.068756,12496.8
          154.466507,-33.101532,12496.8
          154.402924,-33.135185,12496.8
          154.336975,-33.170013,12496.8
          154.273712,-33.203339,12496.8
          154.208496,-33.237671,12496.8
          154.14682,-33.270138,12496.8
          154.081711,-33.30423,12496.8
          154.016769,-33.338245,12496.8
          153.952347,-33.371933,12496.8
          153.889511,-33.404114,12496.8
          153.820129,-33.438309,12496.8
          153.756683,-33.469707,12496.8
          153.68959,-33.502995,12496.8
          153.626083,-33.534462,12496.8
          153.556366,-33.568913,12496.8
          153.491165,-33.601135,12496.8
          153.42807,-33.632175,12496.8
          153.359818,-33.665787,12496.8
          153.296387,-33.696899,12496.8
          153.227829,-33.730499,12496.8
          153.159607,-33.763874,12496.8
          153.095734,-33.795017,12496.8
          153.030914,-33.82663,12496.8
          152.965561,-33.858467,12496.8
          152.897232,-33.891541,12496.8
          152.826828,-33.925644,12496.8
          152.758362,-33.95874,12496.8
          152.691193,-33.991234,12496.8
          152.626648,-34.022285,12496.8
          152.557327,-34.055603,12496.8
          152.489731,-34.087967,12496.8
          152.42067,-34.121201,12496.8
          152.357162,-34.15155,12496.8
          152.290939,-34.183121,12496.8
          152.227127,-34.21344,12496.8
          152.158813,-34.246014,12496.8
          152.094498,-34.276505,12496.8
          152.026688,-34.308578,12496.8
          151.958405,-34.340836,12496.8
          151.892548,-34.371918,12496.8
          151.824875,-34.403828,12496.8
          151.758408,-34.435043,12496.8
          151.690872,-34.466721,12496.8
          151.621307,-34.499359,12496.8
          151.556,-34.529842,12496.8
          151.487457,-34.561798,12496.8
          151.419693,-34.593388,12496.8
          151.351578,-34.625015,12496.8
          151.283447,-34.656651,12496.8
          151.215424,-34.688049,12496.8
          151.147049,-34.719635,12496.8
          151.082077,-34.749573,12496.8
          151.015381,-34.780293,12496.8
          150.944199,-34.812973,12496.8
          150.875183,-34.844582,12496.8
          150.80481,-34.876751,12496.8
          150.740601,-34.906082,12496.8
          150.671494,-34.937485,12496.8
          150.6035,-34.96843,12496.8
          150.535065,-34.999512,12496.8
          150.464935,-35.031235,12496.8
          150.396729,-35.062042,12496.8
          150.329132,-35.092567,12496.8
          150.257782,-35.124641,12496.8
          150.188538,-35.155739,12496.8
          150.12207,-35.185501,12496.8
          150.050369,-35.21759,12496.8
          149.985977,-35.246292,12496.8
          149.918854,-35.27626,12496.8
          149.847794,-35.307777,12496.8
          149.777985,-35.338806,12496.8
          149.712326,-35.367878,12496.8
          149.647171,-35.396645,12496.8
          149.576508,-35.42775,12496.8
          149.507385,-35.458187,12496.8
          149.439697,-35.487991,12496.8
          149.375092,-35.516281,12496.8
          149.305542,-35.546684,12496.8
          149.237991,-35.576202,12496.8
          149.173965,-35.604034,12496.8
          149.107239,-35.633102,12496.8
          149.040649,-35.662041,12496.8
          148.973083,-35.691227,12496.8
          148.904602,-35.720882,12496.8
          148.837799,-35.749653,12496.8
          148.770447,-35.778717,12496.8
          148.70401,-35.80719,12496.8
          148.635742,-35.836487,12496.8
          148.567596,-35.865601,12496.8
          148.501511,-35.897415,12496.8
          148.438202,-35.933998,12496.8
          148.376083,-35.968826,12496.8
          148.310104,-36.005688,12496.8
          148.249222,-36.039825,12496.8
          148.18277,-36.077007,12496.8
          148.117905,-36.113205,12496.8
          148.05246,-36.149723,12496.8
          147.987671,-36.185989,12496.8
          147.921326,-36.222946,12496.8
          147.854294,-36.260284,12496.8
          147.787796,-36.297245,12496.8
          147.722458,-36.333462,12496.8
          147.655029,-36.370659,12496.8
          147.590332,-36.406269,12496.8
          147.526825,-36.441238,12496.8
          147.462006,-36.476799,12496.8
          147.396378,-36.512783,12496.8
          147.329407,-36.549324,12496.8
          147.263779,-36.585125,12496.8
          147.197052,-36.621529,12443.46
          147.129028,-36.658585,12275.82
          147.06459,-36.69342,12123.42
          147.002625,-36.727016,11971.02
          146.937286,-36.762257,11803.38
          146.87265,-36.797215,11643.36
          146.805862,-36.833157,11422.38
          146.740112,-36.868423,10995.66
          146.677475,-36.902023,10553.7
          146.613831,-36.936081,10020.3
          146.550095,-36.970158,9570.72
          146.483688,-37.005615,9159.24
          146.416702,-37.04129,8747.76
          146.350754,-37.076248,8343.9
          146.285995,-37.11058,7962.9
          146.222122,-37.144402,7597.14
          146.159119,-37.177643,7208.52
          146.100342,-37.208542,6858
          146.039276,-37.240585,6507.48
          145.978027,-37.272812,6149.34
          145.919235,-37.303711,5806.44
          145.860748,-37.334381,5448.3
          145.803482,-37.364456,5097.78
          145.747253,-37.393925,4754.88
          145.694595,-37.421436,4427.22
          145.642227,-37.446758,4084.32
          145.638535,-37.44783,4069.08
          145.63501,-37.448669,4046.22
          145.630096,-37.449646,4015.74
          145.626053,-37.450241,3992.88
          145.621262,-37.450699,3970.02
          145.617096,-37.450951,3947.16
          145.613495,-37.451019,3924.3
          145.609406,-37.450974,3901.44
          145.605331,-37.450855,3878.58
          145.601334,-37.450623,3855.72
          145.596481,-37.450378,3832.86
          145.593506,-37.450195,3817.62
          145.588791,-37.449924,3794.76
          145.584854,-37.449738,3771.9
          145.580353,-37.449554,3749.04
          145.57637,-37.449368,3726.18
          145.572784,-37.449272,3703.32
          145.568665,-37.449135,3688.08
          145.564423,-37.449039,3665.22
          145.560486,-37.448948,3642.36
          145.536469,-37.448776,3512.82
          145.508667,-37.448807,3383.28
          145.481079,-37.448856,3307.08
          145.457809,-37.448776,3261.36
          145.435043,-37.448669,3215.64
          145.413132,-37.448483,3177.54
          145.392654,-37.448273,3147.06
          145.371811,-37.448017,3116.58
          145.352219,-37.447784,3086.1
          145.333237,-37.447506,3017.52
          145.311493,-37.44722,2918.46
          145.291626,-37.446945,2827.02
          145.272278,-37.446625,2735.58
          145.253052,-37.44635,2636.52
          145.234482,-37.44606,2552.7
          145.214417,-37.445827,2453.64
          145.193268,-37.445618,2354.58
          145.174957,-37.445362,2263.14
          145.155731,-37.445084,2171.7
          145.133713,-37.444794,2080.26
          145.114349,-37.444477,1996.44
          145.096085,-37.444153,1912.62
          145.077042,-37.443787,1828.8
          145.056793,-37.443501,1737.36
          145.03894,-37.443268,1706.88
          145.020554,-37.443081,1676.4
          145.002991,-37.442825,1645.92
          144.985458,-37.442596,1577.34
          144.968597,-37.442337,1508.76
          144.960571,-37.442184,1478.28
          144.949234,-37.442047,1447.8
          144.941132,-37.442291,1432.56
          144.938751,-37.442478,1432.56
          144.936111,-37.442757,1424.94
          144.933868,-37.443008,1417.32
          144.930817,-37.443466,1409.7
          144.928024,-37.443924,1402.08
          144.925369,-37.44434,1394.46
          144.922989,-37.44471,1394.46
          144.920654,-37.445114,1386.84
          144.918152,-37.445503,1379.22
          144.915405,-37.445969,1379.22
          144.912186,-37.446487,1371.6
          144.91008,-37.446808,1363.98
          144.907394,-37.44722,1356.36
          144.904953,-37.447598,1356.36
          144.902069,-37.448044,1348.74
          144.894592,-37.449097,1333.5
          144.885483,-37.45039,1310.64
          144.878021,-37.451416,1295.4
          144.86911,-37.452576,1280.16
          144.859818,-37.453835,1257.3
          144.853561,-37.454681,1249.68
          144.844162,-37.455978,1226.82
          144.837738,-37.456879,1203.96
          144.829605,-37.458027,1188.72
          144.821075,-37.459396,1173.48
          144.819336,-37.459843,1173.48
          144.81781,-37.460266,1165.86
          144.815628,-37.461052,1158.24
          144.813721,-37.461937,1150.62
          144.812225,-37.462772,1150.62
          144.81044,-37.463928,1143
          144.809113,-37.464962,1135.38
          144.8078,-37.46608,1127.76
          144.80661,-37.467381,1127.76
          144.805481,-37.468872,1120.14
          144.804657,-37.470245,1112.52
          144.803726,-37.472214,1104.9
          144.80307,-37.474182,1089.66
          144.802734,-37.475807,1082.04
          144.802551,-37.477386,1074.42
          144.80249,-37.47958,1066.8
          144.802551,-37.480881,1066.8
          144.802719,-37.483017,1059.18
          144.803024,-37.48494,1051.56
          144.803375,-37.486633,1043.94
          144.80368,-37.488377,1043.94
          144.804077,-37.490112,1036.32
          144.804657,-37.492447,1028.7
          144.805008,-37.494003,1021.08
          144.805481,-37.495918,1021.08
          144.805817,-37.497437,1013.46
          144.80629,-37.499588,1005.84
          144.80661,-37.501087,1005.84
          144.807053,-37.503113,998.22
          144.807343,-37.504623,990.6
          144.807693,-37.506252,982.98
          144.808044,-37.508057,982.98
          144.80835,-37.509605,975.36
          144.809418,-37.515751,960.12
          144.810379,-37.521244,937.26
          144.81163,-37.528088,906.78
          144.812515,-37.533115,883.92
          144.813721,-37.539398,845.82
          144.814941,-37.546097,800.1
          144.815765,-37.550766,769.62
          144.817001,-37.557137,739.14
          144.817841,-37.561604,708.66
          144.81868,-37.566055,685.8
          144.819733,-37.57164,655.32
          144.820526,-37.575897,624.84
          144.821533,-37.581436,586.74
          144.82254,-37.586792,556.26
          144.823532,-37.592194,525.78
          144.824295,-37.596222,502.92
          144.825226,-37.601257,472.44
          144.826248,-37.606667,441.96
          144.827148,-37.611881,411.48
          144.82811,-37.617466,381
          144.829086,-37.622498,350.52
          144.830139,-37.62767,320.04
          144.831146,-37.63311,281.94
          144.832062,-37.638107,251.46
          144.833054,-37.64328,228.6
          144.833832,-37.647446,198.12
          144.834808,-37.652481,167.64
          144.835815,-37.658012,137.16
          144.836761,-37.663227,114.3
          144.83786,-37.668964,0
          144.838409,-37.671913,0
          144.838791,-37.674088,0
          144.839142,-37.675888,0
          144.839447,-37.677532,0
          144.839676,-37.67831,0
          144.839844,-37.678543,0
          144.840073,-37.67873,0
          144.840317,-37.678802,0
          144.840561,-37.678799,0
          144.840805,-37.678753,0
          144.841064,-37.678719,0
          144.841324,-37.678699,0
          144.841537,-37.678665,0
          144.841782,-37.678642,0
          144.841995,-37.678612,0
          144.842255,-37.678577,0
          144.842545,-37.678555,0
          144.842834,-37.678505,0
          144.843079,-37.678402,0
          144.843323,-37.678242,0
          144.843536,-37.678047,0
          144.843643,-37.67783,0
          144.843689,-37.677601,0
          144.843643,-37.677143,0
          144.843613,-37.676914,0
          144.843567,-37.67667,0
          144.843536,-37.676434,0
          144.843475,-37.676182,0
          144.843414,-37.675827,0
          144.843353,-37.675541,0
          144.843292,-37.675156,0
          144.843231,-37.674786,0
          144.84314,-37.674389,0
          144.843048,-37.67387,0
          144.843002,-37.67363,0
          144.842957,-37.673401,0
          144.84288,-37.672943,0
          144.842834,-37.67268,0
          144.842758,-37.672318,0
          144.842621,-37.671604,0
          144.84256,-37.671329,0
          144.842529,-37.671055,0
          144.842484,-37.670815,0
          144.842377,-37.670254,0
          144.842316,-37.669941,0
          144.842239,-37.669582,0
          144.842178,-37.669254,0
          144.842102,-37.668835,0
          144.841995,-37.668278,0
          144.841949,-37.668045,0
          144.84198,-37.667835,0
          144.842239,-37.667686,0
          144.842484,-37.667698,0
          144.842728,-37.667679,0
          144.842941,-37.667645,0
          144.843185,-37.667614,0
          144.843399,-37.667587,0
        </coordinates>
      </LineString>
    </Placemark>
<Placemark>
      <name>DL69-2025-05-30</name>
      <TimeStamp>
        <when>2025-05-30</when>
      </TimeStamp>
      <LineString>
        <altitudeMode>absolute</altitudeMode>
        <coordinates>
          -122.29834,47.438522,0
          -122.298187,47.438301,0
          -122.298294,47.438519,0
          -122.298309,47.438755,0
          -122.298309,47.438393,0
          -122.298309,47.438663,0
          -122.298294,47.438393,0
          -122.298363,47.438034,0
          -122.298309,47.438381,0
          -122.298378,47.437935,0
          -122.298309,47.438393,0
          -122.298378,47.437965,0
          -122.298309,47.438393,0
          -122.298378,47.437954,0
          -122.298309,47.438404,0
          -122.298347,47.438198,0
          -122.298309,47.437977,0
          -122.298309,47.438404,0
          -122.298363,47.438,0
          -122.298309,47.438404,0
          -122.298073,47.438461,0
          -122.298294,47.438393,0
          -122.298088,47.43845,0
          -122.298309,47.438408,0
          -122.298553,47.438358,0
          -122.298759,47.438301,0
          -122.298981,47.438232,0
          -122.299187,47.438175,0
          -122.299477,47.438175,0
          -122.299683,47.438347,0
          -122.299751,47.438103,0
          -122.29982,47.437893,0
          -122.300026,47.437752,0
          -122.300247,47.437683,0
          -122.300461,47.437649,0
          -122.300682,47.437626,0
          -122.300934,47.437592,0
          -122.301163,47.437557,0
          -122.301369,47.437523,0
          -122.301582,47.437489,0
          -122.301903,47.437439,0
          -122.302307,47.437382,0
          -122.302643,47.437325,0
          -122.302979,47.43726,0
          -122.303375,47.437214,0
          -122.303604,47.437206,0
          -122.303841,47.437214,0
          -122.304062,47.437218,0
          -122.304283,47.437225,0
          -122.304489,47.437218,0
          -122.304718,47.437218,0
          -122.304962,47.437218,0
          -122.305229,47.437225,0
          -122.305595,47.437229,0
          -122.305969,47.437225,0
          -122.306175,47.437145,0
          -122.306374,47.436916,0
          -122.306389,47.436707,0
          -122.30629,47.436401,0
          -122.306152,47.436195,0
          -122.305946,47.435974,0
          -122.305763,47.43576,0
          -122.305664,47.435555,0
          -122.305626,47.435349,0
          -122.305603,47.435131,0
          -122.305595,47.434914,0
          -122.305603,47.434708,0
          -122.305603,47.43449,0
          -122.305595,47.434288,0
          -122.305603,47.434067,0
          -122.305618,47.433823,0
          -122.305603,47.433598,0
          -122.305618,47.43338,0
          -122.305603,47.433163,0
          -122.305618,47.432938,0
          -122.305641,47.432716,0
          -122.305687,47.432507,0
          -122.305779,47.432304,0
          -122.305916,47.432087,0
          -122.306122,47.431889,0
          -122.306404,47.431736,0
          -122.306641,47.431641,0
          -122.306885,47.431576,0
          -122.307091,47.431541,0
          -122.307343,47.431503,0
          -122.307549,47.431469,0
          -122.307762,47.43148,0
          -122.307976,47.43153,0
          -122.308151,47.431732,0
          -122.30806,47.431938,0
          -122.308044,47.432281,0
          -122.308044,47.432529,0
          -122.308029,47.432922,0
          -122.308006,47.435242,0
          -122.307976,47.438232,53.34
          -122.307976,47.442596,53.34
          -122.307907,47.448212,53.34
          -122.30777,47.453979,60.96
          -122.307632,47.459152,129.54
          -122.30748,47.466011,274.32
          -122.307358,47.472519,388.62
          -122.30722,47.478973,472.44
          -122.307152,47.485565,525.78
          -122.307083,47.49321,563.88
          -122.307083,47.500717,586.74
          -122.307152,47.50914,624.84
          -122.307266,47.517406,647.7
          -122.307762,47.526482,685.8
          -122.308327,47.536167,723.9
          -122.309029,47.546173,769.62
          -122.309525,47.549248,792.48
          -122.310104,47.55162,807.72
          -122.310791,47.553856,830.58
          -122.311707,47.556229,853.44
          -122.312973,47.558651,876.3
          -122.314499,47.561005,899.16
          -122.316559,47.56366,929.64
          -122.318413,47.565811,960.12
          -122.32058,47.568008,982.98
          -122.322945,47.570206,1013.46
          -122.324593,47.571777,1036.32
          -122.326851,47.57378,1066.8
          -122.32933,47.575974,1097.28
          -122.331352,47.577785,1120.14
          -122.333748,47.579926,1150.62
          -122.336197,47.582108,1173.48
          -122.33847,47.58416,1196.34
          -122.340797,47.586182,1219.2
          -122.342834,47.588024,1242.06
          -122.345581,47.590492,1272.54
          -122.347832,47.592495,1295.4
          -122.35009,47.594543,1318.26
          -122.352333,47.59639,1341.12
          -122.355156,47.59864,1371.6
          -122.357346,47.600224,1402.08
          -122.360504,47.602295,1432.56
          -122.363182,47.603806,1455.42
          -122.366638,47.605576,1478.28
          -122.369705,47.606873,1493.52
          -122.37355,47.608292,1516.38
          -122.376434,47.609161,1524
          -122.38076,47.61026,1546.86
          -122.384384,47.610977,1562.1
          -122.38797,47.611496,1584.96
          -122.390854,47.611862,1600.2
          -122.39537,47.612373,1623.06
          -122.399506,47.612732,1653.54
          -122.403122,47.613071,1676.4
          -122.406921,47.61335,1706.88
          -122.41143,47.61377,1744.98
          -122.415161,47.614048,1767.84
          -122.419456,47.614468,1805.94
          -122.422417,47.614746,1821.18
          -122.427109,47.615158,1851.66
          -122.430611,47.615524,1866.9
          -122.435303,47.616001,1897.38
          -122.458405,47.618469,2049.78
          -122.485939,47.620983,2209.8
          -122.509987,47.622391,2377.44
          -122.534431,47.623764,2545.08
          -122.559113,47.625126,2674.62
          -122.583801,47.626465,2834.64
          -122.612228,47.627975,2994.66
          -122.638321,47.629303,3078.48
          -122.665718,47.630722,3124.2
          -122.693459,47.632141,3177.54
          -122.723694,47.633739,3223.26
          -122.754295,47.635391,3299.46
          -122.785248,47.637043,3413.76
          -122.816231,47.638687,3589.02
          -122.847221,47.64035,3726.18
          -122.914825,47.646076,3977.64
          -122.920952,47.647518,4008.12
          -122.925392,47.648682,4023.36
          -122.930832,47.650314,4046.22
          -122.936234,47.652176,4069.08
          -122.940674,47.653896,4091.94
          -122.945114,47.655716,4107.18
          -122.949615,47.657574,4122.42
          -122.954124,47.659576,4137.66
          -122.958916,47.661762,4160.52
          -122.963211,47.663673,4183.38
          -122.967567,47.665649,4206.24
          -122.971825,47.667618,4229.1
          -122.977524,47.670181,4259.58
          -122.981575,47.672012,4274.82
          -122.985748,47.673866,4297.68
          -122.990814,47.676102,4320.54
          -123.055527,47.703735,4625.34
          -123.127213,47.73381,4968.24
          -123.196884,47.763153,5341.62
          -123.267166,47.792622,5593.08
          -123.320366,47.817902,5760.72
          -123.324211,47.820465,5775.96
          -123.328293,47.823254,5791.2
          -123.331902,47.825912,5814.06
          -123.335129,47.828373,5829.3
          -123.340126,47.832237,5852.16
          -123.343643,47.834976,5867.4
          -123.347351,47.837952,5882.64
          -123.351532,47.841316,5905.5
          -123.355057,47.844154,5920.74
          -123.359436,47.84761,5943.6
          -123.363579,47.850952,5958.84
          -123.421646,47.895721,6240.78
          -123.479782,47.939541,6408.42
          -123.53936,47.983952,6606.54
          -123.598587,48.028175,6804.66
          -123.659431,48.073654,7010.4
          -123.725418,48.122955,7277.1
          -123.788948,48.170288,7482.84
          -123.853592,48.218262,7627.62
          -123.916962,48.265079,7795.26
          -123.983177,48.31398,8001
          -124.047897,48.361588,8161.02
          -124.115875,48.411442,8343.9
          -124.181282,48.45932,8511.54
          -124.2472,48.507523,8709.66
          -124.315071,48.557056,8953.5
          -124.380051,48.604168,9060.18
          -124.449654,48.654446,9144
          -124.518906,48.704453,9281.16
          -124.58876,48.754807,9410.7
          -124.656586,48.803551,9532.62
          -124.724258,48.85199,9624.06
          -124.791733,48.900192,9745.98
          -124.865112,48.952469,9852.66
          -124.939774,49.005447,9928.86
          -125.008659,49.054279,10035.54
          -125.081459,49.105728,10226.04
          -125.15213,49.155437,10325.1
          -125.220337,49.203186,10370.82
          -125.29203,49.253403,10462.26
          -125.367386,49.306,10530.84
          -125.437706,49.354961,10721.34
          -125.506943,49.403282,10942.32
          -125.57692,49.451557,10972.8
          -125.651505,49.502701,10972.8
          -125.724648,49.553101,10972.8
          -125.799675,49.604645,10972.8
          -125.874001,49.655411,10972.8
          -125.944809,49.703705,10972.8
          -126.019638,49.754475,10972.8
          -126.091942,49.803539,10972.8
          -126.163506,49.851814,10972.8
          -126.235062,49.899994,10972.8
          -126.311447,49.951298,10972.8
          -126.386719,50.001713,10972.8
          -126.461838,50.051849,10972.8
          -126.537636,50.102234,10972.8
          -126.612007,50.151443,10972.8
          -126.685448,50.200104,10972.8
          -126.760689,50.24968,10972.8
          -126.832481,50.296902,10972.8
          -126.907127,50.345856,10972.8
          -126.981018,50.3941,10972.8
          -127.054955,50.442234,10972.8
          -127.127403,50.489346,10972.8
          -127.200745,50.536785,10972.8
          -127.279289,50.587418,10972.8
          -127.357201,50.637634,10972.8
          -127.428932,50.683731,10972.8
          -127.505035,50.732304,10972.8
          -127.579803,50.779926,10972.8
          -127.653503,50.826756,10972.8
          -127.732086,50.876568,10972.8
          -127.806931,50.923866,10972.8
          -127.884979,50.972931,10972.8
          -127.962494,51.021671,10972.8
          -128.0392,51.069717,10972.8
          -128.114243,51.116547,10972.8
          -128.193604,51.165848,10972.8
          -128.269577,51.21291,10972.8
          -128.348236,51.261555,10972.8
          -128.42804,51.310715,10972.8
          -128.507599,51.359619,10972.8
          -128.586212,51.407684,10972.8
          -128.664597,51.455475,10972.8
          -128.745209,51.504501,10972.8
          -128.825607,51.553253,10972.8
          -128.904221,51.600723,10972.8
          -128.979492,51.646042,10972.8
          -129.062042,51.695702,10972.8
          -129.140427,51.742584,10972.8
          -129.222229,51.791336,10972.8
          -129.304962,51.840385,10972.8
          -129.385529,51.888149,10972.8
          -129.462585,51.933746,10972.8
          -129.541595,51.980274,10972.8
          -129.622589,52.027805,10972.8
          -129.703964,52.075382,10972.8
          -129.782913,52.121376,10972.8
          -129.863892,52.168438,10972.8
          -129.942474,52.213943,10972.8
          -130.023651,52.260864,10972.8
          -130.102463,52.306183,10972.8
          -130.182266,52.351913,10972.8
          -130.261002,52.396912,10972.8
          -130.344864,52.444679,10972.8
          -130.423172,52.48909,10972.8
          -130.505981,52.535934,10972.8
          -130.587006,52.581711,10972.8
          -130.671463,52.629181,10972.8
          -130.753174,52.675049,10972.8
          -130.835953,52.721237,10972.8
          -130.918503,52.767197,10972.8
          -131.003799,52.814438,10972.8
          -131.083847,52.858669,10972.8
          -131.16687,52.904476,10972.8
          -131.250595,52.95047,10972.8
          -131.334763,52.996536,10972.8
          -131.420105,53.04311,10972.8
          -131.509399,53.091568,10972.8
          -131.599731,53.140503,10972.8
          -131.684555,53.186211,10972.8
          -131.774017,53.234344,10972.8
          -131.859116,53.280201,10972.8
          -131.946854,53.328709,10972.8
          -132.032242,53.375633,10972.8
          -132.121033,53.424133,10972.8
          -132.208588,53.471714,10972.8
          -132.299713,53.521061,10972.8
          -132.387604,53.568546,10972.8
          -132.480911,53.618637,10972.8
          -132.576019,53.669495,10972.8
          -132.665253,53.717148,10972.8
          -132.754028,53.764343,10972.8
          -132.842728,53.811314,10972.8
          -132.932709,53.858704,10972.8
          -133.021683,53.905426,10972.8
          -133.114075,53.953812,10972.8
          -133.206085,54.001831,10972.8
          -133.298843,54.050034,10972.8
          -133.389297,54.096912,10972.8
          -133.487411,54.147491,10972.8
          -133.579132,54.194534,10972.8
          -133.669006,54.240646,10972.8
          -133.766541,54.292557,10972.8
          -133.854172,54.339497,10972.8
          -133.947662,54.388962,10972.8
          -134.042023,54.438606,10972.8
          -134.133408,54.486507,10972.8
          -134.230377,54.537018,10972.8
          -134.328537,54.588043,10972.8
          -134.424805,54.637756,10972.8
          -134.519272,54.686451,10972.8
          -134.617249,54.736725,10972.8
          -134.712601,54.785465,10972.8
          -134.806931,54.833496,10972.8
          -134.90062,54.881084,10972.8
          -134.996002,54.929268,10972.8
          -135.094055,54.978611,10972.8
          -135.186844,55.025116,10972.8
          -135.282318,55.072739,10972.8
          -135.380798,55.121704,10972.8
          -135.478073,55.169861,10972.8
          -135.574844,55.217651,10972.8
          -135.671463,55.265076,10972.8
          -135.771393,55.313965,10972.8
          -135.86937,55.36171,10972.8
          -135.968903,55.410004,10972.8
          -136.066589,55.457245,10972.8
          -136.166382,55.505264,10972.8
          -136.262512,55.551361,10972.8
          -136.357727,55.596909,10972.8
          -136.454315,55.642773,10972.8
          -136.555649,55.69075,10972.8
          -136.654556,55.737461,10972.8
          -136.753433,55.783871,10972.8
          -136.854355,55.8311,10972.8
          -136.95256,55.876884,10972.8
          -137.053772,55.920502,10972.8
          -137.157486,55.959961,10972.8
          -137.263351,56.001068,10972.8
          -137.369354,56.042049,10972.8
          -137.476639,56.083202,10972.8
          -137.579788,56.122559,10972.8
          -137.685913,56.162933,10972.8
          -137.795517,56.204361,10972.8
          -137.900894,56.244095,10972.8
          -138.004929,56.2831,10972.8
          -138.110794,56.322647,10972.8
          -138.216248,56.361866,10972.8
          -138.319031,56.399918,10972.8
          -138.425659,56.439285,10972.8
          -138.532532,56.478477,10972.8
          -138.643677,56.519024,10972.8
          -138.746674,56.556545,10972.8
          -138.86084,56.5979,10972.8
          -138.968552,56.636765,10972.8
          -139.089233,56.680069,10972.8
          -139.201324,56.720123,10972.8
          -139.315506,56.760677,10972.8
          -139.388763,56.78656,10972.8
          -139.507156,56.822578,10972.8
          -139.881271,56.958984,10972.8
          -139.974945,56.988972,10972.8
          -140.243286,57.060154,10972.8
          -140.42218,57.091011,10972.8
          -140.676819,57.140232,10972.8
          -140.866409,57.169552,10972.8
          -141.134903,57.218983,10972.8
          -141.436035,57.275764,10972.8
          -141.588806,57.299381,10972.8
          -141.859207,57.349197,10972.8
          -142.064423,57.381477,10972.8
          -142.319016,57.427242,10972.8
          -142.572784,57.468971,10972.8
          -142.816849,57.512512,10972.8
          -143.062759,57.552731,10972.8
          -143.315781,57.597889,10972.8
          -143.552475,57.63662,10972.8
          -143.796219,57.672688,10972.8
          -144.085205,57.722725,10972.8
          -144.325043,57.759857,10972.8
          -144.499191,57.783833,10972.8
          -144.802383,57.826916,10972.8
          -144.959564,57.853745,10972.8
          -145.197052,57.892239,10972.8
          -145.507004,57.937759,10972.8
          -145.703857,57.964336,10972.8
          -145.965805,57.999619,10972.8
          -146.288544,58.043594,10972.8
          -146.413727,58.061386,10972.8
          -146.689804,58.097576,10972.8
          -147.041718,58.15036,10972.8
          -147.167633,58.16674,10972.8
          -147.241516,58.176361,10972.8
          -147.482193,58.207561,10972.8
          -147.830795,58.250977,10972.8
          -147.958023,58.266724,10972.8
          -148.085724,58.28233,10972.8
          -148.217194,58.298344,10972.8
          -148.343079,58.313473,10972.8
          -148.467026,58.328201,10972.8
          -148.598877,58.343826,10972.8
          -148.722107,58.358231,10972.8
          -148.850754,58.373108,10972.8
          -148.976471,58.387527,10972.8
          -149.102722,58.401901,10972.8
          -149.229492,58.416168,10972.8
          -149.362061,58.430969,10972.8
          -149.487579,58.444798,10972.8
          -149.614655,58.458672,11049
          -149.748596,58.47324,11087.1
          -149.881607,58.487457,11155.68
          -150.008835,58.500961,11269.98
          -150.133759,58.515701,11407.14
          -150.257538,58.532501,11460.48
          -150.39299,58.549942,11483.34
          -150.520111,58.565834,11529.06
          -150.64856,58.581661,11582.4
          -150.777878,58.597458,11582.4
          -150.905014,58.61293,11582.4
          -151.032684,58.628265,11582.4
          -151.169312,58.644562,11582.4
          -151.298584,58.659824,11582.4
          -151.432541,58.675461,11582.4
          -151.570313,58.691391,11582.4
          -151.702789,58.706608,11582.4
          -151.829376,58.720963,11582.4
          -151.966171,58.736298,11582.4
          -152.099518,58.751129,11582.4
          -152.22612,58.765045,11582.4
          -152.355743,58.779182,11582.4
          -152.485931,58.793289,11582.4
          -152.624466,58.808075,11582.4
          -152.75116,58.821487,11582.4
          -152.880341,58.834991,11582.4
          -153.008972,58.848267,11582.4
          -153.148285,58.862511,11582.4
          -153.285461,58.876465,11582.4
          -153.414413,58.889374,11582.4
          -153.552124,58.903011,11582.4
          -153.687927,58.916279,11582.4
          -153.821228,58.929153,11582.4
          -153.959839,58.94244,11582.4
          -154.091019,58.954872,11582.4
          -154.228348,58.967674,11582.4
          -154.365768,58.980381,11582.4
          -154.502716,58.992905,11582.4
          -154.638351,59.0051,11582.4
          -154.774918,59.01725,11582.4
          -154.917938,59.029816,11582.4
          -155.054977,59.041737,11582.4
          -155.19751,59.053936,11582.4
          -155.328308,59.064968,11582.4
          -155.467819,59.076557,11582.4
          -155.605515,59.087872,11582.4
          -155.739151,59.098717,11582.4
          -155.874481,59.109558,11582.4
          -156.014664,59.120598,11582.4
          -156.156738,59.131668,11582.4
          -156.294159,59.142197,11582.4
          -156.424805,59.152039,11582.4
          -156.55838,59.162018,11582.4
          -156.692413,59.171852,11582.4
          -156.833435,59.182045,11582.4
          -156.967896,59.191635,11582.4
          -157.108002,59.201458,11582.4
          -157.242554,59.21077,11582.4
          -157.381241,59.220173,11582.4
          -157.522537,59.229622,11582.4
          -157.653351,59.238235,11582.4
          -157.788681,59.246986,11582.4
          -157.920685,59.255356,11582.4
          -158.055573,59.26379,11582.4
          -158.195831,59.272449,11582.4
          -158.32814,59.280457,11582.4
          -158.45929,59.288269,11582.4
          -158.604309,59.296703,11582.4
          -158.737976,59.304337,11582.4
          -158.879059,59.312302,11582.4
          -159.012085,59.31958,11582.4
          -159.149597,59.326996,11582.4
          -159.292511,59.334595,11582.4
          -159.431976,59.341812,11582.4
          -159.564011,59.348518,11582.4
          -159.707687,59.35564,11582.4
          -159.850067,59.362518,11582.4
          -159.991241,59.369232,11582.4
          -160.125351,59.375423,11582.4
          -160.259491,59.381516,11582.4
          -160.405151,59.38797,11582.4
          -160.540649,59.393814,11582.4
          -160.677795,59.399597,11582.4
          -160.81073,59.405045,11582.4
          -160.945587,59.410446,11582.4
          -161.079071,59.415619,11582.4
          -161.214478,59.420746,11582.4
          -161.351532,59.425781,11582.4
          -161.496368,59.430962,11582.4
          -161.631424,59.435661,11582.4
          -161.768753,59.440273,11582.4
          -161.906555,59.44474,11582.4
          -162.037643,59.448883,11582.4
          -162.175064,59.453072,11582.4
          -162.308319,59.456844,11582.4
          -162.45105,59.455494,11582.4
          -162.586761,59.453026,11582.4
          -162.723358,59.450912,11582.4
          -162.861618,59.448513,11582.4
          -163.014954,59.44553,11582.4
          -163.157043,59.442673,11582.4
          -163.296234,59.439713,11582.4
          -163.437561,59.436539,11582.4
          -163.570984,59.43338,11582.4
          -163.703583,59.430168,11582.4
          -163.840057,59.426632,11582.4
          -163.973694,59.42308,11582.4
          -164.108368,59.419323,11582.4
          -164.242676,59.415482,11582.4
          -164.365906,59.411819,11582.4
          -164.51268,59.407314,11582.4
          -164.659882,59.402618,11582.4
          -164.865417,59.395752,11582.4
          -165.018402,59.390533,11582.4
          -165.210938,59.383621,11582.4
          -165.456573,59.374329,11582.4
          -165.593903,59.368973,11582.4
          -165.721466,59.363834,11582.4
          -165.86647,59.357876,11582.4
          -165.981155,59.353031,11582.4
          -166.153015,59.345581,11582.4
          -166.297867,59.339115,11582.4
          -166.459167,59.331757,11582.4
          -166.58815,59.325752,11582.4
          -166.7771,59.316628,11582.4
          -166.9216,59.309418,11582.4
          -167.064148,59.302277,11582.4
          -167.207062,59.294907,11582.4
          -167.347061,59.287487,11582.4
          -167.487518,59.2799,11582.4
          -167.626831,59.272312,11582.4
          -167.764069,59.264603,11582.4
          -167.897903,59.25695,11582.4
          -168.027924,59.249405,11582.4
          -168.163177,59.241402,11582.4
          -168.305618,59.232788,11582.4
          -168.446594,59.224091,11582.4
          -168.576965,59.215988,11582.4
          -168.721497,59.206814,11582.4
          -168.852081,59.198364,11582.4
          -168.990372,59.189217,11582.4
          -169.130676,59.179871,11582.4
          -169.264648,59.17078,11582.4
          -169.39801,59.16156,11582.4
          -169.533813,59.15202,11582.4
          -169.661499,59.142975,11582.4
          -169.710846,59.13945,11582.4
          -169.845245,59.128677,11582.4
          -170.209167,59.102509,11582.4
          -170.296234,59.095879,11582.4
          -170.553558,59.075859,11582.4
          -170.714172,59.063095,11582.4
          -170.768188,59.058746,11582.4
          -171.161682,59.026421,11582.4
          -171.39856,59.006359,11582.4
          -171.543365,58.993927,11582.4
          -171.690826,58.980988,11582.4
          -171.828461,58.968796,11582.4
          -171.981262,58.955063,11582.4
          -172.115417,58.94286,11582.4
          -172.591278,58.898438,11582.4
          -172.738403,58.884293,11582.4
          -172.881317,58.870377,11582.4
          -172.957108,58.86293,11582.4
          -173.491394,58.809128,11582.4
          -173.632782,58.794453,11582.4
          -173.773407,58.779739,11582.4
          -173.91806,58.764427,11582.4
          -174.02681,58.752777,11582.4
          -174.298355,58.723343,11582.4
          -174.446503,58.706982,11582.4
          -174.585785,58.691437,11582.4
          -174.674835,58.681423,11582.4
          -177.704712,58.231487,11582.4
          175.848022,56.344242,11583.6192
          171.966583,54.929581,11581.1808
          168.340591,53.301544,11582.4
          165.371185,52.252865,11887.2
          163.861084,51.670486,11887.2
          163.749741,51.626129,11887.2
          163.722122,51.615097,11887.2
          163.640533,51.582458,11887.2
          160.765686,50.364632,11887.2
          160.589249,50.285385,11887.2
          160.495148,50.242905,11887.2
          160.464966,50.229259,11887.2
          160.151794,50.086159,11887.2
          160.059235,50.043549,11887.2
          159.964569,49.999756,11887.2
          159.87059,49.956116,11887.2
          159.78421,49.915833,11887.2
          159.690826,49.872208,11887.2
          159.600174,49.8297,11894.82
          159.511871,49.788162,11887.2
          159.391235,49.731125,11887.2
          159.253769,49.665115,11887.2
          159.191071,49.634136,11887.2
          159.102844,49.5905,11887.2
          158.937347,49.508724,11887.2
          158.864456,49.472553,11887.2
          158.696457,49.388809,11887.2
          158.603912,49.342484,11887.2
          158.514938,49.297703,11887.2
          158.426605,49.253201,11887.2
          157.786728,48.926029,12161.52
          157.624237,48.841644,12192
          157.577042,48.817062,12192
          157.28421,48.663528,12192
          157.268051,48.655048,12192
          156.309143,48.139938,12192
          152.713745,46.034603,12199.3152
          149.499405,43.881226,12192
          149.446884,43.843922,12192
          149.394455,43.806564,12192
          149.34082,43.768227,12192
          149.287918,43.730576,12192
          149.236115,43.693451,12192
          149.18277,43.655182,12192
          149.133148,43.619476,12192
          149.079483,43.580933,12192
          149.028641,43.544266,12192
          148.972839,43.503902,12192
          148.922104,43.467083,12192
          148.866272,43.42662,12192
          148.813782,43.388489,12192
          148.760757,43.349808,12192
          148.71048,43.313133,12192
          148.661179,43.277069,12192
          148.610886,43.240231,12192
          148.557831,43.201263,12192
          148.50769,43.164444,12192
          148.457474,43.127483,12192
          148.404221,43.088196,12192
          148.352707,43.050159,12192
          148.301758,43.012436,12192
          148.25174,42.975212,12192
          148.201584,42.938061,12192
          148.152481,42.90152,12192
          148.100082,42.86237,12192
          148.050995,42.825623,12192
          147.998703,42.786484,12192
          147.950012,42.749954,12192
          147.901138,42.713261,12192
          147.851059,42.675552,12192
          147.798203,42.635696,12192
          147.749054,42.598648,12192
          147.699692,42.561314,12192
          147.650818,42.524258,12192
          147.597321,42.483582,12192
          147.548691,42.446594,12192
          147.496323,42.406769,12192
          147.445145,42.367584,12192
          147.393509,42.328217,12192
          147.343521,42.289963,12192
          147.294693,42.252548,12192
          147.244827,42.214325,12192
          147.197067,42.177631,12192
          147.14679,42.138901,12192
          147.09697,42.100449,12192
          147.047089,42.061901,12192
          146.995605,42.022007,12192
          146.945908,41.983463,12192
          146.893982,41.9431,12192
          146.844513,41.904602,12192
          146.792831,41.864365,12192
          146.740417,41.823555,12192
          146.690033,41.784218,12192
          146.639389,41.744568,12192
          146.588699,41.704742,12192
          146.538574,41.665466,12192
          146.489197,41.626694,12192
          146.439636,41.587555,12192
          146.386642,41.545761,12192
          146.335709,41.505432,12192
          146.28334,41.464005,12192
          146.235306,41.425812,12192
          146.185608,41.386322,12192
          146.132584,41.344112,12192
          146.081085,41.303009,12192
          146.031616,41.263458,12192
          145.982056,41.22377,12192
          145.933655,41.184906,12192
          145.881958,41.143433,12192
          145.833069,41.104019,12192
          145.783081,41.06369,12192
          145.733017,41.023228,12192
          145.680893,40.980961,12192
          145.633179,40.942291,12192
          145.583023,40.901588,12192
          145.533081,40.860901,12192
          145.480835,40.818352,12192
          145.432388,40.778782,12192
          145.379715,40.735676,12192
          145.331848,40.696472,12192
          145.282639,40.656071,12192
          145.233139,40.615292,12192
          145.181015,40.572418,12192
          145.130829,40.530987,12192
          145.080399,40.489323,12192
          145.030701,40.448135,12192
          144.981384,40.407249,12192
          144.929504,40.36409,12192
          144.879883,40.3228,12192
          144.827515,40.279129,12192
          144.778259,40.238022,12192
          144.728577,40.196457,12192
          144.678711,40.154572,12192
          144.628052,40.112137,12192
          144.577774,40.069794,12192
          144.527283,40.027313,12192
          144.47496,39.983112,12192
          144.425522,39.941307,12192
          144.377075,39.90033,12192
          144.328186,39.858818,12192
          144.277771,39.815849,12192
          144.229187,39.774559,12192
          144.182358,39.734573,12192
          144.131317,39.690948,12192
          144.083969,39.650436,12192
          144.033081,39.606876,12192
          143.98584,39.566238,12192
          143.937988,39.525085,12192
          143.89032,39.483978,12192
          143.84256,39.442749,12192
          143.795029,39.401688,12192
          143.745972,39.359173,12192
          143.69603,39.315811,12192
          143.648804,39.274796,12192
          143.600159,39.232456,12192
          143.550415,39.189102,12192
          143.499634,39.144844,12192
          143.451233,39.102448,12192
          143.400879,39.058353,12192
          143.34967,39.013336,12192
          143.300293,38.96981,12192
          143.252991,38.928192,12192
          143.202316,38.886154,12192
          143.14917,38.846119,12192
          143.094299,38.803986,12192
          143.043549,38.764893,12192
          142.989746,38.723557,12192
          142.935715,38.681946,12192
          142.884338,38.642361,12192
          142.83284,38.602753,12192
          142.782852,38.56398,12192
          142.729675,38.52272,12192
          142.675415,38.480591,12192
          142.624573,38.440979,12192
          142.573547,38.401245,12192
          142.523178,38.361923,12192
          142.47258,38.322327,12192
          142.422165,38.283211,12192
          142.371292,38.244526,12192
          142.316895,38.202896,12192
          142.266205,38.163898,12192
          142.215622,38.124847,12192
          142.165054,38.085644,12192
          142.111618,38.044399,12192
          142.057098,38.00222,12192
          142.001968,37.959229,12192
          141.949326,37.91824,12192
          141.892365,37.873924,12192
          141.837357,37.830963,12192
          141.78035,37.786453,12192
          141.72142,37.740318,12192
          141.66333,37.69479,12192
          141.604507,37.648518,12192
          141.545883,37.602291,12192
          141.489822,37.55809,12192
          141.428574,37.509659,12192
          141.368607,37.46217,12192
          141.307404,37.413754,12192
          141.247452,37.366085,12192
          141.191925,37.32172,12199.62
          141.132065,37.273911,12192
          141.069183,37.227448,12192
          141.064926,37.225067,12192
          141.059372,37.222092,12192
          141.054657,37.219723,12192
          141.050064,37.217491,12192
          141.045288,37.215225,12192
          141.040512,37.21302,12192
          141.035797,37.21088,12192
          141.030365,37.208412,12192
          141.025284,37.206131,12192
          141.019974,37.203758,12192
          141.015717,37.201859,12192
          140.9384,37.166107,12192
          140.86055,37.128716,12192
          140.784531,37.092133,12192
          140.708923,37.05574,12192
          140.637039,37.021271,12192
          140.559555,36.983982,12192
          140.487259,36.948978,12192
          140.41011,36.911594,12192
          140.333511,36.87442,12192
          140.261169,36.839207,12192
          140.185547,36.802277,12192
          140.108353,36.764648,12192
          140.034088,36.728302,12192
          139.959747,36.691776,12192
          139.884644,36.654812,12192
          139.809204,36.617664,12192
          139.738846,36.58289,12192
          139.666672,36.54483,12192
          139.598999,36.499374,12192
          139.53215,36.455429,12192
          139.463882,36.41098,12192
          139.396362,36.366714,12192
          139.327789,36.32159,12192
          139.258896,36.276112,12192
          139.19046,36.230816,12192
          139.125488,36.187847,12192
          139.058167,36.143158,12192
          138.991867,36.099152,12192
          138.926575,36.055618,12192
          138.859589,36.010948,12192
          138.791626,35.965469,12192
          138.723434,35.919754,12192
          138.655533,35.87418,12192
          138.588562,35.829117,12192
          138.52066,35.783386,12192
          138.452621,35.737408,12192
          138.389694,35.694813,12192
          138.321365,35.648483,12192
          138.253204,35.602249,12192
          138.186325,35.556702,12192
          138.123734,35.513958,12192
          138.058472,35.46936,12192
          137.995148,35.426056,12192
          137.928772,35.380508,12192
          137.862061,35.334686,12192
          137.795563,35.288864,12192
          137.730927,35.244232,12192
          137.666183,35.199543,12192
          137.59964,35.153503,12192
          137.534088,35.108047,12192
          137.470978,35.064148,12192
          137.405502,35.018555,12192
          137.340485,34.973206,12192
          137.274796,34.927307,12192
          137.208694,34.880997,12192
          137.142609,34.834671,12192
          137.075272,34.787277,12192
          137.011185,34.742123,12192
          136.946655,34.696564,12192
          136.878662,34.651749,12192
          136.810745,34.609123,12192
          136.74202,34.564991,12192
          136.673248,34.520348,12192
          136.607025,34.477112,12192
          136.537308,34.431656,12192
          136.468643,34.386932,12192
          136.401093,34.342758,12192
          136.332932,34.297989,12199.62
          136.265564,34.253723,12192
          136.197617,34.209137,12192
          136.129349,34.164001,12192
          136.066742,34.122574,12192
          136.001419,34.079311,12192
          135.936249,34.036194,12192
          135.870667,33.99263,12192
          135.805542,33.949337,12192
          135.740906,33.906235,12192
          135.67691,33.863541,12192
          135.610596,33.819176,12192
          135.544449,33.774765,12192
          135.477966,33.730087,12192
          135.412766,33.686279,12192
          135.348236,33.642742,12192
          135.288162,33.602291,12192
          135.222198,33.557648,12192
          135.15863,33.514584,12192
          135.095291,33.471523,12192
          135.033188,33.429302,12192
          134.983963,33.399788,12192
          134.979614,33.397888,12192
          134.975006,33.395969,12192
          134.969391,33.393875,12192
          134.965134,33.392338,12192
          134.960007,33.390701,12192
          134.956055,33.389454,12192
          134.950943,33.387955,12192
          134.945786,33.38649,12192
          134.941116,33.385162,12192
          134.935989,33.383728,12192
          134.930298,33.382141,12192
          134.925507,33.380795,12192
          134.920288,33.379353,12192
          134.915756,33.378048,12192
          134.846466,33.356495,12192
          134.773544,33.333031,12192
          134.717041,33.315125,12192
          134.61702,33.283585,12192
          134.544128,33.260468,12192
          134.471878,33.237507,12192
          134.397675,33.213821,12192
          134.325272,33.190704,12192
          134.2659,33.17157,12192
          134.180405,33.144028,12199.62
          134.108627,33.120987,12192
          134.037704,33.098099,12192
          133.969421,33.076035,12192
          133.896149,33.052277,12192
          133.824188,33.028812,12192
          133.749924,33.004532,12192
          133.678513,32.981232,12192
          133.606308,32.957634,12192
          133.535965,32.934498,12192
          133.464935,32.911148,12192
          133.394135,32.887802,12192
          133.327545,32.865875,12192
          133.257721,32.842789,12192
          133.191177,32.820583,12192
          133.120453,32.797119,12192
          133.050964,32.774002,12192
          132.981049,32.748688,12192
          132.912979,32.716919,12192
          132.848984,32.687027,12192
          132.780533,32.655186,12192
          132.712204,32.623203,12192
          132.648422,32.593315,12192
          132.580704,32.561474,12192
          132.512909,32.529648,12192
          132.448151,32.499069,12192
          132.381943,32.467903,12192
          132.3172,32.437317,12192
          132.250061,32.405525,12199.62
          132.18425,32.374428,12192
          132.118011,32.342972,12199.62
          132.051056,32.31102,12192
          131.982437,32.278152,12192
          131.916794,32.246796,12192
          131.853149,32.216431,12192
          131.790344,32.186371,12192
          131.723267,32.154144,12192
          131.655869,32.121735,12192
          131.588135,32.088959,12192
          131.524261,32.058014,12192
          131.453262,32.023705,12192
          131.388474,31.992374,12192
          131.321014,31.959641,12192
          131.257416,31.928738,12192
          131.190598,31.896103,12192
          131.126312,31.864727,12192
          131.058426,31.831442,12192
          130.992676,31.799332,12192
          130.925507,31.766363,12192
          130.862335,31.735266,12192
          130.795959,31.702515,12192
          130.729889,31.67,12192
          130.662811,31.6369,12192
          130.600189,31.605835,12192
          130.533951,31.573013,12192
          130.467041,31.539747,12192
          130.40152,31.507141,12192
          130.335587,31.474201,12192
          130.270493,31.441801,12192
          130.204895,31.409042,12192
          130.139648,31.376301,12192
          130.076202,31.344366,12192
          130.01265,31.312431,12192
          129.950897,31.279146,12192
          129.889099,31.237793,12192
          129.826675,31.195908,12192
          129.762268,31.153084,12192
          129.701508,31.112444,12192
          129.641846,31.072311,12192
          129.577972,31.029327,12192
          129.518707,30.989407,12192
          129.457458,30.948114,12192
          129.398285,30.908125,12192
          129.335556,30.865669,12192
          129.272736,30.823059,12192
          129.210739,30.780945,12192
          129.147247,30.73835,12192
          129.08699,30.699188,12192
          129.023331,30.657623,12192
          128.964035,30.618668,12192
          128.900436,30.576736,12192
          128.838593,30.535801,12192
          128.777512,30.4953,12192
          128.716644,30.454893,12192
          128.656631,30.415054,12192
          128.595795,30.374638,12192
          128.534714,30.333984,12192
          128.470566,30.291229,12192
          128.406387,30.248295,12192
          128.343048,30.205839,12192
          128.279053,30.162964,12192
          128.220337,30.123581,12192
          128.156067,30.080427,12192
          128.092239,30.037413,12192
          128.03186,29.996634,12192
          127.972153,29.956272,12192
          127.911896,29.915539,12192
          127.853447,29.875923,12199.62
          127.790596,29.832163,12192
          127.729691,29.785721,12192
          127.667679,29.738708,12192
          127.609795,29.695541,12192
          127.551918,29.652239,12192
          127.492516,29.607735,12192
          127.430313,29.561508,12192
          127.369568,29.520124,12192
          127.305367,29.47683,12192
          127.246292,29.43605,12192
          127.182152,29.3915,12192
          127.122383,29.34993,12192
          127.020546,29.279114,12192
          126.959854,29.236816,12184.38
          126.896881,29.192722,12192
          126.838562,29.151943,12192
          126.757088,29.094955,12192
          126.680443,29.041122,12192
          126.662399,29.028486,12192
          126.543541,28.944506,12192
          126.459908,28.881754,12192
          126.389465,28.829224,12199.62
          126.382195,28.823843,12192
          126.208839,28.694799,12192
          126.14576,28.647675,12192
          126.089615,28.606201,12192
          125.970398,28.522842,12192
          125.937035,28.499187,12192
          125.790115,28.394537,12192
          125.70562,28.334198,12192
          125.640564,28.287653,12192
          125.548096,28.221409,12192
          125.48542,28.176407,12192
          125.377983,28.099136,12192
          125.313828,28.052984,12192
          125.262207,28.015686,12192
          125.146851,27.932228,12192
          125.085823,27.888016,12192
          125.009026,27.832306,12192
          124.939636,27.78186,12192
          124.874619,27.734566,12192
          124.810753,27.687927,12192
          124.745399,27.640274,12199.62
          124.682884,27.594398,12192
          124.617554,27.546707,12192
          124.556099,27.501755,12192
          124.493027,27.455521,12192
          124.431358,27.410248,12192
          124.363068,27.363405,12192
          124.293617,27.328125,12192
          124.216446,27.299723,12192
          124.143715,27.274445,12146.28
          124.068077,27.248375,11978.64
          123.990059,27.22212,11811
          123.916664,27.196381,11643.36
          123.898109,27.187271,11605.26
          123.892876,27.184387,11590.02
          123.888725,27.182007,11582.4
          123.884109,27.179245,11567.16
          123.879456,27.176311,11559.54
          123.875252,27.17363,11544.3
          123.870644,27.170517,11536.68
          123.865982,27.167313,11521.44
          123.86142,27.164108,11498.58
          123.858467,27.162003,11490.96
          123.852196,27.157425,11468.1
          123.848511,27.154665,11452.86
          123.845764,27.152618,11437.62
          123.839806,27.148087,11407.14
          123.782433,27.103132,11087.1
          123.72274,27.057404,10728.96
          123.664909,27.013687,10378.44
          123.605675,26.968918,10020.3
          123.548569,26.925613,9669.78
          123.493515,26.883823,9326.88
          123.436943,26.840836,9144
          123.381958,26.799006,9144
          123.331726,26.760834,9144
          123.281921,26.72294,9144
          123.233437,26.68602,9144
          123.18058,26.641754,9144
          123.134819,26.592918,9144
          123.092171,26.540222,9144
          123.078224,26.52681,9144
          123.075241,26.524162,9144
          123.069473,26.519165,9144
          123.066154,26.516327,9144
          123.063087,26.513735,9144
          123.058128,26.509499,9144
          123.00721,26.465086,9144
          122.956184,26.418861,9144
          122.902153,26.369934,9144
          122.851608,26.32402,9144
          122.800583,26.27762,9144
          122.750084,26.231674,9144
          122.697388,26.18367,9144
          122.646187,26.136932,9014.46
          122.597313,26.092346,8854.44
          122.545097,26.04458,8694.42
          122.496239,25.999891,8534.4
          122.449173,25.956783,8382
          122.400597,25.91217,8100.06
          122.354469,25.869869,7879.08
          122.308601,25.827942,7414.26
          122.260002,25.783003,7170.42
          122.210945,25.737854,6880.86
          122.165276,25.695648,6606.54
          122.124176,25.657745,6362.7
          122.080025,25.619522,6073.14
          122.077698,25.618116,6057.9
          122.071266,25.614763,6019.8
          122.067642,25.613134,5996.94
          122.063652,25.611551,5974.08
          122.060852,25.610596,5966.46
          122.055412,25.608948,5935.98
          122.052666,25.608215,5920.74
          122.048309,25.607176,5905.5
          122.044113,25.606245,5882.64
          122.037453,25.604782,5852.16
          122.033844,25.604004,5836.92
          122.03038,25.603218,5821.68
          122.026131,25.602287,5798.82
          122.021881,25.601311,5783.58
          122.018303,25.600471,5768.34
          122.014214,25.599518,5753.1
          121.958466,25.585327,5532.12
          121.903419,25.570866,5219.7
          121.836876,25.55378,4892.04
          121.779884,25.53923,4663.44
          121.731888,25.526873,4434.84
          121.683586,25.514536,4328.16
          121.638191,25.502806,4236.72
          121.595818,25.491943,4107.18
          121.574959,25.485626,3977.64
          121.572723,25.484528,3962.4
          121.569771,25.48288,3947.16
          121.567688,25.481552,3931.92
          121.5653,25.479904,3916.68
          121.562843,25.478132,3893.82
          121.560715,25.476549,3886.2
          121.558128,25.474503,3863.34
          121.556145,25.472946,3855.72
          121.554031,25.471243,3840.48
          121.552071,25.469604,3832.86
          121.549469,25.467472,3817.62
          121.547493,25.465851,3810
          121.545563,25.464294,3802.38
          121.543457,25.462584,3787.14
          121.541077,25.460583,3779.52
          121.508896,25.434793,3604.26
          121.495522,25.424318,3528.06
          121.481781,25.413574,3451.86
          121.468987,25.403648,3383.28
          121.455894,25.393433,3291.84
          121.442764,25.383165,3215.64
          121.429863,25.373112,3154.68
          121.416855,25.362963,3101.34
          121.404671,25.353378,3040.38
          121.392113,25.343491,2956.56
          121.379448,25.333603,2880.36
          121.366676,25.323578,2819.4
          121.354408,25.31399,2811.78
          121.341919,25.304167,2811.78
          121.329224,25.294205,2811.78
          121.314796,25.282837,2811.78
          121.300461,25.271627,2811.78
          121.287483,25.261459,2811.78
          121.275177,25.251801,2811.78
          121.26226,25.241638,2773.68
          121.250099,25.232117,2743.2
          121.237755,25.222422,2712.72
          121.22538,25.212708,2682.24
          121.212883,25.202869,2644.14
          121.200859,25.193419,2613.66
          121.186401,25.181967,2575.56
          121.174431,25.172379,2514.6
          121.162468,25.162766,2438.4
          121.150055,25.152786,2346.96
          121.138458,25.143402,2286
          121.126755,25.133972,2240.28
          121.11425,25.123901,2194.56
          121.103539,25.115305,2133.6
          121.093292,25.10701,2034.54
          121.082916,25.098499,1935.48
          121.07061,25.088333,1836.42
          121.05954,25.07918,1798.32
          121.048988,25.070526,1752.6
          121.037598,25.061188,1691.64
          121.026894,25.052505,1615.44
          121.017151,25.04393,1546.86
          121.015572,25.042007,1531.62
          121.014458,25.040262,1524
          121.013367,25.038168,1516.38
          121.012642,25.036446,1508.76
          121.01207,25.034676,1508.76
          121.011658,25.032721,1501.14
          121.011398,25.030207,1493.52
          121.011353,25.028549,1485.9
          121.011452,25.02681,1478.28
          121.011757,25.024292,1470.66
          121.011963,25.022964,1463.04
          121.01252,25.020676,1447.8
          121.013161,25.018476,1440.18
          121.013741,25.016739,1424.94
          121.014404,25.015078,1417.32
          121.015541,25.012844,1402.08
          121.016319,25.011539,1386.84
          121.017616,25.009678,1371.6
          121.019135,25.007721,1356.36
          121.020454,25.006256,1341.12
          121.022034,25.004562,1318.26
          121.023308,25.003281,1303.02
          121.024376,25.002228,1287.78
          121.026558,25.000214,1264.92
          121.027824,24.99897,1249.68
          121.029488,24.99748,1226.82
          121.03083,24.996277,1219.2
          121.031952,24.995224,1203.96
          121.033836,24.993525,1181.1
          121.035339,24.992174,1165.86
          121.036949,24.990685,1143
          121.03846,24.989319,1127.76
          121.040192,24.987717,1104.9
          121.045967,24.982399,1036.32
          121.051559,24.977278,960.12
          121.056641,24.972622,891.54
          121.057571,24.97183,876.3
          121.059387,24.970573,853.44
          121.06176,24.969223,822.96
          121.063377,24.968479,807.72
          121.06588,24.967667,777.24
          121.069336,24.967072,739.14
          121.076714,24.967484,693.42
          121.08683,24.971466,678.18
          121.088867,24.972656,678.18
          121.090904,24.973984,678.18
          121.092606,24.975182,678.18
          121.094566,24.976593,678.18
          121.096024,24.977743,678.18
          121.097839,24.979139,678.18
          121.099449,24.980392,678.18
          121.101158,24.981792,678.18
          121.1026,24.982956,678.18
          121.104317,24.9844,678.18
          121.106026,24.98575,678.18
          121.107841,24.987286,678.18
          121.109467,24.988632,678.18
          121.110901,24.989799,678.18
          121.115921,24.993942,678.18
          121.121109,24.998133,678.18
          121.125977,25.001949,678.18
          121.132561,25.00708,662.94
          121.136932,25.010513,640.08
          121.142982,25.015274,594.36
          121.147102,25.018616,571.5
          121.15168,25.022232,533.4
          121.156059,25.025711,502.92
          121.160179,25.028915,472.44
          121.164223,25.03207,441.96
          121.168159,25.035141,419.1
          121.171974,25.038162,396.24
          121.1763,25.041595,365.76
          121.180237,25.044731,342.9
          121.18795,25.050842,289.56
          121.19677,25.05772,220.98
          121.207581,25.066269,160.02
          121.211487,25.069357,129.54
          121.214905,25.072083,106.68
          121.227562,25.082008,0
          121.230797,25.084557,0
          121.23159,25.085171,0
          121.235023,25.087086,0
          121.235725,25.087198,0
          121.236252,25.087269,0
          121.23658,25.087105,0
          121.236687,25.086769,0
          121.236458,25.086456,0
          121.236183,25.086229,0
          121.235451,25.085661,0
          121.234375,25.084801,0
          121.234024,25.084522,0
          121.23365,25.084236,0
          121.232704,25.083492,0
          121.232407,25.083254,0
          121.232056,25.082985,0
          121.231735,25.082729,0
          121.231384,25.082451,0
          121.231071,25.082207,0
          121.230698,25.081915,0
          121.229996,25.081364,0
          121.229698,25.081141,0
        </coordinates>
      </LineString>
    </Placemark>
<Placemark>
      <name>WS1029-2025-01-27</name>
      <TimeStamp>
        <when>2025-01-27</when>
      </TimeStamp>
      <LineString>
        <altitudeMode>absolute</altitudeMode>
        <coordinates>
          -84.418358,33.639858,0
          -84.418129,33.639759,0
          -84.417908,33.639565,0
          -84.417816,33.639309,0
          -84.417839,33.639038,0
          -84.417709,33.638832,0
          -84.417473,33.638809,0
          -84.417442,33.638554,0
          -84.417442,33.638317,0
          -84.417442,33.638042,0
          -84.417442,33.637833,0
          -84.417442,33.63763,0
          -84.417458,33.637402,0
          -84.417458,33.637146,0
          -84.417488,33.636936,0
          -84.417557,33.636715,0
          -84.417686,33.636482,0
          -84.417831,33.636211,0
          -84.417931,33.635994,0
          -84.418388,33.635792,0
          -84.418671,33.635818,0
          -84.41893,33.635818,0
          -84.419144,33.635811,0
          -84.419418,33.635811,0
          -84.419662,33.635799,0
          -84.419868,33.635811,0
          -84.420082,33.635811,0
          -84.420364,33.635811,0
          -84.420692,33.635807,0
          -84.421272,33.635811,0
          -84.421677,33.63583,0
          -84.421936,33.635818,0
          -84.42215,33.635887,0
          -84.422295,33.636097,0
          -84.422333,33.63633,0
          -84.422333,33.636566,0
          -84.422333,33.636833,0
          -84.422333,33.63707,0
          -84.422333,33.637287,0
          -84.422333,33.637665,0
          -84.422249,33.638,0
          -84.422287,33.638439,0
          -84.422417,33.638672,0
          -84.422432,33.63905,0
          -84.422462,33.639469,0
          -84.422447,33.639702,0
          -84.422409,33.640102,0
          -84.422394,33.64032,0
          -84.422401,33.640709,0
          -84.422401,33.640961,0
          -84.422401,33.641178,306.6288
          -84.422401,33.641472,0
          -84.422401,33.641918,306.6288
          -84.42231,33.642185,0
          -84.42205,33.64246,0
          -84.421776,33.642685,0
          -84.421577,33.642918,0
          -84.421494,33.643127,0
          -84.421471,33.643559,0
          -84.421455,33.643776,0
          -84.421471,33.643982,0
          -84.421463,33.644192,0
          -84.421463,33.644428,0
          -84.421471,33.644657,0
          -84.421463,33.644955,0
          -84.421417,33.64521,0
          -84.421204,33.645401,0
          -84.420982,33.645439,0
          -84.420738,33.645432,0
          -84.420502,33.645439,0
          -84.42012,33.645432,0
          -84.419876,33.645432,0
          -84.419647,33.645424,0
          -84.419243,33.645424,0
          -84.418571,33.645409,0
          -84.417801,33.645451,0
          -84.417519,33.645378,0
          -84.416672,33.645424,0
          -84.415756,33.645432,0
          -84.414642,33.64542,0
          -84.414398,33.64547,0
          -84.414146,33.645458,0
          -84.413925,33.64542,0
          -84.413094,33.645432,0
          -84.412209,33.645424,0
          -84.411629,33.645435,0
          -84.411278,33.645424,0
          -84.411003,33.645432,0
          -84.41008,33.645432,0
          -84.409248,33.645432,0
          -84.408577,33.645443,0
          -84.40831,33.645493,0
          -84.408043,33.645573,0
          -84.407471,33.645687,0
          -84.406784,33.64571,0
          -84.405937,33.645721,0
          -84.405739,33.645931,0
          -84.405685,33.646175,0
          -84.405685,33.646385,0
          -84.405701,33.646641,0
          -84.405945,33.646782,0
          -84.406189,33.646793,0
          -84.406403,33.646805,0
          -84.406799,33.646809,0
          -84.407516,33.64682,0
          -84.407913,33.646778,0
          -84.408371,33.646778,0
          -84.408974,33.646801,0
          -84.409332,33.64677,0
          -84.410233,33.646797,0
          -84.410652,33.646809,0
          -84.411087,33.646809,0
          -84.414253,33.646793,236.22
          -84.420448,33.646805,316.0776
          -84.426308,33.646812,312.42
          -84.433167,33.646828,340.7664
          -84.440865,33.646912,373.38
          -84.44664,33.647072,487.68
          -84.45385,33.647305,640.08
          -84.459343,33.647633,708.66
          -84.461212,33.647827,723.9
          -84.463234,33.648098,739.14
          -84.465012,33.648422,754.38
          -84.466949,33.64875,762
          -84.469185,33.649261,769.62
          -84.471184,33.649796,777.24
          -84.472755,33.650253,784.86
          -84.474831,33.650894,800.1
          -84.477242,33.651764,807.72
          -84.479256,33.652542,830.58
          -84.481087,33.653263,845.82
          -84.483093,33.654057,868.68
          -84.485252,33.654922,891.54
          -84.48732,33.655731,922.02
          -84.489441,33.65657,952.5
          -84.491364,33.657394,990.6
          -84.493439,33.658264,1028.7
          -84.495514,33.659088,1059.18
          -84.49736,33.659866,1089.66
          -84.499771,33.660873,1127.76
          -84.501572,33.661644,1158.24
          -84.503632,33.662483,1188.72
          -84.510269,33.665134,1295.4
          -84.518494,33.668243,1363.98
          -84.527954,33.671791,1409.7
          -84.535278,33.674587,1440.18
          -84.54557,33.678635,1546.86
          -84.560257,33.685089,1722.12
          -84.562439,33.686462,1744.98
          -84.564232,33.687698,1767.84
          -84.566917,33.689808,1813.56
          -84.568718,33.691452,1844.04
          -84.57058,33.693298,1874.52
          -84.572296,33.695255,1905
          -84.573654,33.696991,1935.48
          -84.57589,33.700195,1981.2
          -84.576874,33.701866,2004.06
          -84.578308,33.704613,2034.54
          -84.579315,33.70697,2065.02
          -84.580208,33.709442,2095.5
          -84.580994,33.712189,2125.98
          -84.581566,33.715084,2156.46
          -84.581909,33.717598,2179.32
          -84.582077,33.72002,2202.18
          -84.582115,33.7229,2232.66
          -84.582077,33.725372,2255.52
          -84.582024,33.72784,2278.38
          -84.581909,33.730961,2316.48
          -84.581848,33.733521,2339.34
          -84.581795,33.735477,2362.2
          -84.581741,33.738361,2392.68
          -84.58168,33.741482,2423.16
          -84.581619,33.744228,2446.02
          -84.581612,33.746521,2468.88
          -84.581566,33.749256,2499.36
          -84.581497,33.751923,2529.84
          -84.581444,33.754852,2560.32
          -84.581276,33.770782,2712.72
          -84.581047,33.788864,2887.98
          -84.580826,33.80928,2979.42
          -84.580879,33.830257,3101.34
          -84.582993,33.848179,3162.3
          -84.583572,33.851112,3177.54
          -84.584259,33.854324,3185.16
          -84.58503,33.857483,3192.78
          -84.5858,33.860374,3208.02
          -84.586655,33.863388,3215.64
          -84.587608,33.866501,3230.88
          -84.588661,33.869827,3238.5
          -84.589737,33.87291,3246.12
          -84.590805,33.876068,3253.74
          -84.592033,33.879822,3268.98
          -84.593063,33.882954,3284.22
          -84.599472,33.902832,3436.62
          -84.605766,33.922806,3672.84
          -84.621109,33.97131,4145.28
          -84.637299,34.020794,4579.62
          -84.653412,34.070709,5013.96
          -84.670227,34.122849,5448.3
          -84.687195,34.174976,5844.54
          -84.70459,34.227905,6111.24
          -84.724152,34.280136,6385.56
          -84.747581,34.336029,6758.94
          -84.771027,34.391911,7010.4
          -84.795113,34.448841,7010.4
          -84.819145,34.505634,7010.4
          -84.84214,34.559555,7010.4
          -84.865891,34.615547,7010.4
          -84.890556,34.673271,7010.4
          -84.914642,34.729458,7018.02
          -84.939621,34.787796,7307.58
          -84.963974,34.845097,7650.48
          -84.988518,34.902542,7962.9
          -85.013924,34.961567,8244.84
          -85.039154,35.020176,8481.06
          -85.064728,35.079346,8717.28
          -85.092361,35.128647,8991.6
          -85.095001,35.132416,9014.46
          -85.097404,35.135696,9044.94
          -85.099762,35.138855,9067.8
          -85.10273,35.142792,9098.28
          -85.104614,35.145172,9121.14
          -85.107712,35.148987,9144
          -85.144562,35.195026,9418.32
          -85.185242,35.245163,9631.68
          -85.222664,35.291199,9829.8
          -85.262787,35.340828,10027.92
          -85.300659,35.387329,10233.66
          -85.341034,35.436913,10507.98
          -85.380539,35.485561,10820.4
          -85.418304,35.531708,11087.1
          -85.45475,35.576157,11292.84
          -85.49128,35.620747,11559.54
          -85.525421,35.662491,11582.4
          -85.562927,35.708221,11582.4
          -85.599159,35.752071,11582.4
          -85.636368,35.797211,11582.4
          -85.672966,35.841686,11582.4
          -85.709839,35.886566,11582.4
          -85.747665,35.932434,11582.4
          -85.78318,35.975243,11582.4
          -85.820404,36.020027,11582.4
          -85.858383,36.06546,11582.4
          -85.899292,36.106987,11582.4
          -85.941238,36.149506,11582.4
          -85.982391,36.190968,11582.4
          -86.024261,36.233002,11582.4
          -86.065605,36.274342,11582.4
          -86.107918,36.316845,11582.4
          -86.149818,36.358879,11582.4
          -86.193924,36.402786,11582.4
          -86.236267,36.445221,11582.4
          -86.278091,36.486946,11582.4
          -86.320786,36.529404,11582.4
          -86.364151,36.572433,11582.4
          -86.408218,36.616196,11582.4
          -86.45118,36.658772,11582.4
          -86.495476,36.702484,11582.4
          -86.539421,36.745926,11582.4
          -86.585823,36.791908,11582.4
          -86.629654,36.835236,11582.4
          -86.672951,36.877899,11582.4
          -86.716698,36.920811,11582.4
          -86.761185,36.96434,11582.4
          -86.805725,37.008053,11582.4
          -86.850372,37.051529,11582.4
          -86.895523,37.095245,11582.4
          -86.940071,37.138771,11582.4
          -86.986465,37.184017,11582.4
          -87.031998,37.228134,11582.4
          -87.077286,37.271942,11582.4
          -87.121933,37.315521,11582.4
          -87.167198,37.35915,11582.4
          -87.211983,37.402451,11582.4
          -87.256866,37.44603,11582.4
          -87.302559,37.490101,11582.4
          -87.347679,37.532959,11582.4
          -87.392441,37.575851,11582.4
          -87.437737,37.619377,11582.4
          -87.482697,37.662296,11582.4
          -87.528252,37.705399,11582.4
          -87.5728,37.748184,11582.4
          -87.617516,37.791012,11582.4
          -87.662308,37.833664,11582.4
          -87.707382,37.876484,11582.4
          -87.752129,37.918716,11582.4
          -87.795807,37.962559,11582.4
          -87.839455,38.007854,11582.4
          -87.8834,38.053055,11582.4
          -87.926743,38.097519,11582.4
          -87.9701,38.141926,11582.4
          -88.012993,38.185822,11582.4
          -88.057274,38.231632,11582.4
          -88.101875,38.277237,11582.4
          -88.146698,38.322784,11582.4
          -88.191292,38.367966,11582.4
          -88.236511,38.41407,11582.4
          -88.281059,38.459381,11582.4
          -88.324287,38.503281,11582.4
          -88.370483,38.549908,11582.4
          -88.416809,38.596508,11582.4
          -88.463196,38.642826,11582.4
          -88.509216,38.689472,11582.4
          -88.555298,38.73587,11582.4
          -88.602882,38.783707,11582.4
          -88.649635,38.830536,11582.4
          -88.695671,38.876678,11582.4
          -88.742126,38.922932,11582.4
          -88.787537,38.968182,11582.4
          -88.835152,39.015335,11582.4
          -88.882324,39.062214,11582.4
          -88.926323,39.105881,11582.4
          -88.9729,39.152016,11582.4
          -89.019531,39.198288,11582.4
          -89.064758,39.242886,11582.4
          -89.111183,39.288025,11582.4
          -89.157394,39.333481,11582.4
          -89.203255,39.378433,11582.4
          -89.249756,39.424252,11582.4
          -89.296387,39.469826,11582.4
          -89.344162,39.516586,11582.4
          -89.390747,39.562,11582.4
          -89.438263,39.608185,11582.4
          -89.485901,39.654408,11582.4
          -89.533569,39.700169,11582.4
          -89.581268,39.746429,11582.4
          -89.629272,39.79303,11582.4
          -89.678284,39.83894,11582.4
          -89.73394,39.880142,11582.4
          -89.789612,39.920547,11582.4
          -89.845253,39.960442,11582.4
          -89.902222,40.00145,11582.4
          -89.958992,40.042233,11582.4
          -90.014732,40.081802,11590.02
          -90.072815,40.123215,11582.4
          -90.130676,40.164597,11582.4
          -90.188263,40.205772,11582.4
          -90.244385,40.245525,11582.4
          -90.301872,40.286213,11582.4
          -90.360176,40.327412,11582.4
          -90.418457,40.368484,11582.4
          -90.475342,40.40831,11582.4
          -90.532776,40.448868,11582.4
          -90.591141,40.490021,11582.4
          -90.649536,40.530716,11582.4
          -90.707336,40.571274,11582.4
          -90.765747,40.612518,11582.4
          -90.826035,40.654488,11582.4
          -90.884895,40.695175,11582.4
          -90.942322,40.736252,11582.4
          -90.999443,40.78046,11582.4
          -91.055435,40.824032,11582.4
          -91.110596,40.867081,11582.4
          -91.164307,40.909103,11582.4
          -91.221107,40.952934,11582.4
          -91.274605,40.99432,11582.4
          -91.329163,41.036636,11582.4
          -91.385498,41.079758,11582.4
          -91.440895,41.122246,11582.4
          -91.495949,41.16433,11582.4
          -91.551636,41.206879,11582.4
          -91.607971,41.249771,11582.4
          -91.664307,41.292618,11582.4
          -91.720215,41.335098,11582.4
          -91.777161,41.37833,11582.4
          -91.831909,41.419949,11582.4
          -91.884987,41.460121,11582.4
          -91.943085,41.503647,11582.4
          -91.999321,41.54615,11582.4
          -92.056938,41.589722,11582.4
          -92.112808,41.631546,11582.4
          -92.168968,41.673702,11582.4
          -92.22467,41.715134,11582.4
          -92.280815,41.756798,11582.4
          -92.334656,41.796928,11582.4
          -92.388588,41.837357,11582.4
          -92.443695,41.878578,11582.4
          -92.497665,41.918335,11582.4
          -92.553322,41.959122,11582.4
          -92.607399,41.998825,11582.4
          -92.660606,42.037975,11582.4
          -92.715935,42.078644,11582.4
          -92.768494,42.117344,11582.4
          -92.823547,42.157612,11582.4
          -92.877716,42.197136,11590.02
          -92.934662,42.238586,11582.4
          -92.989594,42.278595,11582.4
          -93.044617,42.318451,11582.4
          -93.1007,42.359207,11582.4
          -93.157822,42.400589,11582.4
          -93.214874,42.44165,11582.4
          -93.272552,42.48317,11582.4
          -93.3302,42.524677,11582.4
          -93.387474,42.56575,11582.4
          -93.447083,42.608414,11582.4
          -93.505135,42.649887,11582.4
          -93.562004,42.690353,11582.4
          -93.618401,42.730484,11582.4
          -93.677734,42.772751,11582.4
          -93.735733,42.813766,11582.4
          -93.793747,42.854595,11582.4
          -93.851219,42.895203,11582.4
          -93.910172,42.936768,11582.4
          -93.967506,42.977352,11582.4
          -94.027931,43.017059,11582.4
          -94.09182,43.05621,11582.4
          -94.151169,43.092361,11582.4
          -94.21479,43.130951,11582.4
          -94.278648,43.169521,11582.4
          -94.342804,43.208622,11582.4
          -94.405128,43.24633,11582.4
          -94.470451,43.286133,11582.4
          -94.534218,43.324352,11582.4
          -94.598305,43.362617,11506.2
          -94.658333,43.398464,11361.42
          -94.7201,43.435913,11193.78
          -94.782455,43.473042,11049
          -94.844971,43.510235,10972.8
          -94.90361,43.545044,10972.8
          -94.964516,43.581089,10972.8
          -95.024742,43.616745,10972.8
          -95.085327,43.652573,10972.8
          -95.146133,43.68837,10972.8
          -95.204521,43.722702,10972.8
          -95.262001,43.756302,10972.8
          -95.324409,43.792923,10972.8
          -95.381897,43.826706,10972.8
          -95.443214,43.862411,10972.8
          -95.505173,43.898529,10972.8
          -95.567253,43.934559,10972.8
          -95.628197,43.969757,10972.8
          -95.688622,44.004822,10972.8
          -95.752327,44.041584,10972.8
          -95.812279,44.076141,10972.8
          -95.874939,44.112167,10972.8
          -95.938873,44.148972,10972.8
          -95.998337,44.187618,10972.8
          -96.053734,44.225185,10972.8
          -96.110611,44.263775,10972.8
          -96.165138,44.300739,10972.8
          -96.220673,44.33812,10972.8
          -96.280777,44.37854,10972.8
          -96.337021,44.416351,10972.8
          -96.391953,44.453156,10972.8
          -96.449776,44.491882,10972.8
          -96.508812,44.531387,10972.8
          -96.563156,44.567688,10972.8
          -96.621674,44.606586,10972.8
          -96.674934,44.641872,10980.42
          -96.731537,44.679581,10972.8
          -96.789352,44.717892,10972.8
          -96.843956,44.753677,10972.8
          -96.899147,44.789677,10972.8
          -96.95401,44.825802,10972.8
          -97.010979,44.863403,10972.8
          -97.068787,44.901443,10972.8
          -97.125221,44.938202,10972.8
          -97.179955,44.973816,10972.8
          -97.236,45.010117,10972.8
          -97.294853,45.048386,10972.8
          -97.349922,45.084122,10972.8
          -97.409073,45.122387,10972.8
          -97.464424,45.158066,10972.8
          -97.51947,45.193565,10972.8
          -97.578285,45.231365,10980.42
          -97.637657,45.269485,10965.18
          -97.696182,45.306839,10980.42
          -97.754448,45.344009,10972.8
          -97.809517,45.379074,10972.8
          -97.864769,45.414276,10972.8
          -97.924736,45.452362,10972.8
          -97.981239,45.488159,10972.8
          -98.03199,45.527069,10972.8
          -98.08326,45.570282,10972.8
          -98.131874,45.61137,10972.8
          -98.181107,45.652664,10972.8
          -98.230682,45.694,11071.86
          -98.283005,45.737621,11247.12
          -98.333199,45.779705,11437.62
          -98.377342,45.816788,11582.4
          -98.421158,45.8535,11582.4
          -98.501007,45.919464,11582.4
          -98.551315,45.960983,11582.4
          -98.601471,46.002224,11582.4
          -98.651596,46.04361,11582.4
          -98.703712,46.086529,11582.4
          -98.75322,46.127243,11582.4
          -98.803329,46.168533,11582.4
          -98.854225,46.209846,11582.4
          -98.902565,46.249321,11582.4
          -98.952965,46.290287,11582.4
          -99.003227,46.330929,11582.4
          -99.05555,46.373657,11582.4
          -99.104645,46.413418,11582.4
          -99.154701,46.453873,11590.02
          -99.208054,46.496887,11582.4
          -99.262009,46.540054,11582.4
          -99.312698,46.580776,11582.4
          -99.363235,46.621506,11582.4
          -99.416451,46.663963,11582.4
          -99.467949,46.70507,11582.4
          -99.52166,46.747833,11582.4
          -99.576591,46.791321,11582.4
          -99.629173,46.833042,11582.4
          -99.68515,46.877357,11582.4
          -99.740273,46.920822,11582.4
          -99.792664,46.961655,11582.4
          -99.844879,47.002911,11582.4
          -99.89621,47.04332,11582.4
          -99.952484,47.087402,11582.4
          -100.003616,47.127205,11582.4
          -100.059082,47.169846,11574.78
          -100.111786,47.210812,11590.02
          -100.163551,47.251499,11582.4
          -100.218178,47.2939,11582.4
          -100.271942,47.335464,11582.4
          -100.328934,47.378952,11582.4
          -100.383179,47.420288,11582.4
          -100.436165,47.460751,11582.4
          -100.488777,47.501205,11582.4
          -100.53997,47.540543,11582.4
          -100.594902,47.582764,11582.4
          -100.646851,47.622437,11582.4
          -100.699173,47.662216,11582.4
          -100.754791,47.703781,11590.02
          -100.806602,47.743416,11582.4
          -100.859001,47.782566,11582.4
          -100.914505,47.824493,11582.4
          -100.967522,47.864407,11582.4
          -101.020622,47.903461,11590.02
          -101.07415,47.943924,11582.4
          -101.128235,47.984745,11582.4
          -101.183731,48.024963,11590.02
          -101.242393,48.059647,11582.4
          -101.307266,48.096542,11582.4
          -101.371902,48.133339,11582.4
          -101.432892,48.167816,11582.4
          -101.498741,48.204483,11582.4
          -101.55928,48.23864,11582.4
          -101.624695,48.275833,11582.4
          -101.687202,48.311188,11582.4
          -101.752838,48.347851,11582.4
          -101.820236,48.385437,11582.4
          -101.884041,48.421005,11582.4
          -101.946579,48.455704,11582.4
          -102.01165,48.491501,11582.4
          -102.075493,48.527031,11582.4
          -102.142502,48.564148,11582.4
          -102.20694,48.599396,11582.4
          -102.269051,48.633545,11582.4
          -102.337433,48.670944,11582.4
          -102.402046,48.706161,11582.4
          -102.468109,48.7421,11582.4
          -102.53186,48.778133,11582.4
          -102.592865,48.815048,11582.4
          -102.65435,48.852127,11582.4
          -102.71907,48.891266,11582.4
          -102.78418,48.9305,11582.4
          -102.849213,48.969131,11582.4
          -102.913635,49.007729,11582.4
          -102.980911,49.047775,11582.4
          -103.045769,49.086182,11582.4
          -103.111389,49.125088,11582.4
          -103.175354,49.16312,11582.4
          -103.239754,49.200966,11582.4
          -103.301193,49.236671,11582.4
          -103.362259,49.27272,11582.4
          -103.427689,49.311172,11582.4
          -103.489799,49.34761,11582.4
          -103.551422,49.383316,11582.4
          -103.614807,49.42012,11590.02
          -103.679932,49.45784,11582.4
          -103.74427,49.494804,11582.4
          -103.811668,49.533817,11590.02
          -103.877808,49.571941,11582.4
          -103.944473,49.610069,11582.4
          -104.008606,49.646843,11582.4
          -104.07399,49.684204,11582.4
          -104.142441,49.723022,11582.4
          -104.208862,49.760834,11582.4
          -104.274132,49.797867,11582.4
          -104.338646,49.834217,11582.4
          -104.403946,49.871017,11582.4
          -104.472702,49.909679,11582.4
          -104.536644,49.945633,11582.4
          -104.605309,49.983856,11582.4
          -104.668556,50.019196,11582.4
          -104.73378,50.055435,11582.4
          -104.800514,50.092628,11582.4
          -104.867172,50.129593,11582.4
          -104.935173,50.166832,11582.4
          -105.004143,50.204773,11582.4
          -105.069756,50.240944,11582.4
          -105.134827,50.27655,11582.4
          -105.204559,50.314682,11582.4
          -105.271355,50.351257,11582.4
          -105.339951,50.388657,11582.4
          -105.41011,50.426456,11582.4
          -105.477806,50.462952,11582.4
          -105.545731,50.49968,11582.4
          -105.613876,50.53627,11582.4
          -105.683945,50.573887,11582.4
          -105.751648,50.610012,11582.4
          -105.822334,50.647476,11582.4
          -105.893402,50.685612,11582.4
          -105.963951,50.72319,11582.4
          -106.031425,50.758804,11582.4
          -106.102318,50.796249,11582.4
          -106.169434,50.831646,11582.4
          -106.233673,50.865395,11582.4
          -106.299133,50.899658,11582.4
          -106.363068,50.932991,11582.4
          -106.431168,50.968094,11582.4
          -106.498947,51.003422,11582.4
          -106.566422,51.038315,11582.4
          -106.632484,51.072235,11582.4
          -106.697083,51.10593,11582.4
          -106.76445,51.140846,11582.4
          -106.830536,51.174637,11582.4
          -106.894821,51.207321,11582.4
          -106.961479,51.241287,11582.4
          -107.029625,51.276031,11582.4
          -107.097397,51.310226,11582.4
          -107.165527,51.344604,11582.4
          -107.234581,51.37944,11582.4
          -107.303688,51.414597,11582.4
          -107.373093,51.449478,11582.4
          -107.437904,51.481796,11582.4
          -107.502853,51.514297,11582.4
          -107.573303,51.549408,11582.4
          -107.643433,51.584347,11582.4
          -107.708847,51.61702,11582.4
          -107.780479,51.652222,11582.4
          -107.848129,51.685368,11582.4
          -107.917145,51.719147,11582.4
          -107.983803,51.751877,11582.4
          -108.051453,51.784756,11582.4
          -108.11853,51.817749,11582.4
          -108.18573,51.850628,11582.4
          -108.254898,51.884399,11582.4
          -108.322685,51.917244,11582.4
          -108.39119,51.94997,11582.4
          -108.456955,51.981625,11582.4
          -108.527679,52.015915,11582.4
          -108.598404,52.049652,11582.4
          -108.664436,52.081013,11582.4
          -108.731995,52.113098,11582.4
          -108.80294,52.146839,11582.4
          -108.875847,52.181381,11582.4
          -108.945999,52.214527,11582.4
          -109.018555,52.24855,11582.4
          -109.085007,52.27977,11582.4
          -109.155197,52.312729,11582.4
          -109.229134,52.347198,11582.4
          -109.297722,52.379276,11582.4
          -109.371948,52.413712,11582.4
          -109.44519,52.447723,11582.4
          -109.515457,52.475967,11582.4
          -109.520416,52.477478,11582.4
          -109.526939,52.479362,11582.4
          -109.533463,52.481186,11582.4
          -109.539024,52.482666,11582.4
          -109.544991,52.484203,11582.4
          -109.550018,52.485443,11582.4
          -109.555977,52.486809,11582.4
          -109.563141,52.488373,11582.4
          -109.568924,52.489555,11582.4
          -109.574738,52.490707,11582.4
          -109.579994,52.491745,11582.4
          -109.586502,52.49305,11582.4
          -109.59404,52.494507,11582.4
          -109.686951,52.512974,11582.4
          -109.779434,52.531586,11582.4
          -109.864883,52.548386,11582.4
          -109.958038,52.566559,11582.4
          -110.04966,52.584335,11582.4
          -110.138779,52.601486,11582.4
          -110.22438,52.617828,11582.4
          -110.317001,52.635498,11582.4
          -110.407944,52.652893,11582.4
          -110.500175,52.670506,11582.4
          -110.58712,52.687031,11582.4
          -110.67321,52.703186,11582.4
          -110.760002,52.719433,11582.4
          -110.854416,52.736984,11582.4
          -110.942062,52.753181,11330.94
          -111.0289,52.769623,10942.32
          -111.120071,52.786697,10469.88
          -111.20652,52.80225,10104.12
          -111.293488,52.817871,9768.84
          -111.376953,52.832932,9441.18
          -111.462631,52.848312,9105.9
          -111.541992,52.862442,8785.86
          -111.624451,52.877243,8450.58
          -111.72892,52.895866,8023.86
          -111.808472,52.910019,7696.2
          -111.889473,52.924263,7360.92
          -111.968002,52.937988,7025.64
          -112.049789,52.952179,6667.5
          -112.126228,52.965553,6339.84
          -112.200623,52.978455,6019.8
          -112.28157,52.992371,5661.66
          -112.354271,53.004845,5341.62
          -112.431641,53.018005,4983.48
          -112.502289,53.030045,4663.44
          -112.576981,53.042084,4320.54
          -112.646042,53.052559,4015.74
          -112.721848,53.064011,3680.46
          -112.790825,53.07486,3375.66
          -112.819366,53.079437,3253.74
          -112.848427,53.083981,3139.44
          -112.876907,53.088219,3101.34
          -112.903519,53.092163,3070.86
          -112.929436,53.096085,3032.76
          -112.955223,53.100082,2948.94
          -112.979767,53.103909,2865.12
          -113.004318,53.107723,2781.3
          -113.02813,53.111343,2697.48
          -113.051338,53.114941,2590.8
          -113.074921,53.118477,2491.74
          -113.098915,53.122108,2400.3
          -113.122299,53.125854,2308.86
          -113.146095,53.129791,2217.42
          -113.169518,53.133701,2171.7
          -113.191978,53.137379,2133.6
          -113.212654,53.140682,2095.5
          -113.232475,53.143753,2065.02
          -113.252327,53.146866,2042.16
          -113.275398,53.150528,2011.68
          -113.293449,53.153366,1973.58
          -113.310966,53.156231,1905
          -113.329147,53.159164,1844.04
          -113.346436,53.161957,1783.08
          -113.354675,53.163818,1752.6
          -113.357582,53.164749,1744.98
          -113.359917,53.165588,1729.74
          -113.362183,53.166519,1722.12
          -113.364388,53.167465,1714.5
          -113.366386,53.168476,1706.88
          -113.368889,53.169872,1691.64
          -113.370506,53.170849,1684.02
          -113.372925,53.172337,1668.78
          -113.374947,53.173595,1661.16
          -113.377373,53.175037,1645.92
          -113.379311,53.17625,1638.3
          -113.381004,53.177273,1630.68
          -113.383377,53.17868,1623.06
          -113.385124,53.179787,1623.06
          -113.387306,53.181107,1607.82
          -113.38903,53.182114,1600.2
          -113.401115,53.189438,1539.24
          -113.412254,53.196167,1478.28
          -113.418144,53.199692,1447.8
          -113.424789,53.203667,1417.32
          -113.430542,53.207108,1394.46
          -113.437447,53.211273,1356.36
          -113.4431,53.214569,1325.88
          -113.449432,53.21833,1287.78
          -113.454353,53.221218,1264.92
          -113.458557,53.223778,1242.06
          -113.463326,53.226711,1219.2
          -113.469139,53.230389,1188.72
          -113.4748,53.233978,1165.86
          -113.480453,53.237411,1135.38
          -113.484451,53.239883,1127.76
          -113.489899,53.243145,1104.9
          -113.493874,53.24556,1074.42
          -113.499672,53.248962,1043.94
          -113.50399,53.251511,1021.08
          -113.508156,53.253944,1005.84
          -113.513878,53.25737,975.36
          -113.520035,53.261066,944.88
          -113.524635,53.263779,922.02
          -113.530373,53.267258,891.54
          -113.535385,53.270187,868.68
          -113.541603,53.273823,838.2
          -113.547859,53.277603,807.72
          -113.55291,53.280666,784.86
          -113.559944,53.284836,746.76
          -113.567322,53.289322,708.66
          -113.573029,53.292721,708.66
          -113.577446,53.295364,0
          -113.582642,53.298473,0
          -113.584663,53.299679,0
          -113.5867,53.30088,0
          -113.588394,53.301899,0
          -113.590027,53.302883,0
        </coordinates>
      </LineString>
    </Placemark>
  </Document>
</kml>